transaction_id,amount,failure_reason,action,success_probability,expected_revenue,recovered_amount,success
TXN_000001,2971.18,authentication_failed,customer_followup,0.7035892433755588,2090.490288132593,2971.18,1
TXN_000002,1574.57,network_error,retry,0.8666875219727277,1364.6601714725978,0.0,0
TXN_000003,3455.38,insufficient_funds,retry_later,0.7187248557430816,2483.4674920375296,0.0,0
TXN_000004,8291.86,limit_exceeded,alternate_payment,0.698965863683957,5795.727086446456,8291.86,1
TXN_000005,1430.6,card_expired,customer_followup,0.46003645674246935,658.1281550157767,1430.6,1
TXN_000006,1430.62,card_expired,customer_followup,0.30058802228008824,430.0272364343398,1430.62,1
TXN_000007,8771.06,card_expired,customer_followup,0.3561725603912878,3124.0108975456087,8771.06,1
TXN_000008,3894.94,network_error,retry,0.6298492102774127,2453.224883077906,3894.94,1
TXN_000009,1130.62,bank_decline,alternate_payment,0.7418561482860305,838.7573983751518,1130.62,1
TXN_000010,3110.57,authentication_failed,customer_followup,0.3209582106558829,998.3629813198698,0.0,0
TXN_000011,1137.49,insufficient_funds,retry_later,0.7197448999549811,818.7026262497915,1137.49,1
TXN_000012,1134.87,insufficient_funds,retry_later,0.3565927872535426,404.68645647042786,0.0,0
TXN_000013,2302.99,card_expired,customer_followup,0.6924915639545267,1594.8011468716354,2302.99,1
TXN_000014,266.86,limit_exceeded,alternate_payment,0.2459801853619517,65.64227226569044,266.86,1
TXN_000015,322.17,card_expired,customer_followup,0.5070567663164746,163.3584784041786,322.17,1
TXN_000016,1030.41,limit_exceeded,alternate_payment,0.7798272995929729,803.5418477735952,1030.41,1
TXN_000017,656.66,insufficient_funds,retry_later,0.38183241951546004,250.734076599022,656.66,1
TXN_000018,2475.62,authentication_failed,customer_followup,0.25809675346628586,638.9494848162066,2475.62,1
TXN_000019,729.22,insufficient_funds,retry_later,0.27613397925222877,201.36242035031026,729.22,1
TXN_000020,440.41,card_expired,customer_followup,0.37509630967021146,165.19616574185784,440.41,1
TXN_000021,7829.46,card_expired,customer_followup,0.6677931294622425,5228.4595953994485,7829.46,1
TXN_000022,1442.63,network_error,retry,0.8592510593925433,1239.5813558114648,1442.63,1
TXN_000023,1934.35,card_expired,customer_followup,0.3653021247015577,706.6221649164581,1934.35,1
TXN_000024,434.96,network_error,retry_later,0.5861275175238441,254.9420250221712,434.96,1
TXN_000025,1049.03,authentication_failed,customer_followup,0.717328265028542,752.4988698628914,1049.03,1
TXN_000026,2020.14,card_expired,customer_followup,0.8091594252354797,1634.615321295202,2020.14,1
TXN_000027,571.92,card_expired,customer_followup,0.5048859127133121,288.7543511989974,571.92,1
TXN_000028,2632.52,insufficient_funds,retry_later,0.572928951239229,1508.2469227162953,2632.52,1
TXN_000029,991.64,card_expired,customer_followup,0.36886349785427014,365.77979901220846,991.64,1
TXN_000030,1350.6,authentication_failed,customer_followup,0.28374783272345516,383.2298228762985,1350.6,1
TXN_000031,990.58,limit_exceeded,alternate_payment,0.3709781024705026,367.4834887452305,990.58,1
TXN_000032,11525.05,bank_decline,alternate_payment,0.48256156445440523,5561.546158415243,11525.05,1
TXN_000033,1783.8,insufficient_funds,retry_later,0.7626909681737711,1360.4881490283728,1783.8,1
TXN_000034,627.84,authentication_failed,customer_followup,0.20126788061222364,126.3640261635785,0.0,0
TXN_000035,4115.62,network_error,retry_later,0.4623849362144791,1903.0006911830346,0.0,0
TXN_000036,533.34,insufficient_funds,retry_later,0.594350413186731,316.99084936901113,0.0,0
TXN_000037,2228.01,card_expired,customer_followup,0.44160268038608375,983.8951879269986,2228.01,1
TXN_000038,254.76,insufficient_funds,retry_later,0.6481737783139663,165.12875176326605,254.76,1
TXN_000039,479.05,network_error,retry,0.6276965461447386,300.698030430637,479.05,1
TXN_000040,2201.43,limit_exceeded,alternate_payment,0.33212577492873335,731.1516447013614,2201.43,1
TXN_000041,3783.73,bank_decline,alternate_payment,0.6214324960812112,2351.3327783973614,3783.73,1
TXN_000042,2146.02,limit_exceeded,alternate_payment,0.8367453432157642,1795.6722414478943,2146.02,1
TXN_000043,1610.58,card_expired,customer_followup,0.3276660912088204,527.732453179102,1610.58,1
TXN_000044,1337.95,authentication_failed,customer_followup,0.3260014386973228,436.17362490508305,0.0,0
TXN_000045,412.19,bank_decline,alternate_payment,0.5154083404345577,212.44616384372034,412.19,1
TXN_000046,880.21,limit_exceeded,alternate_payment,0.5352595116180499,471.1407747213237,880.21,1
TXN_000047,1140.66,network_error,retry_later,0.6203702537420444,707.6315336334004,1140.66,1
TXN_000048,5203.68,bank_decline,alternate_payment,0.4740084744421388,2466.5884182850687,5203.68,1
TXN_000049,2549.41,authentication_failed,customer_followup,0.675443845860376,1721.983295074901,2549.41,1
TXN_000050,310.12,authentication_failed,customer_followup,0.2900388382498418,89.94684451804093,310.12,1
TXN_000051,2500.09,insufficient_funds,retry_later,0.7922382416119098,1980.6669054715196,0.0,0
TXN_000052,1230.18,bank_decline,alternate_payment,0.44987483954670776,553.427030113569,1230.18,1
TXN_000053,918.81,insufficient_funds,retry_later,0.3896182001341964,357.98509846530095,0.0,0
TXN_000054,3333.16,card_expired,customer_followup,0.46899535528002845,1563.2365584051795,0.0,0
TXN_000055,5069.51,network_error,retry,0.8195904411309071,4154.921937217545,5069.51,1
TXN_000056,4588.37,card_expired,customer_followup,0.6777561057916806,3109.7957831313734,0.0,0
TXN_000057,781.16,authentication_failed,customer_followup,0.26612340686037017,207.88496050304676,781.16,1
TXN_000058,1327.15,authentication_failed,customer_followup,0.6987694781056837,927.3719128679581,1327.15,1
TXN_000059,2518.11,authentication_failed,customer_followup,0.4489576959392053,1130.5248637214725,2518.11,1
TXN_000060,4796.04,authentication_failed,customer_followup,0.30484630454361056,1462.055070443338,4796.04,1
TXN_000061,1119.71,bank_decline,alternate_payment,0.785907821053777,879.9888463121247,1119.71,1
TXN_000062,1501.68,bank_decline,alternate_payment,0.5846204530101944,877.9128418763487,1501.68,1
TXN_000063,598.04,authentication_failed,customer_followup,0.3436289275257939,205.50384381752576,0.0,0
TXN_000064,546.64,limit_exceeded,alternate_payment,0.31868740633004694,174.20728379625686,546.64,1
TXN_000065,4074.59,card_expired,customer_followup,0.3140576549705842,1279.6561803665927,4074.59,1
TXN_000066,7018.05,network_error,retry,0.7483397104327041,5251.885504802239,7018.05,1
TXN_000067,1682.42,network_error,retry,0.8321906263751937,1400.0941536261535,1682.42,1
TXN_000068,4932.16,limit_exceeded,alternate_payment,0.4955623237134718,2444.192670526637,0.0,0
TXN_000069,2595.76,card_expired,customer_followup,0.37429014113499476,971.5673767525741,2595.76,1
TXN_000070,948.5,card_expired,customer_followup,0.3545181925456028,336.2605056295042,0.0,0
TXN_000071,2595.14,card_expired,customer_followup,0.7311727522441925,1897.4956562589937,2595.14,1
TXN_000072,8417.23,limit_exceeded,alternate_payment,0.7960044226313526,6700.1523063053,8417.23,1
TXN_000073,1744.41,network_error,retry,0.8660754211193218,1510.7906253547562,1744.41,1
TXN_000074,8644.2,network_error,retry_later,0.5707120704961945,4933.349279783205,0.0,0
TXN_000075,131.66,authentication_failed,customer_followup,0.33953906869368466,44.70371378421052,0.0,0
TXN_000076,4112.98,authentication_failed,customer_followup,0.5689749727600957,2340.182683462818,4112.98,1
TXN_000077,1972.48,card_expired,customer_followup,0.32162190982020306,634.3927846821541,0.0,0
TXN_000078,1340.76,bank_decline,alternate_payment,0.4063035540481402,544.7555531255845,1340.76,1
TXN_000079,1981.8,limit_exceeded,alternate_payment,0.44668012797802303,885.230677626846,1981.8,1
TXN_000080,247.75,bank_decline,alternate_payment,0.5011954505033835,124.17117286221327,247.75,1
TXN_000081,1451.46,insufficient_funds,retry_later,0.31871661490155134,462.6044178650057,0.0,0
TXN_000082,2584.05,network_error,retry,0.7787341397676713,2012.2879538666512,2584.05,1
TXN_000083,7925.92,bank_decline,alternate_payment,0.43493629685774365,3447.2702939907276,7925.92,1
TXN_000084,1076.78,insufficient_funds,retry_later,0.732700375918788,788.9571107818325,1076.78,1
TXN_000085,805.53,network_error,retry_later,0.6744650170370067,543.30180517382,805.53,1
TXN_000086,1094.71,card_expired,customer_followup,0.3152330069509335,345.0887250392564,1094.71,1
TXN_000087,4516.09,card_expired,customer_followup,0.39696255864200775,1792.718641457585,0.0,0
TXN_000088,2511.79,authentication_failed,customer_followup,0.4184133448354185,1050.9664554241558,2511.79,1
TXN_000089,1064.48,insufficient_funds,retry_later,0.609969325409975,649.3001475124101,0.0,0
TXN_000090,3020.77,insufficient_funds,retry_later,0.40978701349055313,1237.8723167418582,3020.77,1
TXN_000091,1992.36,insufficient_funds,retry_later,0.5847557451112115,1165.0439563297734,1992.36,1
TXN_000092,4763.06,insufficient_funds,retry_later,0.6416617103487668,3056.273226093798,0.0,0
TXN_000093,896.01,authentication_failed,customer_followup,0.4429606821162409,396.897200782973,0.0,0
TXN_000094,1302.89,limit_exceeded,alternate_payment,0.353665201226563,460.7868540260767,1302.89,1
TXN_000095,1221.57,authentication_failed,customer_followup,0.24001044033061272,293.18955359466656,0.0,0
TXN_000096,418.42,card_expired,customer_followup,0.24692405543021734,103.31796327311154,418.42,1
TXN_000097,2431.15,card_expired,customer_followup,0.7245343836377094,1761.4517667808173,2431.15,1
TXN_000098,2347.38,bank_decline,alternate_payment,0.42219397968189143,991.0497040256784,2347.38,1
TXN_000099,1817.31,limit_exceeded,alternate_payment,0.3443096884351978,625.7174398901693,1817.31,1
TXN_000100,1429.98,insufficient_funds,retry_later,0.348437884970799,498.2592067505431,1429.98,1
TXN_000101,439.06,insufficient_funds,retry_later,0.7730279164583006,339.40563700018146,439.06,1
TXN_000102,1187.2,insufficient_funds,retry_later,0.7959249019835308,944.9220436348478,1187.2,1
TXN_000103,1283.42,authentication_failed,customer_followup,0.4380462376234031,562.197302290628,1283.42,1
TXN_000104,810.56,limit_exceeded,alternate_payment,0.6000507525316007,486.3771379720142,810.56,1
TXN_000105,1538.73,insufficient_funds,retry_later,0.36080964874385996,555.1886308116397,0.0,0
TXN_000106,2708.23,insufficient_funds,retry_later,0.6499843339403459,1760.3070727072632,2708.23,1
TXN_000107,11922.54,card_expired,customer_followup,0.4253000539955597,5070.656905764221,11922.54,1
TXN_000108,2152.91,bank_decline,alternate_payment,0.3818355988673668,822.0576791575426,0.0,0
TXN_000109,2339.17,limit_exceeded,alternate_payment,0.42910903491376207,1003.7589811992249,2339.17,1
TXN_000110,1678.33,authentication_failed,customer_followup,0.5378377028531627,902.6691518295485,1678.33,1
TXN_000111,265.4,authentication_failed,customer_followup,0.3103060571155007,82.35522755845388,265.4,1
TXN_000112,1760.73,network_error,retry,0.8478046374639442,1492.7550593218905,1760.73,1
TXN_000113,1920.29,insufficient_funds,retry_later,0.5170570339907665,992.8994518021291,0.0,0
TXN_000114,21231.52,insufficient_funds,retry_later,0.6044709815388919,12833.837733962615,0.0,0
TXN_000115,1491.65,insufficient_funds,retry_later,0.24470167061841241,365.0092469779549,0.0,0
TXN_000116,2444.38,bank_decline,alternate_payment,0.8177610536487455,1998.9187643179207,2444.38,1
TXN_000117,1746.36,insufficient_funds,retry_later,0.38653393120750745,675.0273961035426,0.0,0
TXN_000118,561.9,authentication_failed,customer_followup,0.436343871302562,245.1816212849096,561.9,1
TXN_000119,5669.31,limit_exceeded,alternate_payment,0.37980093043647556,2153.2092129328153,0.0,0
TXN_000120,3835.03,card_expired,customer_followup,0.42932665795429437,1646.4806130544575,3835.03,1
TXN_000121,3987.95,card_expired,customer_followup,0.7673267978420053,3060.060903454025,3987.95,1
TXN_000122,728.23,network_error,retry_later,0.45129000514885786,328.6429204495528,0.0,0
TXN_000123,7352.49,bank_decline,alternate_payment,0.5477368265807043,4027.2295400663625,7352.49,1
TXN_000124,445.03,bank_decline,alternate_payment,0.6215789094986301,276.62126209417534,445.03,1
TXN_000125,3251.45,limit_exceeded,alternate_payment,0.4813207302721996,1564.9902884435435,3251.45,1
TXN_000126,16162.61,insufficient_funds,retry_later,0.6085076408537371,9835.07168113902,16162.61,1
TXN_000127,671.47,network_error,retry_later,0.5322534454737595,357.3922210322653,0.0,0
TXN_000128,1026.29,card_expired,customer_followup,0.6197682179996007,636.0619244508101,0.0,0
TXN_000129,1997.5,insufficient_funds,retry_later,0.4542176397865526,907.2997354736389,1997.5,1
TXN_000130,1092.83,bank_decline,alternate_payment,0.685334378604679,748.9539689705514,1092.83,1
TXN_000131,383.5,insufficient_funds,retry_later,0.3499929841258276,134.22230941225487,383.5,1
TXN_000132,1936.36,card_expired,customer_followup,0.4338215409477867,840.0346790296562,1936.36,1
TXN_000133,624.97,network_error,retry,0.7580017916561546,473.72837973134693,624.97,1
TXN_000134,2903.27,limit_exceeded,alternate_payment,0.4471996009542113,1298.341185462333,2903.27,1
TXN_000135,720.95,limit_exceeded,alternate_payment,0.4899714959764424,353.24495002421617,0.0,0
TXN_000136,8517.98,authentication_failed,customer_followup,0.4797305193106264,4086.3349688775293,8517.98,1
TXN_000137,826.13,insufficient_funds,retry_later,0.4281450673762741,353.7034845115613,826.13,1
TXN_000138,1310.2,limit_exceeded,alternate_payment,0.3752999713696217,491.7180224884783,0.0,0
TXN_000139,4078.63,limit_exceeded,alternate_payment,0.7323773993795768,2987.096432431523,4078.63,1
TXN_000140,528.02,bank_decline,alternate_payment,0.3900356179636073,205.94660699714393,0.0,0
TXN_000141,2269.83,network_error,retry,0.7773906038816686,1764.5445144087278,0.0,0
TXN_000142,6681.8,limit_exceeded,alternate_payment,0.6332108100717607,4230.987990737491,6681.8,1
TXN_000143,362.32,insufficient_funds,retry_later,0.3275545880483245,118.67957834166893,362.32,1
TXN_000144,2174.67,bank_decline,alternate_payment,0.6537323235852504,1421.6520721311365,2174.67,1
TXN_000145,2344.63,bank_decline,alternate_payment,0.3402190344281584,797.687754691293,2344.63,1
TXN_000146,3951.39,network_error,retry_later,0.6024381059138351,2380.4679073268685,3951.39,1
TXN_000147,524.82,bank_decline,alternate_payment,0.5294037237646912,277.8416623061853,524.82,1
TXN_000148,482.77,bank_decline,alternate_payment,0.6956204122266743,335.8246664106715,482.77,1
TXN_000149,3047.09,card_expired,customer_followup,0.6754748825497238,2058.232759868438,3047.09,1
TXN_000150,2433.25,authentication_failed,customer_followup,0.3378375209764647,822.0431479159827,2433.25,1
TXN_000151,2322.72,network_error,retry_later,0.6892510913579584,1600.937294918957,0.0,0
TXN_000152,2556.64,card_expired,customer_followup,0.5209773680757842,1331.9515783172728,2556.64,1
TXN_000153,915.96,authentication_failed,customer_followup,0.6264062353737692,573.7630553529576,915.96,1
TXN_000154,2280.74,limit_exceeded,alternate_payment,0.6849866760547534,1562.2765115451182,2280.74,1
TXN_000155,2423.75,insufficient_funds,retry_later,0.6162563253366955,1493.6512685348157,0.0,0
TXN_000156,885.05,card_expired,customer_followup,0.23780270335016676,210.4672826000651,885.05,1
TXN_000157,11681.65,limit_exceeded,alternate_payment,0.7898877728443789,9227.19250164754,11681.65,1
TXN_000158,2903.97,limit_exceeded,alternate_payment,0.5504186521523078,1598.399253290737,2903.97,1
TXN_000159,549.33,limit_exceeded,alternate_payment,0.20551522488531865,112.8956784862521,549.33,1
TXN_000160,3486.15,authentication_failed,customer_followup,0.5612528380863466,1956.6115814947173,3486.15,1
TXN_000161,682.2,bank_decline,alternate_payment,0.23969729328596445,163.52149347968495,682.2,1
TXN_000162,3972.24,limit_exceeded,alternate_payment,0.22588964247706786,897.287873433108,0.0,0
TXN_000163,5759.44,limit_exceeded,alternate_payment,0.5633721920973548,3244.708338053189,5759.44,1
TXN_000164,795.78,network_error,retry,0.9104376898970111,724.5081048662435,795.78,1
TXN_000165,4738.03,card_expired,customer_followup,0.7909385906492166,3747.4907706537074,4738.03,1
TXN_000166,2731.98,insufficient_funds,retry_later,0.47245561748542164,1290.7392978578223,0.0,0
TXN_000167,4113.63,card_expired,customer_followup,0.7237514603333502,2977.2457197710796,4113.63,1
TXN_000168,12049.68,bank_decline,alternate_payment,0.4769832167728206,5747.495127483121,12049.68,1
TXN_000169,1414.61,network_error,retry_later,0.5832724974898811,825.1031076741606,1414.61,1
TXN_000170,850.87,card_expired,customer_followup,0.5090403439462331,433.12715745353137,850.87,1
TXN_000171,742.84,card_expired,customer_followup,0.3324356364194786,246.9464881578455,742.84,1
TXN_000172,799.66,bank_decline,alternate_payment,0.7284642537201275,582.5237251298371,799.66,1
TXN_000173,1673.88,limit_exceeded,alternate_payment,0.7972011680391858,1334.4190911574324,1673.88,1
TXN_000174,2543.13,network_error,retry,0.6169311141693403,1568.9360243774745,2543.13,1
TXN_000175,2384.37,bank_decline,alternate_payment,0.8065736833310875,1923.170093324145,2384.37,1
TXN_000176,4134.75,bank_decline,alternate_payment,0.8329994295457855,3444.2443913144366,4134.75,1
TXN_000177,1831.7,authentication_failed,customer_followup,0.6138798658980501,1124.4437503654583,1831.7,1
TXN_000178,7735.18,authentication_failed,customer_followup,0.4104485559225305,3174.8934608008394,7735.18,1
TXN_000179,1387.62,authentication_failed,customer_followup,0.7439852385430776,1032.3687967071453,0.0,0
TXN_000180,27451.31,authentication_failed,customer_followup,0.40668316759307854,11163.985705379553,27451.31,1
TXN_000181,3380.12,card_expired,customer_followup,0.2874858079505448,971.7365291697954,3380.12,1
TXN_000182,767.27,card_expired,customer_followup,0.3508259529538103,269.17822892287,767.27,1
TXN_000183,619.62,limit_exceeded,alternate_payment,0.2952905078778256,182.9679044912583,0.0,0
TXN_000184,2929.16,limit_exceeded,alternate_payment,0.38650476779098486,1132.1343056226413,0.0,0
TXN_000185,1445.97,bank_decline,alternate_payment,0.706509564777944,1021.5916353819638,1445.97,1
TXN_000186,3692.28,network_error,retry_later,0.4515025217715227,1667.073731086558,0.0,0
TXN_000187,2902.24,authentication_failed,customer_followup,0.6925907332663563,2010.06452971495,0.0,0
TXN_000188,1681.05,bank_decline,alternate_payment,0.6241989199583511,1049.309594395986,1681.05,1
TXN_000189,775.27,limit_exceeded,alternate_payment,0.4689917123972578,363.59520487022206,775.27,1
TXN_000190,397.48,network_error,retry_later,0.39800853430427807,158.20043221526444,397.48,1
TXN_000191,1156.88,bank_decline,alternate_payment,0.4127841491481151,477.54172646647146,1156.88,1
TXN_000192,4257.34,authentication_failed,customer_followup,0.3791008845558341,1613.9613598549347,0.0,0
TXN_000193,2239.69,authentication_failed,customer_followup,0.20582061565476725,460.9743746758257,0.0,0
TXN_000194,520.22,card_expired,customer_followup,0.26699625303895486,138.8967907559251,0.0,0
TXN_000195,2149.91,insufficient_funds,retry_later,0.47596281937945456,1023.2772250120831,2149.91,1
TXN_000196,2657.97,insufficient_funds,retry_later,0.32076572218498706,852.58566659603,2657.97,1
TXN_000197,747.06,authentication_failed,customer_followup,0.3143500083839934,234.83831726334608,0.0,0
TXN_000198,2108.49,bank_decline,alternate_payment,0.5851352882555891,1233.751903934027,0.0,0
TXN_000199,1916.41,card_expired,customer_followup,0.8792444563479109,1684.9928685897,1916.41,1
TXN_000200,576.53,network_error,retry_later,0.42681380006601893,246.07096015206187,0.0,0
TXN_000201,2585.79,bank_decline,alternate_payment,0.6574925732419618,1700.1377209633322,2585.79,1
TXN_000202,3167.77,bank_decline,alternate_payment,0.6708215181056518,2125.0082804095405,3167.77,1
TXN_000203,5340.38,insufficient_funds,retry_later,0.5019137008831634,2680.4098899224286,5340.38,1
TXN_000204,5186.44,card_expired,customer_followup,0.29906128926334025,1551.0634330869582,0.0,0
TXN_000205,455.93,authentication_failed,customer_followup,0.626050087304715,285.4350163048387,455.93,1
TXN_000206,707.81,authentication_failed,customer_followup,0.5762642515976781,407.8855999233525,707.81,1
TXN_000207,3026.12,authentication_failed,customer_followup,0.4983003145465503,1507.9165478556067,3026.12,1
TXN_000208,3022.34,limit_exceeded,alternate_payment,0.5444635885828286,1645.5540823174263,0.0,0
TXN_000209,3026.15,bank_decline,alternate_payment,0.4234565233620379,1281.442958172031,3026.15,1
TXN_000210,85197.85,network_error,retry_later,0.6420632001211594,54702.40421444252,85197.85,1
TXN_000211,3199.95,bank_decline,alternate_payment,0.7187803145606868,2300.0610675784696,3199.95,1
TXN_000212,5628.32,authentication_failed,customer_followup,0.2940000668911736,1654.72645648493,0.0,0
TXN_000213,4693.82,network_error,retry_later,0.6573770450548728,3085.609521619463,0.0,0
TXN_000214,3468.2,insufficient_funds,retry_later,0.7324186705138476,2540.174433076126,3468.2,1
TXN_000215,1319.13,insufficient_funds,retry_later,0.46108301432368215,608.2284366847989,0.0,0
TXN_000216,3862.11,network_error,retry_later,0.6242225264114979,2410.81606147911,3862.11,1
TXN_000217,834.79,card_expired,customer_followup,0.3971766649681236,331.5591081487399,834.79,1
TXN_000218,1426.79,limit_exceeded,alternate_payment,0.40883052067505243,583.315298593958,1426.79,1
TXN_000219,1112.8,insufficient_funds,retry_later,0.35812708443891816,398.52381956362814,0.0,0
TXN_000220,1962.3,bank_decline,alternate_payment,0.6990625374202484,1371.7704171797534,0.0,0
TXN_000221,18300.04,authentication_failed,customer_followup,0.6491602232770949,11879.658052379767,18300.04,1
TXN_000222,279.43,insufficient_funds,retry_later,0.6620112426620888,184.98580153706746,279.43,1
TXN_000223,3591.27,network_error,retry_later,0.5223731089170544,1875.9828748605498,3591.27,1
TXN_000224,360.43,insufficient_funds,retry_later,0.7973664825427644,287.3948013028886,360.43,1
TXN_000225,1127.85,network_error,retry_later,0.47297834247493237,533.4486235603524,1127.85,1
TXN_000226,5371.97,limit_exceeded,alternate_payment,0.38471230845664944,2066.6629796598672,5371.97,1
TXN_000227,1928.08,network_error,retry_later,0.4807815231105287,926.9852390789481,0.0,0
TXN_000228,615.39,card_expired,customer_followup,0.6277762359732946,386.32721785560574,615.39,1
TXN_000229,884.21,limit_exceeded,alternate_payment,0.285281596367541,252.24884032414346,0.0,0
TXN_000230,3567.42,insufficient_funds,retry_later,0.6137200205599476,2189.3970757459683,3567.42,1
TXN_000231,870.99,authentication_failed,customer_followup,0.4788186631973427,417.0462674582535,870.99,1
TXN_000232,2245.0,insufficient_funds,retry_later,0.6705037593238006,1505.2809396819323,2245.0,1
TXN_000233,1892.34,network_error,retry_later,0.38159853355407514,722.1141689857185,0.0,0
TXN_000234,942.37,insufficient_funds,retry_later,0.5143180078269836,484.6778610359145,942.37,1
TXN_000235,15428.07,limit_exceeded,alternate_payment,0.2776884934989624,4284.197515896537,15428.07,1
TXN_000236,3408.13,authentication_failed,customer_followup,0.47599709167682924,1622.259968056552,3408.13,1
TXN_000237,238.62,card_expired,customer_followup,0.38497345528882015,91.86236590101826,238.62,1
TXN_000238,2178.64,card_expired,customer_followup,0.32867248898053353,716.0590313925495,2178.64,1
TXN_000239,932.82,card_expired,customer_followup,0.38567195732679904,359.7625152335847,932.82,1
TXN_000240,4240.49,network_error,retry,0.77360378052717,3280.4590952876592,4240.49,1
TXN_000241,818.5,limit_exceeded,alternate_payment,0.2276761682794307,186.35294373671402,0.0,0
TXN_000242,1612.05,bank_decline,alternate_payment,0.7568242268518167,1220.038494896471,0.0,0
TXN_000243,2995.86,network_error,retry,0.7618458365695733,2282.383467945322,0.0,0
TXN_000244,4297.36,authentication_failed,customer_followup,0.4226723836387653,1816.3753945538842,4297.36,1
TXN_000245,544.41,card_expired,customer_followup,0.6009066250297461,327.1395757324441,544.41,1
TXN_000246,1294.01,network_error,retry,0.8597564678199807,1112.5334669237332,0.0,0
TXN_000247,1124.46,network_error,retry_later,0.5521474770390249,620.867752031302,1124.46,1
TXN_000248,940.74,card_expired,customer_followup,0.6560677925739726,617.1892151860391,0.0,0
TXN_000249,10566.61,limit_exceeded,alternate_payment,0.33532342043908686,3543.2318076458596,0.0,0
TXN_000250,2710.75,insufficient_funds,retry_later,0.29531837886444945,800.5342955068063,0.0,0
TXN_000251,512.41,authentication_failed,customer_followup,0.3001838022853486,153.81718212903544,512.41,1
TXN_000252,4527.21,bank_decline,alternate_payment,0.7362535293799823,3333.17434074435,4527.21,1
TXN_000253,15095.56,bank_decline,alternate_payment,0.2806515512145102,4236.592330451711,0.0,0
TXN_000254,5076.95,limit_exceeded,alternate_payment,0.5985069973011902,3038.5900999482774,5076.95,1
TXN_000255,395.69,authentication_failed,customer_followup,0.3981093317838593,157.5278814935553,395.69,1
TXN_000256,1114.06,network_error,retry,0.6596483425095989,734.8878324562437,1114.06,1
TXN_000257,6418.32,card_expired,customer_followup,0.329260630807238,2113.3000919227115,0.0,0
TXN_000258,890.99,card_expired,customer_followup,0.7502549116638408,668.4696237433656,890.99,1
TXN_000259,2818.1,authentication_failed,customer_followup,0.22473508645663445,633.3259471434416,0.0,0
TXN_000260,3923.09,authentication_failed,customer_followup,0.23202863905095997,910.2692335744306,3923.09,1
TXN_000261,715.56,card_expired,customer_followup,0.5047229485675818,361.1595530770188,715.56,1
TXN_000262,1703.56,card_expired,customer_followup,0.33224695947101496,566.0026302764422,0.0,0
TXN_000263,70.72,authentication_failed,customer_followup,0.49080786471809595,34.70993219286375,70.72,1
TXN_000264,649.12,network_error,retry_later,0.724993407819753,470.60772088395805,649.12,1
TXN_000265,1404.49,bank_decline,alternate_payment,0.41429857138157467,581.8782005197078,0.0,0
TXN_000266,519.16,bank_decline,alternate_payment,0.737346330497755,382.8007209412145,519.16,1
TXN_000267,9250.3,insufficient_funds,retry_later,0.8622713986856576,7976.269119261938,9250.3,1
TXN_000268,432.62,authentication_failed,customer_followup,0.5018699856567258,217.11899319481273,432.62,1
TXN_000269,1164.39,insufficient_funds,retry_later,0.6947505487162651,808.9605914197319,1164.39,1
TXN_000270,2060.58,insufficient_funds,retry_later,0.6409556121023572,1320.740315185875,2060.58,1
TXN_000271,7640.92,limit_exceeded,alternate_payment,0.3768835645009323,2879.7371656664636,0.0,0
TXN_000272,430.15,bank_decline,alternate_payment,0.6883345001978689,296.08708526011327,0.0,0
TXN_000273,5785.81,card_expired,customer_followup,0.8883166834447881,5139.63155024169,5785.81,1
TXN_000274,1826.64,card_expired,customer_followup,0.39936048108861033,729.4878291756992,0.0,0
TXN_000275,677.56,card_expired,customer_followup,0.3879336892969096,262.84835052001404,677.56,1
TXN_000276,2870.1,limit_exceeded,alternate_payment,0.41911712030186843,1202.9080469783926,2870.1,1
TXN_000277,2206.27,authentication_failed,customer_followup,0.3008110576956389,663.6704122621571,0.0,0
TXN_000278,992.06,bank_decline,alternate_payment,0.3016380368298682,299.243030817439,0.0,0
TXN_000279,1938.76,limit_exceeded,alternate_payment,0.6230549499090909,1207.9540146857491,1938.76,1
TXN_000280,1229.9,authentication_failed,customer_followup,0.3399150076270155,418.06146788046635,0.0,0
TXN_000281,2025.39,authentication_failed,customer_followup,0.28051947714786696,568.1613438205183,0.0,0
TXN_000282,3505.65,network_error,retry,0.8295151089831344,2907.989641806725,3505.65,1
TXN_000283,8830.94,card_expired,customer_followup,0.6506247418884838,5745.628058132688,8830.94,1
TXN_000284,524.36,network_error,retry,0.5484181106915996,287.5685205222472,524.36,1
TXN_000285,15260.66,network_error,retry_later,0.5831326694230476,8898.989402957526,0.0,0
TXN_000286,256.7,bank_decline,alternate_payment,0.6444398451330688,165.42770824565878,256.7,1
TXN_000287,1553.42,card_expired,customer_followup,0.6817572363095685,1059.05532602801,1553.42,1
TXN_000288,3256.2,limit_exceeded,alternate_payment,0.32130033859915863,1046.2181625465803,3256.2,1
TXN_000289,2394.65,limit_exceeded,alternate_payment,0.47575824684016566,1139.2744857958028,2394.65,1
TXN_000290,970.0,insufficient_funds,retry_later,0.6257451098513198,606.9727565557802,970.0,1
TXN_000291,1468.33,network_error,retry_later,0.6314699929398396,927.2063347333547,1468.33,1
TXN_000292,1104.34,network_error,retry_later,0.41853278906611613,462.2025002772746,1104.34,1
TXN_000293,1002.88,insufficient_funds,retry_later,0.3570919057321803,358.12033042068896,0.0,0
TXN_000294,4228.5,insufficient_funds,retry_later,0.6226825036718109,2633.012966776252,4228.5,1
TXN_000295,2583.8,bank_decline,alternate_payment,0.6019115964918194,1555.219183015563,2583.8,1
TXN_000296,904.24,network_error,retry,0.5399581476387296,488.25175542084486,904.24,1
TXN_000297,4445.29,network_error,retry_later,0.49656504183721806,2207.375614828567,0.0,0
TXN_000298,2458.48,bank_decline,alternate_payment,0.4531519743659239,1114.0650659391367,2458.48,1
TXN_000299,4075.96,limit_exceeded,alternate_payment,0.6787625185534281,2766.608875123031,4075.96,1
TXN_000300,3393.54,limit_exceeded,alternate_payment,0.5420153020668743,1839.3506081760206,3393.54,1
TXN_000301,789.19,insufficient_funds,retry_later,0.3958084148533042,312.36804291807914,789.19,1
TXN_000302,1032.58,network_error,retry_later,0.3747863725313283,386.99691254839894,0.0,0
TXN_000303,3817.28,insufficient_funds,retry_later,0.4548736027712401,1736.3799063865995,3817.28,1
TXN_000304,3328.81,limit_exceeded,alternate_payment,0.3191090637233558,1062.253442412944,3328.81,1
TXN_000305,1770.64,authentication_failed,customer_followup,0.3275347789775257,579.9461810487661,0.0,0
TXN_000306,2033.12,network_error,retry,0.8107992638250727,1648.4521992680318,0.0,0
TXN_000307,6487.71,authentication_failed,customer_followup,0.21869659876064346,1418.8401107454142,0.0,0
TXN_000308,1000.67,network_error,retry_later,0.5005516102315111,500.88697981036614,1000.67,1
TXN_000309,3124.71,insufficient_funds,retry_later,0.5575759080651638,1742.2630156902978,0.0,0
TXN_000310,1477.06,authentication_failed,customer_followup,0.33423492223975243,493.6850342434487,1477.06,1
TXN_000311,1454.36,bank_decline,alternate_payment,0.36763590117035555,534.6749492261183,1454.36,1
TXN_000312,5425.02,card_expired,customer_followup,0.4434095948932095,2405.5059204875597,5425.02,1
TXN_000313,4127.46,limit_exceeded,alternate_payment,0.5795723594583091,2392.1617307697925,4127.46,1
TXN_000314,4078.6,bank_decline,alternate_payment,0.28240672795845545,1151.8240806513563,0.0,0
TXN_000315,6670.69,bank_decline,alternate_payment,0.5312463401291,3543.7796486357856,0.0,0
TXN_000316,1846.42,authentication_failed,customer_followup,0.36765052914244556,678.8372900191944,1846.42,1
TXN_000317,3575.83,authentication_failed,customer_followup,0.45141778047403425,1614.1932419524658,3575.83,1
TXN_000318,1325.75,bank_decline,alternate_payment,0.7702867679665513,1021.2076826316553,1325.75,1
TXN_000319,2500.3,authentication_failed,customer_followup,0.4993570923675865,1248.5425380466766,2500.3,1
TXN_000320,1587.41,bank_decline,alternate_payment,0.5766734254029412,915.4171622188829,1587.41,1
TXN_000321,1992.2,limit_exceeded,alternate_payment,0.44045497419980484,877.4743996008513,1992.2,1
TXN_000322,3278.55,network_error,retry,0.8458809719029574,2773.2630604324413,3278.55,1
TXN_000323,797.74,card_expired,customer_followup,0.3218503731555778,256.7529166811306,0.0,0
TXN_000324,14652.81,network_error,retry,0.8931760922827081,13087.539576760988,14652.81,1
TXN_000325,661.15,authentication_failed,customer_followup,0.7517526271277812,497.0212494255326,0.0,0
TXN_000326,536.9,bank_decline,alternate_payment,0.33938412574572546,182.21533711287998,0.0,0
TXN_000327,5756.65,network_error,retry_later,0.6641487171929796,3823.271712828966,5756.65,1
TXN_000328,3990.46,bank_decline,alternate_payment,0.6119402384980613,2441.923044116974,3990.46,1
TXN_000329,3374.9,network_error,retry,0.8510357081527975,2872.1604114448764,3374.9,1
TXN_000330,3389.19,insufficient_funds,retry_later,0.8000808997525535,2711.626184632357,3389.19,1
TXN_000331,1786.03,insufficient_funds,retry_later,0.7435363336482707,1327.9781979858208,1786.03,1
TXN_000332,737.12,insufficient_funds,retry_later,0.5767859591274554,425.16046619202996,0.0,0
TXN_000333,1950.43,card_expired,customer_followup,0.3607594509768559,703.6360559687892,1950.43,1
TXN_000334,918.59,network_error,retry,0.8366450638754778,768.5337892253751,918.59,1
TXN_000335,4794.0,limit_exceeded,alternate_payment,0.19838000690818386,951.0337531178334,4794.0,1
TXN_000336,1560.78,authentication_failed,customer_followup,0.5894987113990935,920.0777987774771,1560.78,1
TXN_000337,791.95,network_error,retry,0.8247501852594399,653.1609092162134,791.95,1
TXN_000338,1311.09,limit_exceeded,alternate_payment,0.346577046737587,454.3937002071829,1311.09,1
TXN_000339,2732.39,bank_decline,alternate_payment,0.6497684332717858,1775.4207693874946,2732.39,1
TXN_000340,1028.93,network_error,retry,0.7286861839308912,749.767075232012,1028.93,1
TXN_000341,794.55,network_error,retry,0.8950821366454745,711.1875116716617,794.55,1
TXN_000342,2306.96,insufficient_funds,retry_later,0.3978390289810252,917.7987262980658,2306.96,1
TXN_000343,2309.92,bank_decline,alternate_payment,0.26189350391536725,604.9530425641851,2309.92,1
TXN_000344,1089.05,network_error,retry_later,0.6462106740754583,703.7557346018779,1089.05,1
TXN_000345,1128.86,card_expired,customer_followup,0.6801821176296208,767.8303853073736,1128.86,1
TXN_000346,2280.27,authentication_failed,customer_followup,0.5704163412010864,1300.7032703506013,2280.27,1
TXN_000347,424.93,insufficient_funds,retry_later,0.5285089430154128,224.57930515553937,424.93,1
TXN_000348,442.54,network_error,retry_later,0.6110180122967269,270.39991116179357,442.54,1
TXN_000349,881.44,bank_decline,alternate_payment,0.8436585104153016,743.6343574204635,881.44,1
TXN_000350,1460.53,insufficient_funds,retry_later,0.4216861933867909,615.8853360272097,1460.53,1
TXN_000351,2467.37,insufficient_funds,retry_later,0.6673496586931911,1646.5985273698188,2467.37,1
TXN_000352,7905.83,limit_exceeded,alternate_payment,0.3473011670947028,2745.7039858523144,0.0,0
TXN_000353,4262.71,network_error,retry_later,0.45313856140694303,1931.5982770949902,0.0,0
TXN_000354,1540.81,limit_exceeded,alternate_payment,0.25852007812821337,398.3303215807324,1540.81,1
TXN_000355,1773.99,bank_decline,alternate_payment,0.2634659770815124,467.38600868283226,1773.99,1
TXN_000356,663.46,bank_decline,alternate_payment,0.2767774529241205,183.630768917037,0.0,0
TXN_000357,1774.88,card_expired,customer_followup,0.3410321348407984,605.2911154862363,1774.88,1
TXN_000358,1354.71,insufficient_funds,retry_later,0.2673251519555515,362.1480566057052,0.0,0
TXN_000359,2496.68,card_expired,customer_followup,0.5750220841353884,1435.6461370191414,0.0,0
TXN_000360,790.58,bank_decline,alternate_payment,0.4709133647112675,372.2946878734339,790.58,1
TXN_000361,3039.19,authentication_failed,customer_followup,0.2933550180556729,891.5616373246205,3039.19,1
TXN_000362,8372.76,authentication_failed,customer_followup,0.44301773428110414,3709.2811648794577,8372.76,1
TXN_000363,1621.72,authentication_failed,customer_followup,0.3280636423783009,532.0273701177381,1621.72,1
TXN_000364,2701.9,network_error,retry,0.8309125787423834,2245.042696504046,2701.9,1
TXN_000365,3605.24,network_error,retry_later,0.46413980395393584,1673.3353868068875,0.0,0
TXN_000366,1210.49,bank_decline,alternate_payment,0.5425535280073359,656.7556201176001,1210.49,1
TXN_000367,2262.2,card_expired,customer_followup,0.5160676128726704,1167.448153840555,0.0,0
TXN_000368,1830.95,limit_exceeded,alternate_payment,0.677480413550122,1240.432763189596,0.0,0
TXN_000369,1993.56,network_error,retry,0.8572084579951693,1708.8964935208496,1993.56,1
TXN_000370,834.63,bank_decline,alternate_payment,0.32672874923756073,272.6976159761453,834.63,1
TXN_000371,1852.91,authentication_failed,customer_followup,0.30212558301418346,559.8115140228107,1852.91,1
TXN_000372,2975.0,limit_exceeded,alternate_payment,0.3557770225119388,1058.436641973018,2975.0,1
TXN_000373,7716.71,authentication_failed,customer_followup,0.421713715883603,3254.2424484961584,7716.71,1
TXN_000374,4718.62,insufficient_funds,retry_later,0.3043723634910702,1436.2175218162338,0.0,0
TXN_000375,15571.26,card_expired,customer_followup,0.6366378652242287,9913.253725251423,15571.26,1
TXN_000376,839.37,bank_decline,alternate_payment,0.39350981067791846,330.3003297887244,839.37,1
TXN_000377,4325.66,bank_decline,alternate_payment,0.36974737405807445,1599.4014260680503,0.0,0
TXN_000378,2171.87,limit_exceeded,alternate_payment,0.3768571693377293,818.4847803695341,2171.87,1
TXN_000379,16152.06,authentication_failed,customer_followup,0.5684286205574869,9181.293184961762,0.0,0
TXN_000380,805.69,network_error,retry,0.867844611005134,699.2137246407265,805.69,1
TXN_000381,780.77,network_error,retry,0.8892004373805135,694.2610254935835,780.77,1
TXN_000382,992.88,bank_decline,alternate_payment,0.5543607912646857,550.4137424308811,0.0,0
TXN_000383,216.18,limit_exceeded,alternate_payment,0.43052183223619084,93.07020969281974,216.18,1
TXN_000384,1068.75,network_error,retry,0.9069188949989864,969.2695690301667,1068.75,1
TXN_000385,846.29,bank_decline,alternate_payment,0.5902389763643205,499.5133433073608,0.0,0
TXN_000386,2101.47,insufficient_funds,retry_later,0.7470762266049846,1569.9582779235768,2101.47,1
TXN_000387,2544.67,network_error,retry,0.8590349279506805,2185.960410108258,2544.67,1
TXN_000388,11803.73,insufficient_funds,retry_later,0.25332976577765187,2990.2361562026426,11803.73,1
TXN_000389,4677.05,limit_exceeded,alternate_payment,0.2825365353221183,1321.4375025283134,0.0,0
TXN_000390,1015.46,card_expired,customer_followup,0.42484881190094864,431.41697453293733,1015.46,1
TXN_000391,736.26,insufficient_funds,retry_later,0.3432020395797593,252.68593366099358,0.0,0
TXN_000392,2956.97,card_expired,customer_followup,0.4780999482011816,1413.727203832448,2956.97,1
TXN_000393,482.88,insufficient_funds,retry_later,0.5963224968196716,287.95220726428306,482.88,1
TXN_000394,11287.59,network_error,retry_later,0.6940005909069947,7833.594129915885,0.0,0
TXN_000395,5880.75,insufficient_funds,retry_later,0.7172092473828906,4217.728281546934,5880.75,1
TXN_000396,1130.96,network_error,retry_later,0.4977687834252298,562.9565833025979,0.0,0
TXN_000397,325.99,bank_decline,alternate_payment,0.451703888720583,147.25095068402285,0.0,0
TXN_000398,7001.45,bank_decline,alternate_payment,0.41071969235738215,2875.6333900555933,7001.45,1
TXN_000399,1612.37,card_expired,customer_followup,0.48911030179552983,788.6267773060583,1612.37,1
TXN_000400,6234.27,authentication_failed,customer_followup,0.55254832183336,3444.7354263560615,6234.27,1
TXN_000401,367.08,limit_exceeded,alternate_payment,0.36599192718542617,134.34831663122623,367.08,1
TXN_000402,992.9,insufficient_funds,retry_later,0.6612078126593798,656.5132371894981,0.0,0
TXN_000403,1817.55,network_error,retry,0.7693606472497492,1398.3514444087816,1817.55,1
TXN_000404,1895.01,authentication_failed,customer_followup,0.48220160850822225,913.7768701391662,0.0,0
TXN_000405,1152.78,bank_decline,alternate_payment,0.3392859667097914,391.12207670371333,1152.78,1
TXN_000406,3370.61,network_error,retry,0.8185830655226609,2759.1242664813362,3370.61,1
TXN_000407,621.65,network_error,retry_later,0.4522179736818541,281.1213033393246,621.65,1
TXN_000408,1568.1,authentication_failed,customer_followup,0.2953995592797978,463.2160489066509,1568.1,1
TXN_000409,2039.16,network_error,retry_later,0.36156619379745714,737.2913197440228,0.0,0
TXN_000410,3024.31,authentication_failed,customer_followup,0.38261712887132604,1157.1528090168401,3024.31,1
TXN_000411,3683.49,insufficient_funds,retry_later,0.7924772699404945,2919.082099053112,3683.49,1
TXN_000412,587.2,insufficient_funds,retry_later,0.3856315861690345,226.44286739845705,0.0,0
TXN_000413,389.9,insufficient_funds,retry_later,0.6262083897548197,244.1586511654042,0.0,0
TXN_000414,6487.79,bank_decline,alternate_payment,0.45864843806772715,2975.6147500114193,6487.79,1
TXN_000415,2520.76,limit_exceeded,alternate_payment,0.43453729744864567,1095.364237916648,2520.76,1
TXN_000416,855.35,authentication_failed,customer_followup,0.3754678188331314,321.15639883891896,855.35,1
TXN_000417,8528.36,insufficient_funds,retry_later,0.24941664001457114,2127.114896034668,8528.36,1
TXN_000418,2029.76,bank_decline,alternate_payment,0.44881327044033903,910.9832238089825,2029.76,1
TXN_000419,5879.91,bank_decline,alternate_payment,0.4510678632475348,2652.2384397878122,0.0,0
TXN_000420,1934.33,limit_exceeded,alternate_payment,0.8274675012774138,1600.5952117459397,1934.33,1
TXN_000421,14196.46,bank_decline,alternate_payment,0.5137392263386689,7293.278377147859,0.0,0
TXN_000422,10460.28,insufficient_funds,retry_later,0.5099394226388081,5334.109143840272,0.0,0
TXN_000423,1409.56,network_error,retry_later,0.6310416659905498,889.4910907136393,1409.56,1
TXN_000424,4777.01,limit_exceeded,alternate_payment,0.4236931624383773,2023.9864738997528,4777.01,1
TXN_000425,3447.4,insufficient_funds,retry_later,0.31941569580974205,1101.1536697345048,3447.4,1
TXN_000426,7105.55,limit_exceeded,alternate_payment,0.21623153944431278,1536.4440150985367,0.0,0
TXN_000427,688.89,limit_exceeded,alternate_payment,0.6401283550113632,440.978022483778,688.89,1
TXN_000428,3590.52,bank_decline,alternate_payment,0.8021812445086878,2880.2478020333338,0.0,0
TXN_000429,5210.47,card_expired,customer_followup,0.277584164256735,1446.34396033479,5210.47,1
TXN_000430,311.46,insufficient_funds,retry_later,0.7673867449740073,239.01027558960428,311.46,1
TXN_000431,553.77,insufficient_funds,retry_later,0.7593834835164193,420.52379166688746,553.77,1
TXN_000432,235.28,network_error,retry_later,0.5858873988521889,137.847587201943,0.0,0
TXN_000433,1381.04,insufficient_funds,retry_later,0.5202729879345336,718.5178072571082,0.0,0
TXN_000434,3705.38,insufficient_funds,retry_later,0.6908050118081834,2559.695074653807,3705.38,1
TXN_000435,8122.21,bank_decline,alternate_payment,0.8405932004818717,6827.474498885863,8122.21,1
TXN_000436,1947.1,limit_exceeded,alternate_payment,0.6967473474460164,1356.6367602121384,1947.1,1
TXN_000437,9215.26,limit_exceeded,alternate_payment,0.582775738436788,5370.429951386995,9215.26,1
TXN_000438,454.82,limit_exceeded,alternate_payment,0.46772069317303605,212.72872566896027,0.0,0
TXN_000439,329.18,limit_exceeded,alternate_payment,0.3824628807020761,125.89913106950942,329.18,1
TXN_000440,1710.35,bank_decline,alternate_payment,0.4101701488789832,701.5345141351688,1710.35,1
TXN_000441,2654.64,card_expired,customer_followup,0.5833949073127886,1548.7034567488213,2654.64,1
TXN_000442,1749.88,limit_exceeded,alternate_payment,0.48445193584570967,847.7327534976905,0.0,0
TXN_000443,228.73,limit_exceeded,alternate_payment,0.6526917610896186,149.29018651402845,228.73,1
TXN_000444,1653.88,bank_decline,alternate_payment,0.49217977464120033,814.0062856835884,1653.88,1
TXN_000445,490.55,limit_exceeded,alternate_payment,0.3041578602402163,149.2046383408381,0.0,0
TXN_000446,3532.19,limit_exceeded,alternate_payment,0.543881411883766,1921.0924842417196,0.0,0
TXN_000447,2608.68,authentication_failed,customer_followup,0.5251274720052412,1369.8895336706325,0.0,0
TXN_000448,706.36,limit_exceeded,alternate_payment,0.41178146072742705,290.8659525994254,0.0,0
TXN_000449,1081.53,network_error,retry,0.6414715671562794,693.7707440265308,1081.53,1
TXN_000450,626.9,insufficient_funds,retry_later,0.5723164669399032,358.7851931246253,626.9,1
TXN_000451,1698.19,insufficient_funds,retry_later,0.8610000509590447,1462.1416765381402,1698.19,1
TXN_000452,4699.18,authentication_failed,customer_followup,0.47299622239921213,2222.69438837393,4699.18,1
TXN_000453,674.7,network_error,retry_later,0.7170042295717716,483.7627536920743,674.7,1
TXN_000454,2993.04,authentication_failed,customer_followup,0.2527209801023253,756.4040022854637,0.0,0
TXN_000455,1063.95,authentication_failed,customer_followup,0.26639149868569206,283.4272350266421,1063.95,1
TXN_000456,818.22,limit_exceeded,alternate_payment,0.6481601932085517,530.3376332871012,818.22,1
TXN_000457,1624.52,network_error,retry,0.9260003284934665,1504.306053644206,1624.52,1
TXN_000458,642.11,insufficient_funds,retry_later,0.3338559581445511,214.37224928419772,642.11,1
TXN_000459,1039.35,insufficient_funds,retry_later,0.7643925387359922,794.4713851352534,1039.35,1
TXN_000460,545.73,network_error,retry,0.7479134445666618,408.15880410336433,545.73,1
TXN_000461,12896.68,bank_decline,alternate_payment,0.36791840546415366,4744.925941381442,12896.68,1
TXN_000462,1872.94,limit_exceeded,alternate_payment,0.6572260905873989,1230.945034104763,1872.94,1
TXN_000463,898.09,network_error,retry_later,0.5400346608359506,484.9997285501589,0.0,0
TXN_000464,2239.44,authentication_failed,customer_followup,0.49770125736470405,1114.5721037928129,2239.44,1
TXN_000465,1615.94,authentication_failed,customer_followup,0.6845324198397551,1106.163318515854,0.0,0
TXN_000466,1449.58,insufficient_funds,retry_later,0.44970503969055553,651.8834314346354,1449.58,1
TXN_000467,3341.47,network_error,retry_later,0.3975502215769188,1328.402138892627,3341.47,1
TXN_000468,3856.47,network_error,retry_later,0.4168202386120271,1607.4547456001242,0.0,0
TXN_000469,1063.69,insufficient_funds,retry_later,0.3782035414739099,402.29132503038323,1063.69,1
TXN_000470,1016.56,authentication_failed,customer_followup,0.4167319527653172,423.63303390311086,0.0,0
TXN_000471,1373.27,insufficient_funds,retry_later,0.5938084636750013,815.459348910969,1373.27,1
TXN_000472,180.92,card_expired,customer_followup,0.3380407115495809,61.15832553355017,0.0,0
TXN_000473,397.35,limit_exceeded,alternate_payment,0.24822096654531728,98.63060105678183,397.35,1
TXN_000474,7093.08,authentication_failed,customer_followup,0.26031489385745454,1846.4343673224337,0.0,0
TXN_000475,9367.18,network_error,retry,0.8218026439949023,7697.973290776169,9367.18,1
TXN_000476,1409.46,bank_decline,alternate_payment,0.4863310071201914,685.464101295625,0.0,0
TXN_000477,3218.13,bank_decline,alternate_payment,0.33953833879887574,1092.678514238826,3218.13,1
TXN_000478,2468.21,bank_decline,alternate_payment,0.42117539283169636,1039.5493163411213,2468.21,1
TXN_000479,39296.11,network_error,retry_later,0.650961157423996,25580.241247860664,0.0,0
TXN_000480,5539.03,network_error,retry,0.7416716452926707,4108.141493425462,5539.03,1
TXN_000481,1590.94,limit_exceeded,alternate_payment,0.3532617944861863,562.0183193198532,0.0,0
TXN_000482,695.38,bank_decline,alternate_payment,0.7609928190425208,529.1791865057882,695.38,1
TXN_000483,362.69,bank_decline,alternate_payment,0.5744752843651024,208.356440886379,362.69,1
TXN_000484,2216.01,limit_exceeded,alternate_payment,0.48352388390438195,1071.4937619709494,2216.01,1
TXN_000485,848.65,card_expired,customer_followup,0.7376338868329699,625.9929980607999,848.65,1
TXN_000486,436.05,insufficient_funds,retry_later,0.4720474713333782,205.83629987491958,0.0,0
TXN_000487,947.12,limit_exceeded,alternate_payment,0.38375739305949186,363.4643021145059,947.12,1
TXN_000488,613.05,bank_decline,alternate_payment,0.8454887673650995,518.3268888331742,613.05,1
TXN_000489,9770.68,bank_decline,alternate_payment,0.6913081042436022,6754.55026797088,0.0,0
TXN_000490,4366.16,limit_exceeded,alternate_payment,0.41728627230041093,1821.9386306671622,0.0,0
TXN_000491,1793.68,card_expired,customer_followup,0.39774836620162535,713.4332894885314,1793.68,1
TXN_000492,7942.19,insufficient_funds,retry_later,0.7129188457401894,5662.1369274492745,7942.19,1
TXN_000493,1953.48,bank_decline,alternate_payment,0.4506945620522435,880.4228130778166,1953.48,1
TXN_000494,764.11,card_expired,customer_followup,0.786123515027378,600.6848390675698,764.11,1
TXN_000495,8292.64,authentication_failed,customer_followup,0.7527009456710063,6241.8779701092135,8292.64,1
TXN_000496,3099.23,limit_exceeded,alternate_payment,0.3092929729722616,958.5700606248223,3099.23,1
TXN_000497,640.82,insufficient_funds,retry_later,0.47238150741253027,302.7115175800977,640.82,1
TXN_000498,1494.67,insufficient_funds,retry_later,0.5487775993928377,820.2414144844927,1494.67,1
TXN_000499,753.24,authentication_failed,customer_followup,0.2690445710450049,202.6551326939395,0.0,0
TXN_000500,453.59,bank_decline,alternate_payment,0.34048291714792606,154.43964638912777,0.0,0
TXN_000501,4565.02,authentication_failed,customer_followup,0.47389869162619747,2163.3570052474242,4565.02,1
TXN_000502,12202.75,bank_decline,alternate_payment,0.548816493174716,6697.070462087766,12202.75,1
TXN_000503,446.5,bank_decline,alternate_payment,0.2965353574818646,132.40303711565255,446.5,1
TXN_000504,3174.7,card_expired,customer_followup,0.527688863911618,1675.2538362602133,0.0,0
TXN_000505,943.27,card_expired,customer_followup,0.611346222692202,576.6645514788734,943.27,1
TXN_000506,1110.84,network_error,retry_later,0.7220264529635396,802.0558650100184,1110.84,1
TXN_000507,999.85,insufficient_funds,retry_later,0.5562874955085197,556.2040523841935,0.0,0
TXN_000508,762.05,card_expired,customer_followup,0.3390615193959142,258.3818308556564,0.0,0
TXN_000509,1897.93,insufficient_funds,retry_later,0.6067655223865875,1151.5984879031762,0.0,0
TXN_000510,787.65,bank_decline,alternate_payment,0.3930966217473889,309.62255411933086,0.0,0
TXN_000511,2369.55,limit_exceeded,alternate_payment,0.4448881426852229,1054.18469849977,2369.55,1
TXN_000512,1719.45,card_expired,customer_followup,0.338906782239342,582.7332667214366,1719.45,1
TXN_000513,1423.75,network_error,retry_later,0.5709293070706221,812.8606009417981,0.0,0
TXN_000514,729.56,bank_decline,alternate_payment,0.4351077297617462,317.43719532497954,0.0,0
TXN_000515,1015.59,authentication_failed,customer_followup,0.36292569218040505,368.58370372149756,1015.59,1
TXN_000516,3848.32,card_expired,customer_followup,0.3348452945178004,1288.5918437987416,3848.32,1
TXN_000517,2983.69,insufficient_funds,retry_later,0.2982330584493496,889.8349941647399,2983.69,1
TXN_000518,680.24,network_error,retry,0.568917383332594,387.0003608381638,680.24,1
TXN_000519,1996.86,network_error,retry_later,0.7281153049475249,1453.9443278375145,0.0,0
TXN_000520,3832.94,network_error,retry,0.6768426619698125,2594.297312770573,3832.94,1
TXN_000521,340.56,bank_decline,alternate_payment,0.5517646605612654,187.90897280074455,340.56,1
TXN_000522,3113.06,bank_decline,alternate_payment,0.5954913484183655,1853.8002971072767,3113.06,1
TXN_000523,932.04,card_expired,customer_followup,0.5909676192421219,550.8054598384273,0.0,0
TXN_000524,3199.02,limit_exceeded,alternate_payment,0.559759307243259,1790.6812190573303,0.0,0
TXN_000525,842.81,limit_exceeded,alternate_payment,0.31170244210049225,262.70593522671584,0.0,0
TXN_000526,297.41,insufficient_funds,retry_later,0.5104997848183968,151.8277410028394,297.41,1
TXN_000527,355.12,authentication_failed,customer_followup,0.5324689836165573,189.0903854619118,355.12,1
TXN_000528,1897.11,bank_decline,alternate_payment,0.3102711638124129,588.6185275801665,1897.11,1
TXN_000529,2344.25,limit_exceeded,alternate_payment,0.5039188571829387,1181.311780951104,2344.25,1
TXN_000530,731.93,network_error,retry_later,0.7453411466920241,545.5375454982932,0.0,0
TXN_000531,3424.09,network_error,retry_later,0.31232199839248,1069.418631475707,0.0,0
TXN_000532,343.26,insufficient_funds,retry_later,0.41676784087355856,143.05972905825772,0.0,0
TXN_000533,1692.43,authentication_failed,customer_followup,0.38195109959840085,646.4254994933216,0.0,0
TXN_000534,538.61,card_expired,customer_followup,0.23406393354803237,126.06917524830573,0.0,0
TXN_000535,942.15,card_expired,customer_followup,0.34861716744717186,328.44966431035294,0.0,0
TXN_000536,1895.8,limit_exceeded,alternate_payment,0.32706886507633537,620.0571544117166,0.0,0
TXN_000537,764.78,bank_decline,alternate_payment,0.3783769067271367,289.3750907267796,0.0,0
TXN_000538,1230.83,authentication_failed,customer_followup,0.24339268519758483,299.57501872174333,1230.83,1
TXN_000539,4945.79,limit_exceeded,alternate_payment,0.5762533364238795,2850.027988751859,4945.79,1
TXN_000540,1015.47,bank_decline,alternate_payment,0.5928204631806697,601.9913957460747,1015.47,1
TXN_000541,4170.09,bank_decline,alternate_payment,0.5951318586853057,2481.7534125850066,0.0,0
TXN_000542,584.23,insufficient_funds,retry_later,0.7086232642537535,413.99896967497045,584.23,1
TXN_000543,3071.14,card_expired,customer_followup,0.38959888972199663,1196.5127341808127,3071.14,1
TXN_000544,7643.18,limit_exceeded,alternate_payment,0.38245324189557783,2923.1589693914425,0.0,0
TXN_000545,152.68,network_error,retry,0.6922792914021001,105.69720221127265,152.68,1
TXN_000546,814.93,insufficient_funds,retry_later,0.6454421110016717,525.9901395185923,814.93,1
TXN_000547,3219.79,insufficient_funds,retry_later,0.3010677451574668,969.37491518056,3219.79,1
TXN_000548,1475.8,network_error,retry_later,0.3354930901796458,495.12070248712126,0.0,0
TXN_000549,2620.57,limit_exceeded,alternate_payment,0.5466267697469995,1432.4737139958947,2620.57,1
TXN_000550,988.33,limit_exceeded,alternate_payment,0.3271467852591884,323.32898227521366,0.0,0
TXN_000551,1971.58,authentication_failed,customer_followup,0.5634420076838955,1110.8709935094146,1971.58,1
TXN_000552,1547.39,network_error,retry,0.6266603356563982,969.6879367913541,0.0,0
TXN_000553,5812.59,network_error,retry,0.5970621363715716,3470.477403252033,5812.59,1
TXN_000554,2331.86,network_error,retry_later,0.45481707759729084,1060.5697505660187,0.0,0
TXN_000555,2534.12,network_error,retry_later,0.5089866325094556,1289.8332051748616,0.0,0
TXN_000556,1197.66,limit_exceeded,alternate_payment,0.6236347496268483,746.9023942380911,1197.66,1
TXN_000557,1110.31,limit_exceeded,alternate_payment,0.3362417165256287,373.33254027557075,1110.31,1
TXN_000558,1173.14,card_expired,customer_followup,0.33961129403198237,398.4115934806798,1173.14,1
TXN_000559,2682.36,card_expired,customer_followup,0.7451638703157778,1998.7977591802298,2682.36,1
TXN_000560,1186.8,insufficient_funds,retry_later,0.6036964365386409,716.466930884059,1186.8,1
TXN_000561,2415.77,insufficient_funds,retry_later,0.695307389621852,1679.7027326267814,2415.77,1
TXN_000562,14406.01,authentication_failed,customer_followup,0.3453137331665131,4974.593093134119,14406.01,1
TXN_000563,4320.49,network_error,retry_later,0.5232979095202019,2260.903385102937,4320.49,1
TXN_000564,1305.02,authentication_failed,customer_followup,0.36567682830607395,477.21557447599264,1305.02,1
TXN_000565,6010.2,authentication_failed,customer_followup,0.3275758359087449,1968.7962889787384,6010.2,1
TXN_000566,1202.22,limit_exceeded,alternate_payment,0.7472431874271683,898.3507047886903,1202.22,1
TXN_000567,235.54,authentication_failed,customer_followup,0.5304041350798874,124.93138997671667,235.54,1
TXN_000568,659.78,authentication_failed,customer_followup,0.7186307183997531,474.1381753857891,659.78,1
TXN_000569,278.44,card_expired,customer_followup,0.37624397214894195,104.7613716051514,0.0,0
TXN_000570,1272.18,network_error,retry,0.7864271795885686,1000.4769293289852,1272.18,1
TXN_000571,1841.65,insufficient_funds,retry_later,0.3374018302811129,621.3760807372116,1841.65,1
TXN_000572,9666.65,bank_decline,alternate_payment,0.2935927512696763,2838.0583690610165,0.0,0
TXN_000573,2507.21,card_expired,customer_followup,0.6102104759067558,1529.9258072981772,2507.21,1
TXN_000574,1452.29,authentication_failed,customer_followup,0.316100611801034,459.06975751252367,0.0,0
TXN_000575,4143.95,limit_exceeded,alternate_payment,0.669638530459129,2774.9485882961076,4143.95,1
TXN_000576,198.12,bank_decline,alternate_payment,0.5975158460235035,118.37983941417652,0.0,0
TXN_000577,2288.41,network_error,retry_later,0.3239208744553689,741.2637683124107,2288.41,1
TXN_000578,3908.33,network_error,retry,0.7019717113314139,2743.537098547905,0.0,0
TXN_000579,412.16,authentication_failed,customer_followup,0.27345727738846526,112.70815144842985,412.16,1
TXN_000580,5674.59,card_expired,customer_followup,0.29593596038580255,1679.3152414456713,5674.59,1
TXN_000581,2536.39,bank_decline,alternate_payment,0.4696072991051248,1191.1072573772474,2536.39,1
TXN_000582,1193.58,authentication_failed,customer_followup,0.4300695451480303,513.3224076977859,0.0,0
TXN_000583,3404.26,limit_exceeded,alternate_payment,0.49358329873671214,1680.2858805574397,3404.26,1
TXN_000584,17512.9,bank_decline,alternate_payment,0.6246049315185781,10938.643705191707,17512.9,1
TXN_000585,2168.66,card_expired,customer_followup,0.28322467879960833,614.2180319255585,0.0,0
TXN_000586,2317.45,limit_exceeded,alternate_payment,0.5709890588467337,1323.2385944243629,2317.45,1
TXN_000587,1142.12,limit_exceeded,alternate_payment,0.3978646019228323,454.40911914810516,1142.12,1
TXN_000588,772.9,limit_exceeded,alternate_payment,0.4490513918487009,347.07182075986094,772.9,1
TXN_000589,4147.81,insufficient_funds,retry_later,0.6237078808305319,2587.0217851876887,4147.81,1
TXN_000590,768.1,limit_exceeded,alternate_payment,0.3264388821505723,250.73770537985462,768.1,1
TXN_000591,1942.18,limit_exceeded,alternate_payment,0.314710831736137,611.2250831812906,1942.18,1
TXN_000592,1121.41,bank_decline,alternate_payment,0.8442854900183167,946.7901913614405,1121.41,1
TXN_000593,2918.95,network_error,retry_later,0.42946167529395163,1253.57715709928,2918.95,1
TXN_000594,2524.16,limit_exceeded,alternate_payment,0.3215394778704089,811.6170884613712,2524.16,1
TXN_000595,5102.78,bank_decline,alternate_payment,0.3403960331234019,1736.9660699014325,0.0,0
TXN_000596,1085.7,limit_exceeded,alternate_payment,0.335364864277148,364.1056331456996,1085.7,1
TXN_000597,1380.4,bank_decline,alternate_payment,0.3420877700751592,472.21795781174984,0.0,0
TXN_000598,679.42,network_error,retry_later,0.7087793781815548,481.5588851241119,679.42,1
TXN_000599,1159.46,network_error,retry_later,0.580802910857072,673.4177430223408,1159.46,1
TXN_000600,2636.75,bank_decline,alternate_payment,0.4479241046137861,1181.0638828404005,2636.75,1
TXN_000601,3854.47,bank_decline,alternate_payment,0.47649528507506317,1836.6367814632786,3854.47,1
TXN_000602,718.98,bank_decline,alternate_payment,0.4742407523651563,340.9696161355001,718.98,1
TXN_000603,4313.94,card_expired,customer_followup,0.3334585969977983,1438.5203799326819,4313.94,1
TXN_000604,7013.82,network_error,retry,0.747637506418157,5243.794895265797,7013.82,1
TXN_000605,2733.76,limit_exceeded,alternate_payment,0.30846618861998626,843.2725278017737,2733.76,1
TXN_000606,11811.11,authentication_failed,customer_followup,0.37935348090801335,4480.585691887446,11811.11,1
TXN_000607,833.98,network_error,retry,0.8898078913215204,742.0819852043215,833.98,1
TXN_000608,520.79,card_expired,customer_followup,0.8404411643687284,437.69335399159,520.79,1
TXN_000609,305.3,bank_decline,alternate_payment,0.348460431586896,106.38496976347935,305.3,1
TXN_000610,8071.09,limit_exceeded,alternate_payment,0.39922033948670665,3222.143289827763,8071.09,1
TXN_000611,3478.53,bank_decline,alternate_payment,0.28140737418956807,978.8839933396383,3478.53,1
TXN_000612,1710.29,card_expired,customer_followup,0.5402382417252642,923.9640624403022,1710.29,1
TXN_000613,2392.2,insufficient_funds,retry_later,0.40443717979693156,967.4946215102196,2392.2,1
TXN_000614,586.7,card_expired,customer_followup,0.3433598829671871,201.4492433368487,586.7,1
TXN_000615,20863.41,bank_decline,alternate_payment,0.2794900167112762,5831.114809554208,0.0,0
TXN_000616,2057.45,network_error,retry_later,0.5702765210942663,1173.315428325398,0.0,0
TXN_000617,2017.06,network_error,retry_later,0.6656073810887079,1342.570024098789,2017.06,1
TXN_000618,3735.98,limit_exceeded,alternate_payment,0.2112197307146011,789.1126895551354,3735.98,1
TXN_000619,2924.88,network_error,retry,0.8271208477133276,2419.229225059758,2924.88,1
TXN_000620,2261.73,insufficient_funds,retry_later,0.2510717256828873,567.8564541287568,0.0,0
TXN_000621,820.18,authentication_failed,customer_followup,0.32916963004066035,269.9783471667488,820.18,1
TXN_000622,2897.11,authentication_failed,customer_followup,0.3332505697987756,965.4635582697308,2897.11,1
TXN_000623,11873.03,bank_decline,alternate_payment,0.6174699338473473,7331.23904866757,11873.03,1
TXN_000624,6942.52,network_error,retry_later,0.6497500464076805,4510.9026921862505,6942.52,1
TXN_000625,8894.48,network_error,retry,0.8121698418991325,7223.828415374996,8894.48,1
TXN_000626,1084.4,network_error,retry_later,0.46480504144853274,504.0345869467889,1084.4,1
TXN_000627,672.09,limit_exceeded,alternate_payment,0.7310346990139718,491.32111086030034,672.09,1
TXN_000628,1594.34,network_error,retry,0.7476133124979463,1191.9498086479755,1594.34,1
TXN_000629,1911.66,card_expired,customer_followup,0.28662665389597974,547.9327091867887,1911.66,1
TXN_000630,5400.2,bank_decline,alternate_payment,0.3010040055566817,1625.4818308071926,5400.2,1
TXN_000631,332.8,card_expired,customer_followup,0.3543189898950646,117.9173598370775,332.8,1
TXN_000632,8346.11,insufficient_funds,retry_later,0.6432407693649079,5368.558217604152,0.0,0
TXN_000633,1543.78,limit_exceeded,alternate_payment,0.48283283754802464,745.3876779498895,1543.78,1
TXN_000634,1179.82,bank_decline,alternate_payment,0.4334224838796958,511.36051493094266,1179.82,1
TXN_000635,657.14,network_error,retry_later,0.5950052061369873,391.0017211608598,657.14,1
TXN_000636,345.55,network_error,retry_later,0.613716942891976,212.0698896163223,345.55,1
TXN_000637,4118.2,card_expired,customer_followup,0.3337398408323142,1374.4074125156365,4118.2,1
TXN_000638,1945.58,authentication_failed,customer_followup,0.7701423961222091,1498.3736430474476,1945.58,1
TXN_000639,497.72,card_expired,customer_followup,0.4493322786915305,223.64166175034856,497.72,1
TXN_000640,495.18,authentication_failed,customer_followup,0.45537973891778805,225.49493911731028,495.18,1
TXN_000641,1292.35,bank_decline,alternate_payment,0.8265704513670511,1068.2183228242084,1292.35,1
TXN_000642,9595.23,bank_decline,alternate_payment,0.39897093959574376,3828.2179287372683,9595.23,1
TXN_000643,1394.66,bank_decline,alternate_payment,0.8257410260412319,1151.6279793786646,1394.66,1
TXN_000644,402.16,insufficient_funds,retry_later,0.42012402302121366,168.9570770982113,402.16,1
TXN_000645,1414.11,limit_exceeded,alternate_payment,0.5742874527312036,812.1056297817223,1414.11,1
TXN_000646,1376.47,bank_decline,alternate_payment,0.770946735339157,1061.1850527922895,1376.47,1
TXN_000647,121.89,limit_exceeded,alternate_payment,0.39921090183571933,48.65981682475583,121.89,1
TXN_000648,1712.49,card_expired,customer_followup,0.23190139841187563,397.1288257663529,0.0,0
TXN_000649,1435.21,card_expired,customer_followup,0.7644090631565617,1097.0875315329288,1435.21,1
TXN_000650,3627.16,authentication_failed,customer_followup,0.4027890187006318,1460.9802170701835,3627.16,1
TXN_000651,11486.83,bank_decline,alternate_payment,0.7916564039616718,9093.62253071905,11486.83,1
TXN_000652,5577.89,limit_exceeded,alternate_payment,0.6025416215482454,3360.910885417743,5577.89,1
TXN_000653,1381.76,authentication_failed,customer_followup,0.49116907596721926,678.6777824084649,1381.76,1
TXN_000654,597.93,card_expired,customer_followup,0.24770135160441836,148.10806916482986,0.0,0
TXN_000655,23703.07,network_error,retry_later,0.766498579514929,18168.369485142928,23703.07,1
TXN_000656,1918.35,bank_decline,alternate_payment,0.5931911576056642,1137.9482571928258,1918.35,1
TXN_000657,1833.4,limit_exceeded,alternate_payment,0.3721276673237123,682.2588652712941,1833.4,1
TXN_000658,1764.95,limit_exceeded,alternate_payment,0.2778883374738427,490.45902122445864,1764.95,1
TXN_000659,2204.12,limit_exceeded,alternate_payment,0.38747678941150215,854.0453410776801,0.0,0
TXN_000660,1565.0,insufficient_funds,retry_later,0.4717498980000623,738.2885903700975,1565.0,1
TXN_000661,1018.76,insufficient_funds,retry_later,0.3916679978092653,399.0156894481671,1018.76,1
TXN_000662,1046.43,network_error,retry,0.7572333521115981,792.3916966501397,0.0,0
TXN_000663,1749.78,limit_exceeded,alternate_payment,0.3398104047571753,594.5934500360102,1749.78,1
TXN_000664,1050.03,authentication_failed,customer_followup,0.6180614165537479,648.9830292239319,1050.03,1
TXN_000665,886.39,authentication_failed,customer_followup,0.299676691366009,265.6304224599167,886.39,1
TXN_000666,2011.09,authentication_failed,customer_followup,0.26405028749021847,531.0288926687034,2011.09,1
TXN_000667,1401.11,bank_decline,alternate_payment,0.2676929903840073,375.06732575693644,1401.11,1
TXN_000668,8135.5,authentication_failed,customer_followup,0.3325124176109717,2705.15477347406,8135.5,1
TXN_000669,127.62,limit_exceeded,alternate_payment,0.47754735351569016,60.94459325567238,127.62,1
TXN_000670,5385.72,insufficient_funds,retry_later,0.5003535283361615,2694.764004630632,5385.72,1
TXN_000671,6286.03,insufficient_funds,retry_later,0.3418518262667132,2148.8908354673467,6286.03,1
TXN_000672,227.38,limit_exceeded,alternate_payment,0.31160370124862613,70.85244958991261,0.0,0
TXN_000673,1283.46,insufficient_funds,retry_later,0.37143979123107784,476.72811445343916,1283.46,1
TXN_000674,1247.08,limit_exceeded,alternate_payment,0.4293087985568883,535.3824165043243,1247.08,1
TXN_000675,442.52,limit_exceeded,alternate_payment,0.6444159415669328,285.1669424621991,442.52,1
TXN_000676,830.63,authentication_failed,customer_followup,0.7408610951561225,615.38145146953,0.0,0
TXN_000677,595.51,bank_decline,alternate_payment,0.4250737440891137,253.1356653425081,595.51,1
TXN_000678,10428.22,limit_exceeded,alternate_payment,0.24410791300737564,2545.6110205817745,10428.22,1
TXN_000679,4608.6,insufficient_funds,retry_later,0.5447472907055011,2510.5223639453725,0.0,0
TXN_000680,6448.19,card_expired,customer_followup,0.7031088199731592,4533.779261862725,6448.19,1
TXN_000681,3720.72,insufficient_funds,retry_later,0.6908345131077503,2570.4017896102687,0.0,0
TXN_000682,584.61,bank_decline,alternate_payment,0.3819988749994904,223.3203623134521,584.61,1
TXN_000683,1070.07,insufficient_funds,retry_later,0.4117724328262704,440.62532719440713,1070.07,1
TXN_000684,2949.45,network_error,retry_later,0.6603610270310329,1947.70183117668,0.0,0
TXN_000685,532.65,network_error,retry_later,0.47597985334531956,253.53066888438445,0.0,0
TXN_000686,3688.59,network_error,retry,0.8968773038208518,3308.212654100556,3688.59,1
TXN_000687,1421.79,insufficient_funds,retry_later,0.3010787402886621,428.0707421550169,1421.79,1
TXN_000688,1242.87,limit_exceeded,alternate_payment,0.6372951658816723,792.075042819354,1242.87,1
TXN_000689,3681.07,bank_decline,alternate_payment,0.7368156563256318,2712.2700080305935,3681.07,1
TXN_000690,2819.35,authentication_failed,customer_followup,0.36999464203996907,1043.1443940353868,2819.35,1
TXN_000691,1260.21,bank_decline,alternate_payment,0.35198186704993084,443.57106867499334,1260.21,1
TXN_000692,5763.67,card_expired,customer_followup,0.3189054440337843,1838.0657406142016,5763.67,1
TXN_000693,613.35,limit_exceeded,alternate_payment,0.30865226901274334,189.31186919896612,613.35,1
TXN_000694,3347.39,card_expired,customer_followup,0.7801661828278642,2611.5204787361645,3347.39,1
TXN_000695,3271.82,bank_decline,alternate_payment,0.7495161837555708,2452.282040335152,3271.82,1
TXN_000696,1326.7,insufficient_funds,retry_later,0.8690069948285168,1152.9115800389934,1326.7,1
TXN_000697,2505.22,network_error,retry_later,0.5459209570631579,1367.6521000537643,2505.22,1
TXN_000698,517.44,network_error,retry_later,0.6534756111873155,338.1344202527645,517.44,1
TXN_000699,4555.21,limit_exceeded,alternate_payment,0.2571280648989988,1171.2723325085683,4555.21,1
TXN_000700,1502.82,authentication_failed,customer_followup,0.27643692000577585,415.43493212308005,1502.82,1
TXN_000701,1072.0,insufficient_funds,retry_later,0.628000253564091,673.2162718207055,1072.0,1
TXN_000702,5161.64,authentication_failed,customer_followup,0.38404550029063844,1982.3046161201712,5161.64,1
TXN_000703,893.96,bank_decline,alternate_payment,0.8602209444545387,769.0031155045795,893.96,1
TXN_000704,442.1,limit_exceeded,alternate_payment,0.30488980697161305,134.79178366215012,442.1,1
TXN_000705,381.22,authentication_failed,customer_followup,0.35630076033178104,135.82897585368158,381.22,1
TXN_000706,3314.33,card_expired,customer_followup,0.31686959510849216,1050.2104051559288,0.0,0
TXN_000707,502.49,authentication_failed,customer_followup,0.5093137935574157,255.92508812466582,502.49,1
TXN_000708,10454.57,network_error,retry,0.8492400616626872,8878.43967145688,10454.57,1
TXN_000709,225.44,card_expired,customer_followup,0.37572519744943916,84.70348851300156,225.44,1
TXN_000710,9862.12,network_error,retry_later,0.3675747439675073,3625.0662339768332,0.0,0
TXN_000711,2232.81,bank_decline,alternate_payment,0.3574598970893483,798.1400328200677,0.0,0
TXN_000712,1641.37,authentication_failed,customer_followup,0.3453191852698866,566.7965511264337,1641.37,1
TXN_000713,1048.46,limit_exceeded,alternate_payment,0.5395529421569494,565.6996777338752,1048.46,1
TXN_000714,2694.95,authentication_failed,customer_followup,0.2730932060384864,735.9725356134189,2694.95,1
TXN_000715,1741.26,authentication_failed,customer_followup,0.2680423149515447,466.73136133252666,1741.26,1
TXN_000716,5449.62,insufficient_funds,retry_later,0.8160284949969298,4447.045206905168,0.0,0
TXN_000717,2026.83,limit_exceeded,alternate_payment,0.5808168369065978,1177.2169895473996,0.0,0
TXN_000718,2101.28,insufficient_funds,retry_later,0.5554378106551335,1167.1303627734192,0.0,0
TXN_000719,1256.88,card_expired,customer_followup,0.7687799874152832,966.2641905825212,1256.88,1
TXN_000720,1707.96,network_error,retry_later,0.5944243178444123,1015.2529579055424,0.0,0
TXN_000721,2459.72,bank_decline,alternate_payment,0.32659866941834514,803.3412791416919,0.0,0
TXN_000722,326.96,insufficient_funds,retry_later,0.2859487361451004,93.49379877000203,326.96,1
TXN_000723,469.57,network_error,retry,0.8041619212597582,377.61031336594465,469.57,1
TXN_000724,3801.93,authentication_failed,customer_followup,0.7762335335839692,2951.1855583388997,3801.93,1
TXN_000725,2144.94,authentication_failed,customer_followup,0.31106906881168744,667.2244884569409,2144.94,1
TXN_000726,1504.2,network_error,retry,0.4836200040665394,727.4612101168885,0.0,0
TXN_000727,1841.68,authentication_failed,customer_followup,0.35150677764614496,647.3630022553523,1841.68,1
TXN_000728,2559.54,limit_exceeded,alternate_payment,0.8502043703945399,2176.1320941996405,2559.54,1
TXN_000729,1053.89,insufficient_funds,retry_later,0.5970300447353328,629.2039938461199,1053.89,1
TXN_000730,830.22,bank_decline,alternate_payment,0.6072675811852337,504.16569125160476,830.22,1
TXN_000731,2199.19,insufficient_funds,retry_later,0.292385675118863,643.0116528646523,2199.19,1
TXN_000732,679.68,authentication_failed,customer_followup,0.6274459191368376,426.4624423189257,679.68,1
TXN_000733,2719.63,bank_decline,alternate_payment,0.383398303261151,1042.701527498124,0.0,0
TXN_000734,329.45,authentication_failed,customer_followup,0.263103358731507,86.67940153409496,329.45,1
TXN_000735,5060.17,bank_decline,alternate_payment,0.416878661515815,2109.4768966424817,5060.17,1
TXN_000736,2900.38,card_expired,customer_followup,0.3609417954584945,1046.8683647119083,0.0,0
TXN_000737,2335.61,authentication_failed,customer_followup,0.4835000735815893,1129.2676068578958,2335.61,1
TXN_000738,4830.43,card_expired,customer_followup,0.6231795429043614,3010.2251594315144,0.0,0
TXN_000739,9561.26,insufficient_funds,retry_later,0.2777482635462905,2655.623362314606,9561.26,1
TXN_000740,4985.9,insufficient_funds,retry_later,0.46968575544583857,2341.806208077406,4985.9,1
TXN_000741,286.9,insufficient_funds,retry_later,0.5955908009668273,170.87500079738274,286.9,1
TXN_000742,502.92,authentication_failed,customer_followup,0.36040085770622754,181.25279935761597,502.92,1
TXN_000743,967.95,network_error,retry,0.8061988551877871,780.3601818790186,967.95,1
TXN_000744,1855.84,card_expired,customer_followup,0.4119554014319359,764.5233121934439,1855.84,1
TXN_000745,3034.07,card_expired,customer_followup,0.7894887663463381,2395.364181308434,3034.07,1
TXN_000746,875.03,card_expired,customer_followup,0.48048455908799803,420.4384037387709,0.0,0
TXN_000747,2179.32,limit_exceeded,alternate_payment,0.35151048891136577,766.0538386943177,2179.32,1
TXN_000748,849.47,authentication_failed,customer_followup,0.2646786622400593,224.8365832130632,849.47,1
TXN_000749,980.91,card_expired,customer_followup,0.3644513162333004,357.4939406064067,0.0,0
TXN_000750,442.9,card_expired,customer_followup,0.37820381293043753,167.50646874689076,0.0,0
TXN_000751,718.21,card_expired,customer_followup,0.52120546191794,374.33497480408374,718.21,1
TXN_000752,467.93,authentication_failed,customer_followup,0.4222099845877214,197.56471808813248,0.0,0
TXN_000753,681.38,authentication_failed,customer_followup,0.7107927810803908,484.3199851725567,681.38,1
TXN_000754,5185.61,limit_exceeded,alternate_payment,0.3828648046446738,1985.387559613467,5185.61,1
TXN_000755,699.66,network_error,retry,0.8771059937273995,613.6759795713123,699.66,1
TXN_000756,25144.19,card_expired,customer_followup,0.3640097292342498,9152.72979371453,0.0,0
TXN_000757,2961.11,limit_exceeded,alternate_payment,0.30435934686475363,901.2415055946907,2961.11,1
TXN_000758,2175.11,network_error,retry_later,0.6895147463298896,1499.7704198896063,2175.11,1
TXN_000759,766.35,card_expired,customer_followup,0.656483220331562,503.09591590109255,0.0,0
TXN_000760,3642.08,card_expired,customer_followup,0.42254999823152545,1538.9608975590743,0.0,0
TXN_000761,1016.75,insufficient_funds,retry_later,0.7820396831639247,795.1388478569204,1016.75,1
TXN_000762,2042.66,limit_exceeded,alternate_payment,0.5362553117743113,1095.3872751489148,2042.66,1
TXN_000763,23390.48,insufficient_funds,retry_later,0.6758567137534077,15808.612945914809,23390.48,1
TXN_000764,1642.44,network_error,retry,0.547139501901547,898.643803503177,1642.44,1
TXN_000765,5706.0,authentication_failed,customer_followup,0.250437248831488,1428.9949418324704,5706.0,1
TXN_000766,895.0,network_error,retry,0.8531568233179478,763.5753568695633,895.0,1
TXN_000767,1745.88,insufficient_funds,retry_later,0.3122027148598281,545.0684758194767,0.0,0
TXN_000768,10623.25,bank_decline,alternate_payment,0.7446808908772512,7910.931274011758,0.0,0
TXN_000769,965.87,authentication_failed,customer_followup,0.5363280667907299,518.0231898711622,965.87,1
TXN_000770,11075.03,bank_decline,alternate_payment,0.40282970257045647,4461.351040858883,0.0,0
TXN_000771,3669.28,authentication_failed,customer_followup,0.2765290534330917,1014.6625251809747,3669.28,1
TXN_000772,1030.23,insufficient_funds,retry_later,0.6887881339734567,709.6101992634743,1030.23,1
TXN_000773,3402.98,bank_decline,alternate_payment,0.6595287602180834,2244.3631804469333,3402.98,1
TXN_000774,4781.71,limit_exceeded,alternate_payment,0.39275221440046154,1878.027191120831,4781.71,1
TXN_000775,3367.11,bank_decline,alternate_payment,0.3522055372209868,1185.914786432157,0.0,0
TXN_000776,376.07,limit_exceeded,alternate_payment,0.6378222533652917,239.86581482308526,376.07,1
TXN_000777,873.81,card_expired,customer_followup,0.594139908437467,519.165393391743,873.81,1
TXN_000778,1411.6,bank_decline,alternate_payment,0.8450869875518137,1192.9247916281402,1411.6,1
TXN_000779,1678.35,card_expired,customer_followup,0.7717149759065531,1295.2078298127633,1678.35,1
TXN_000780,3363.28,insufficient_funds,retry_later,0.27873818133715134,937.4745505276144,0.0,0
TXN_000781,2159.65,bank_decline,alternate_payment,0.5897487424133644,1273.6508715530224,2159.65,1
TXN_000782,475.64,card_expired,customer_followup,0.3193895609591686,151.91445077461896,475.64,1
TXN_000783,2644.4,bank_decline,alternate_payment,0.6825888297715654,1805.0379014479277,2644.4,1
TXN_000784,3329.53,insufficient_funds,retry_later,0.2688884348404086,895.2721104541856,3329.53,1
TXN_000785,3164.63,bank_decline,alternate_payment,0.23855679249786055,754.9439822425045,3164.63,1
TXN_000786,5328.26,limit_exceeded,alternate_payment,0.535570265339839,2853.6576219996505,0.0,0
TXN_000787,4162.71,bank_decline,alternate_payment,0.4691795835673333,1953.058544311574,4162.71,1
TXN_000788,2861.73,limit_exceeded,alternate_payment,0.7511050414918705,2149.4598303885305,2861.73,1
TXN_000789,1685.53,network_error,retry_later,0.5447879609451204,918.2564518118287,1685.53,1
TXN_000790,343.45,network_error,retry_later,0.533330607710078,183.17239721802628,0.0,0
TXN_000791,2778.37,limit_exceeded,alternate_payment,0.28461774469439177,790.7734033265573,2778.37,1
TXN_000792,2225.39,card_expired,customer_followup,0.29407418031287846,654.4297401264765,2225.39,1
TXN_000793,2372.21,bank_decline,alternate_payment,0.28944767467359006,686.6306683374371,2372.21,1
TXN_000794,504.34,bank_decline,alternate_payment,0.2944713456189398,148.51367844945608,0.0,0
TXN_000795,613.35,bank_decline,alternate_payment,0.6467124442100036,396.66107765620575,613.35,1
TXN_000796,5183.07,bank_decline,alternate_payment,0.28254388947128584,1464.4447572019374,0.0,0
TXN_000797,1737.92,network_error,retry_later,0.5513603015230019,958.2200952228554,0.0,0
TXN_000798,3574.21,bank_decline,alternate_payment,0.6166382614067022,2203.994640302449,3574.21,1
TXN_000799,1859.98,card_expired,customer_followup,0.23724231193983203,441.2659553618488,0.0,0
TXN_000800,1862.65,bank_decline,alternate_payment,0.31532699154432287,587.343820800033,0.0,0
TXN_000801,4620.62,network_error,retry_later,0.5385110283461927,2488.254827796985,0.0,0
TXN_000802,1079.18,card_expired,customer_followup,0.24109673227068842,260.18677153188156,1079.18,1
TXN_000803,1990.46,network_error,retry_later,0.41558112843496964,827.1976129046697,0.0,0
TXN_000804,1138.79,limit_exceeded,alternate_payment,0.26138312976837386,297.6604943489265,0.0,0
TXN_000805,1170.87,limit_exceeded,alternate_payment,0.3070104624986459,359.4693402257895,1170.87,1
TXN_000806,1327.2,card_expired,customer_followup,0.5108788761214524,678.0384443883917,1327.2,1
TXN_000807,2257.77,card_expired,customer_followup,0.5512702182542921,1244.641360667993,0.0,0
TXN_000808,1120.19,bank_decline,alternate_payment,0.5820299080398698,651.9840826871817,0.0,0
TXN_000809,6347.12,authentication_failed,customer_followup,0.41210762220149677,2615.696531027564,6347.12,1
TXN_000810,739.07,network_error,retry,0.8235607540188584,608.6690464727177,739.07,1
TXN_000811,1499.86,card_expired,customer_followup,0.6892892675093347,1033.8374007665507,0.0,0
TXN_000812,1164.76,card_expired,customer_followup,0.25614275639259104,298.34483693583434,0.0,0
TXN_000813,7684.63,network_error,retry_later,0.3075781526457002,2363.6242991657273,7684.63,1
TXN_000814,2200.75,network_error,retry,0.8996366187852343,1979.8752887916044,2200.75,1
TXN_000815,5073.8,insufficient_funds,retry_later,0.5069589729427035,2572.208436916689,0.0,0
TXN_000816,409.3,network_error,retry_later,0.6248505427175411,255.7513271342896,409.3,1
TXN_000817,2361.5,authentication_failed,customer_followup,0.3301025522690622,779.5371771833904,2361.5,1
TXN_000818,4401.19,authentication_failed,customer_followup,0.3169607927926326,1395.0046716310067,4401.19,1
TXN_000819,1963.11,authentication_failed,customer_followup,0.6217914640194143,1220.6450409311524,1963.11,1
TXN_000820,5247.36,insufficient_funds,retry_later,0.7400234774537141,3883.169594651521,5247.36,1
TXN_000821,1077.84,insufficient_funds,retry_later,0.32609307977776775,351.47616510766915,0.0,0
TXN_000822,7400.83,limit_exceeded,alternate_payment,0.38355029667980944,2838.590542176834,7400.83,1
TXN_000823,18013.88,limit_exceeded,alternate_payment,0.3843148646716751,6923.001854411795,18013.88,1
TXN_000824,1257.85,insufficient_funds,retry_later,0.33262740854330164,418.39538583619196,1257.85,1
TXN_000825,1158.06,card_expired,customer_followup,0.550022316978767,636.958844400431,1158.06,1
TXN_000826,7734.02,limit_exceeded,alternate_payment,0.6032876007945108,4665.838370296763,0.0,0
TXN_000827,8774.21,bank_decline,alternate_payment,0.7134919742264927,6260.328415177833,8774.21,1
TXN_000828,1071.85,insufficient_funds,retry_later,0.4670065571802826,500.5609783136859,1071.85,1
TXN_000829,1187.75,limit_exceeded,alternate_payment,0.3216368346276474,382.02415032898824,0.0,0
TXN_000830,1364.05,bank_decline,alternate_payment,0.3520172852006366,480.1691778779283,1364.05,1
TXN_000831,471.33,bank_decline,alternate_payment,0.5109521224061666,240.8270638536985,471.33,1
TXN_000832,721.51,bank_decline,alternate_payment,0.6348393837743461,458.04296378702844,721.51,1
TXN_000833,662.39,authentication_failed,customer_followup,0.4933694747020523,326.8030063478924,662.39,1
TXN_000834,838.99,insufficient_funds,retry_later,0.8398478917409691,704.6239826917556,838.99,1
TXN_000835,1746.41,limit_exceeded,alternate_payment,0.3829598741565654,668.8049538257674,1746.41,1
TXN_000836,2285.21,network_error,retry_later,0.47998728323610207,1096.8717395239728,2285.21,1
TXN_000837,8522.8,network_error,retry,0.6662909580443801,5678.664577220642,0.0,0
TXN_000838,666.24,limit_exceeded,alternate_payment,0.6369145834681922,424.3379720898484,666.24,1
TXN_000839,4838.32,authentication_failed,customer_followup,0.34587486353288355,1673.453269728421,4838.32,1
TXN_000840,1459.74,card_expired,customer_followup,0.682441649990347,996.1873741569091,1459.74,1
TXN_000841,1720.79,limit_exceeded,alternate_payment,0.6494583991917192,1117.5815187451185,1720.79,1
TXN_000842,3550.41,card_expired,customer_followup,0.43773601980144367,1554.1423420632436,3550.41,1
TXN_000843,588.32,insufficient_funds,retry_later,0.6860147297225385,403.5961857903639,588.32,1
TXN_000844,2650.25,network_error,retry_later,0.6527014711966739,1729.822074038985,0.0,0
TXN_000845,2135.49,limit_exceeded,alternate_payment,0.7631464396625569,1629.6915904349935,2135.49,1
TXN_000846,2958.54,bank_decline,alternate_payment,0.5942997091815485,1758.2594616019785,2958.54,1
TXN_000847,2414.31,insufficient_funds,retry_later,0.5482546553402826,1323.6566969345977,2414.31,1
TXN_000848,21063.57,card_expired,customer_followup,0.48714693600637565,10261.053586855815,0.0,0
TXN_000849,955.52,insufficient_funds,retry_later,0.6409306304464024,612.4220360041464,955.52,1
TXN_000850,1063.16,network_error,retry_later,0.5516376665877838,586.4791016094682,0.0,0
TXN_000851,969.58,bank_decline,alternate_payment,0.4075114180657765,395.1149207282156,969.58,1
TXN_000852,1037.45,bank_decline,alternate_payment,0.5333275480411679,553.3006647153096,0.0,0
TXN_000853,955.86,card_expired,customer_followup,0.7004907488145551,669.5710871618807,955.86,1
TXN_000854,5937.34,card_expired,customer_followup,0.3093592127488718,1836.7708282223864,0.0,0
TXN_000855,7483.86,authentication_failed,customer_followup,0.8090730704763462,6054.989589215108,7483.86,1
TXN_000856,1021.73,network_error,retry,0.8011439957225321,818.5528547495828,1021.73,1
TXN_000857,786.54,limit_exceeded,alternate_payment,0.23330199741805321,183.50135304919556,786.54,1
TXN_000858,2896.96,card_expired,customer_followup,0.42704903244419246,1237.1439650295279,2896.96,1
TXN_000859,1040.83,network_error,retry,0.8710949142057443,906.6617195527647,1040.83,1
TXN_000860,3404.77,authentication_failed,customer_followup,0.5048030747258954,1718.7383647344868,3404.77,1
TXN_000861,2214.81,insufficient_funds,retry_later,0.3183649294245467,705.1178293387802,0.0,0
TXN_000862,397.13,authentication_failed,customer_followup,0.22283083541684,88.49280966908967,397.13,1
TXN_000863,8497.31,network_error,retry,0.6655690919199815,5655.5469004625775,8497.31,1
TXN_000864,10893.02,card_expired,customer_followup,0.24705661672396007,2691.1926671064316,10893.02,1
TXN_000865,979.67,authentication_failed,customer_followup,0.4582249628820594,448.9092493866671,979.67,1
TXN_000866,1226.96,bank_decline,alternate_payment,0.5744001511262569,704.7660094258722,1226.96,1
TXN_000867,2406.35,network_error,retry,0.8368348993759736,2013.7176601133738,2406.35,1
TXN_000868,2526.16,card_expired,customer_followup,0.8319676291021053,2101.6833459325744,2526.16,1
TXN_000869,3493.1,insufficient_funds,retry_later,0.7294011760712134,2547.8712481343555,0.0,0
TXN_000870,13496.75,card_expired,customer_followup,0.3088134928396292,4167.978509483266,0.0,0
TXN_000871,1514.82,network_error,retry_later,0.7072573576708447,1071.367590546949,1514.82,1
TXN_000872,813.79,limit_exceeded,alternate_payment,0.4759191347376709,387.2982326581692,813.79,1
TXN_000873,455.17,bank_decline,alternate_payment,0.35333196116409044,160.82610876305904,0.0,0
TXN_000874,870.5,card_expired,customer_followup,0.4523765613806382,393.79379668184555,870.5,1
TXN_000875,1749.13,card_expired,customer_followup,0.4281209887478755,748.8392650485715,1749.13,1
TXN_000876,10878.65,network_error,retry_later,0.4216325746844034,4586.793208590485,10878.65,1
TXN_000877,1077.49,network_error,retry_later,0.6111504041645224,658.5084489832312,0.0,0
TXN_000878,2261.51,bank_decline,alternate_payment,0.5326335151502759,1204.5560208475006,2261.51,1
TXN_000879,1778.59,card_expired,customer_followup,0.2386238728713942,424.414034050333,1778.59,1
TXN_000880,5933.64,bank_decline,alternate_payment,0.540372689869354,3206.3770075163943,5933.64,1
TXN_000881,22627.75,limit_exceeded,alternate_payment,0.24825574428795083,5617.46891781168,22627.75,1
TXN_000882,1063.3,network_error,retry_later,0.5919736329023649,629.4455638650846,0.0,0
TXN_000883,1108.28,bank_decline,alternate_payment,0.6449601221937276,714.7964042248643,1108.28,1
TXN_000884,5136.67,limit_exceeded,alternate_payment,0.2747859332543144,1411.484659769439,5136.67,1
TXN_000885,3575.61,network_error,retry_later,0.6150559552049313,2199.2002239903045,0.0,0
TXN_000886,11461.02,insufficient_funds,retry_later,0.5022276806496976,5756.041492479797,11461.02,1
TXN_000887,3241.94,bank_decline,alternate_payment,0.35385063108112164,1147.1625149271315,3241.94,1
TXN_000888,1262.32,card_expired,customer_followup,0.20799100054612443,262.5511998093838,1262.32,1
TXN_000889,3263.82,limit_exceeded,alternate_payment,0.6425273956218711,2097.0937643785755,3263.82,1
TXN_000890,5479.14,card_expired,customer_followup,0.4639750880098713,2542.1844637184063,5479.14,1
TXN_000891,4107.14,card_expired,customer_followup,0.5386118901509963,2212.154438514763,0.0,0
TXN_000892,3002.72,card_expired,customer_followup,0.5841011971393848,1753.8923466743734,0.0,0
TXN_000893,5253.63,insufficient_funds,retry_later,0.47572294736465315,2499.272347963363,0.0,0
TXN_000894,5821.4,card_expired,customer_followup,0.7975206402860476,4642.686655361197,5821.4,1
TXN_000895,7202.32,bank_decline,alternate_payment,0.9017990589141275,6495.045397998399,7202.32,1
TXN_000896,3458.91,network_error,retry_later,0.4813495310624585,1664.9447064872481,3458.91,1
TXN_000897,1529.78,network_error,retry_later,0.6794938852277501,1039.4761557437075,1529.78,1
TXN_000898,2093.75,network_error,retry,0.914044099534473,1913.7798334003028,2093.75,1
TXN_000899,6042.11,network_error,retry_later,0.5316311743421996,3212.174034804748,6042.11,1
TXN_000900,798.76,bank_decline,alternate_payment,0.7523263004974731,600.9281557853616,798.76,1
TXN_000901,2614.1,card_expired,customer_followup,0.2376429693369959,621.222486143841,2614.1,1
TXN_000902,1220.07,authentication_failed,customer_followup,0.5768022530672758,703.7391248997912,1220.07,1
TXN_000903,1860.77,card_expired,customer_followup,0.4872278479053624,906.6189625468612,1860.77,1
TXN_000904,6492.82,authentication_failed,customer_followup,0.8622736735978438,5598.587753409552,6492.82,1
TXN_000905,2188.78,insufficient_funds,retry_later,0.8768678219348066,1919.2707512944662,2188.78,1
TXN_000906,1893.98,network_error,retry,0.8061978851304406,1526.9226704793518,1893.98,1
TXN_000907,464.12,insufficient_funds,retry_later,0.7925227654621084,367.82566590627374,464.12,1
TXN_000908,3813.31,network_error,retry,0.7954216733857657,3033.1894213386745,3813.31,1
TXN_000909,3447.77,limit_exceeded,alternate_payment,0.33338192781268544,1149.4242092547424,3447.77,1
TXN_000910,15728.89,limit_exceeded,alternate_payment,0.3738757210526236,5880.6500901074005,15728.89,1
TXN_000911,1329.05,authentication_failed,customer_followup,0.4906426963756627,652.0886756180745,1329.05,1
TXN_000912,2251.05,network_error,retry_later,0.42196744417604426,949.8698152124845,2251.05,1
TXN_000913,2320.14,network_error,retry_later,0.5864326792445471,1360.6059164224434,0.0,0
TXN_000914,8755.64,card_expired,customer_followup,0.39864107228205165,3490.3577181156224,8755.64,1
TXN_000915,1643.7,limit_exceeded,alternate_payment,0.2592693922755027,426.1611000832438,1643.7,1
TXN_000916,2389.94,card_expired,customer_followup,0.4894771350709317,1169.8209841914227,2389.94,1
TXN_000917,3320.59,card_expired,customer_followup,0.28461259732133765,945.0817445392606,3320.59,1
TXN_000918,2178.97,insufficient_funds,retry_later,0.38044992367563146,828.9889701914906,0.0,0
TXN_000919,1156.98,bank_decline,alternate_payment,0.5486981645057045,634.83280236981,0.0,0
TXN_000920,2195.34,authentication_failed,customer_followup,0.4197356343919652,921.462427606057,2195.34,1
TXN_000921,5290.31,limit_exceeded,alternate_payment,0.25445954250081476,1346.1698622874853,0.0,0
TXN_000922,647.74,insufficient_funds,retry_later,0.3781726996400262,244.95758446483057,647.74,1
TXN_000923,2065.17,card_expired,customer_followup,0.3603898223216551,744.2662493640125,0.0,0
TXN_000924,897.74,card_expired,customer_followup,0.762127174669252,684.1920497875742,897.74,1
TXN_000925,5973.25,bank_decline,alternate_payment,0.26805423269386486,1601.1549454386284,5973.25,1
TXN_000926,394.18,limit_exceeded,alternate_payment,0.2802296753255531,110.46093341982652,394.18,1
TXN_000927,1033.88,insufficient_funds,retry_later,0.5262446482734675,544.0738169569727,1033.88,1
TXN_000928,2636.51,limit_exceeded,alternate_payment,0.4400778003893849,1160.2695215046172,2636.51,1
TXN_000929,8651.81,limit_exceeded,alternate_payment,0.24133571139209986,2087.9907211792834,0.0,0
TXN_000930,1692.99,card_expired,customer_followup,0.4506548173296719,762.9540991909612,1692.99,1
TXN_000931,1037.74,network_error,retry,0.4542155481201834,471.3576429062391,1037.74,1
TXN_000932,11862.73,authentication_failed,customer_followup,0.5211315513862903,6182.042888576688,0.0,0
TXN_000933,424.96,insufficient_funds,retry_later,0.5216326548433392,221.67301300222542,0.0,0
TXN_000934,200.58,network_error,retry,0.7901005190447781,158.4783621100016,200.58,1
TXN_000935,2807.4,insufficient_funds,retry_later,0.6234719144324985,1750.3350525777964,2807.4,1
TXN_000936,1094.38,insufficient_funds,retry_later,0.5931816226963423,649.1661042464232,1094.38,1
TXN_000937,651.17,limit_exceeded,alternate_payment,0.6461677281206147,420.76503952030066,651.17,1
TXN_000938,3671.5,card_expired,customer_followup,0.38650466961725,1419.0518944997334,0.0,0
TXN_000939,2307.22,bank_decline,alternate_payment,0.6583591492575671,1518.9793963500438,2307.22,1
TXN_000940,1028.57,network_error,retry_later,0.6492330741854226,667.7816631149001,1028.57,1
TXN_000941,502.55,card_expired,customer_followup,0.4553370546054921,228.82963679199008,502.55,1
TXN_000942,4326.25,authentication_failed,customer_followup,0.39840892459492305,1723.6166100287858,4326.25,1
TXN_000943,3464.08,limit_exceeded,alternate_payment,0.39761296268287943,1377.363111770509,3464.08,1
TXN_000944,1637.33,card_expired,customer_followup,0.8089636626166188,1324.5404737120684,1637.33,1
TXN_000945,11460.22,insufficient_funds,retry_later,0.6456548910930582,7399.347096002487,11460.22,1
TXN_000946,620.12,limit_exceeded,alternate_payment,0.6897337501886187,427.7176931669662,620.12,1
TXN_000947,393.26,network_error,retry_later,0.5247417558888321,206.35994292084212,393.26,1
TXN_000948,905.14,authentication_failed,customer_followup,0.28985021567038266,262.35502421189017,0.0,0
TXN_000949,1727.47,card_expired,customer_followup,0.7808984055749589,1348.9785686785742,0.0,0
TXN_000950,2306.16,insufficient_funds,retry_later,0.3325897187268137,767.0051057390286,2306.16,1
TXN_000951,1420.5,limit_exceeded,alternate_payment,0.2822956451056826,401.00096387262215,0.0,0
TXN_000952,2571.01,authentication_failed,customer_followup,0.5876369324850819,1510.8204297884704,2571.01,1
TXN_000953,517.22,insufficient_funds,retry_later,0.3604968101046585,186.45616012233148,517.22,1
TXN_000954,7659.98,card_expired,customer_followup,0.3975527397391685,3045.2460353472356,0.0,0
TXN_000955,1665.45,limit_exceeded,alternate_payment,0.266509614482929,443.85843744059406,1665.45,1
TXN_000956,5526.42,card_expired,customer_followup,0.49412825439912966,2730.760267676438,5526.42,1
TXN_000957,2547.14,insufficient_funds,retry_later,0.7497895501158232,1909.8189546820176,2547.14,1
TXN_000958,2854.79,network_error,retry_later,0.6531248488934822,1864.534287372624,2854.79,1
TXN_000959,3196.36,network_error,retry,0.8430412985830201,2694.663485138822,3196.36,1
TXN_000960,2829.08,bank_decline,alternate_payment,0.4230453287409658,1196.8290786344915,0.0,0
TXN_000961,3438.27,card_expired,customer_followup,0.45103435445212375,1550.7778898821036,3438.27,1
TXN_000962,6830.5,limit_exceeded,alternate_payment,0.29054113780941526,1984.541241807211,6830.5,1
TXN_000963,2200.68,network_error,retry,0.8766032508067867,1929.1232419854791,2200.68,1
TXN_000964,3673.88,insufficient_funds,retry_later,0.5660038301004038,2079.4301513292717,3673.88,1
TXN_000965,1652.86,network_error,retry_later,0.644454793182484,1065.1935494596005,1652.86,1
TXN_000966,7632.09,authentication_failed,customer_followup,0.8238893334100539,6287.997542625539,7632.09,1
TXN_000967,919.3,authentication_failed,customer_followup,0.5543436647148084,509.6081309723234,919.3,1
TXN_000968,10948.31,insufficient_funds,retry_later,0.5506910409780136,6029.136230849996,10948.31,1
TXN_000969,1736.87,insufficient_funds,retry_later,0.7605722039117588,1321.0150438082164,1736.87,1
TXN_000970,432.35,card_expired,customer_followup,0.6330700110287774,273.7078192682919,432.35,1
TXN_000971,2055.15,authentication_failed,customer_followup,0.6972340418258169,1432.9205410583277,2055.15,1
TXN_000972,915.02,network_error,retry_later,0.4540018317532516,415.42075609086027,0.0,0
TXN_000973,4190.79,bank_decline,alternate_payment,0.7276070739506186,3049.248449441513,4190.79,1
TXN_000974,941.41,insufficient_funds,retry_later,0.41463341995578695,390.3400478805774,941.41,1
TXN_000975,1157.27,authentication_failed,customer_followup,0.7528150921763344,871.2103217229064,1157.27,1
TXN_000976,273.27,insufficient_funds,retry_later,0.4316393308965768,117.95407995410753,273.27,1
TXN_000977,1150.2,network_error,retry_later,0.6054109968734779,696.3437286038743,0.0,0
TXN_000978,160.15,network_error,retry_later,0.5814688536378746,93.12223691010561,160.15,1
TXN_000979,370.96,authentication_failed,customer_followup,0.32459315039626274,120.41107507099763,370.96,1
TXN_000980,3867.7,limit_exceeded,alternate_payment,0.3601496067839996,1392.9506341584752,3867.7,1
TXN_000981,3967.14,card_expired,customer_followup,0.8032206314450068,3186.488695830744,3967.14,1
TXN_000982,2766.83,card_expired,customer_followup,0.4852000122525346,1342.4659499006802,0.0,0
TXN_000983,687.47,bank_decline,alternate_payment,0.5039219978604026,346.431255869091,687.47,1
TXN_000984,1723.8,network_error,retry_later,0.5295218173435241,912.7897087367668,1723.8,1
TXN_000985,1801.54,insufficient_funds,retry_later,0.6059474403409699,1091.638551671871,1801.54,1
TXN_000986,567.72,network_error,retry,0.5425860430593268,308.036948365641,567.72,1
TXN_000987,8130.67,authentication_failed,customer_followup,0.320318639950246,2604.405156284267,0.0,0
TXN_000988,4347.53,bank_decline,alternate_payment,0.597630797656153,2598.2178217340547,4347.53,1
TXN_000989,1449.59,card_expired,customer_followup,0.37938445487121036,549.9519119367578,1449.59,1
TXN_000990,1857.31,card_expired,customer_followup,0.5362848182591512,996.0471558009041,0.0,0
TXN_000991,2226.94,network_error,retry,0.7478146637012184,1665.3383871827914,2226.94,1
TXN_000992,234.69,card_expired,customer_followup,0.37146208688417526,87.17843717084709,234.69,1
TXN_000993,1412.09,insufficient_funds,retry_later,0.3383558358967357,477.7888923114215,1412.09,1
TXN_000994,914.17,bank_decline,alternate_payment,0.3534457897382791,323.1095376050426,914.17,1
TXN_000995,664.06,network_error,retry_later,0.5000976228320052,332.09482741782136,664.06,1
TXN_000996,1364.99,limit_exceeded,alternate_payment,0.7553137090095218,1030.9956596609072,1364.99,1
TXN_000997,10912.74,bank_decline,alternate_payment,0.5203009575144162,5677.90907110587,0.0,0
TXN_000998,3431.81,bank_decline,alternate_payment,0.4888295760234364,1677.5702272929893,3431.81,1
TXN_000999,1021.29,limit_exceeded,alternate_payment,0.2771702074913,283.07116120878976,0.0,0
TXN_001000,3205.37,network_error,retry,0.7506610462813412,2406.1463979188225,3205.37,1
TXN_001001,7327.25,limit_exceeded,alternate_payment,0.43619467000715684,3196.10739580994,7327.25,1
TXN_001002,4557.97,card_expired,customer_followup,0.6601936515159639,3009.142857800218,4557.97,1
TXN_001003,1919.14,bank_decline,alternate_payment,0.6285761512773171,1206.3256349623505,0.0,0
TXN_001004,946.78,authentication_failed,customer_followup,0.46830797754948417,443.3846269843006,0.0,0
TXN_001005,3634.49,authentication_failed,customer_followup,0.3101823868202329,1127.3547830742682,0.0,0
TXN_001006,2679.77,card_expired,customer_followup,0.4818019954293906,1291.118533291818,2679.77,1
TXN_001007,4425.74,limit_exceeded,alternate_payment,0.40915499299284686,1810.813618688162,4425.74,1
TXN_001008,3412.4,authentication_failed,customer_followup,0.44246247995080856,1509.8589665841391,0.0,0
TXN_001009,5164.44,bank_decline,alternate_payment,0.4373648773050263,2258.74466694917,5164.44,1
TXN_001010,1058.67,authentication_failed,customer_followup,0.4192298338389501,443.8260481902813,1058.67,1
TXN_001011,6750.65,insufficient_funds,retry_later,0.5701493533827955,3848.8787324135683,6750.65,1
TXN_001012,2203.05,authentication_failed,customer_followup,0.41767646132827996,920.1621281292672,0.0,0
TXN_001013,14403.99,insufficient_funds,retry_later,0.5609335435360672,8079.681151758076,0.0,0
TXN_001014,907.61,limit_exceeded,alternate_payment,0.2630737923722766,238.768404695002,907.61,1
TXN_001015,10259.55,authentication_failed,customer_followup,0.27975154714115424,2870.124985472029,0.0,0
TXN_001016,2203.74,bank_decline,alternate_payment,0.4074883451247171,897.998365685144,0.0,0
TXN_001017,942.54,authentication_failed,customer_followup,0.8000769034304975,754.1044845593811,942.54,1
TXN_001018,1114.45,authentication_failed,customer_followup,0.38903676195998116,433.562019366301,1114.45,1
TXN_001019,1312.45,authentication_failed,customer_followup,0.8167366368720158,1071.9259990626772,0.0,0
TXN_001020,2763.26,bank_decline,alternate_payment,0.34116435195897465,942.7258071941563,2763.26,1
TXN_001021,3049.81,limit_exceeded,alternate_payment,0.3159873321021176,963.7013253183593,0.0,0
TXN_001022,1018.72,card_expired,customer_followup,0.37625044302084526,383.2938513141955,1018.72,1
TXN_001023,1764.54,limit_exceeded,alternate_payment,0.2805949655034083,495.12104042938404,0.0,0
TXN_001024,15402.27,card_expired,customer_followup,0.2782684644844618,4285.966022475091,0.0,0
TXN_001025,10173.52,insufficient_funds,retry_later,0.5723475667841305,5822.789417629687,0.0,0
TXN_001026,2797.06,authentication_failed,customer_followup,0.6934979149594835,1939.755278016573,2797.06,1
TXN_001027,1878.08,bank_decline,alternate_payment,0.5309315824155443,997.1319863029854,0.0,0
TXN_001028,2038.63,network_error,retry_later,0.382010000242342,778.7770467940458,0.0,0
TXN_001029,3339.3,limit_exceeded,alternate_payment,0.33392371401440346,1115.0714582082976,3339.3,1
TXN_001030,650.15,insufficient_funds,retry_later,0.6329336445457534,411.5018090014216,0.0,0
TXN_001031,1397.76,network_error,retry,0.7359771473797101,1028.7194175214636,1397.76,1
TXN_001032,340.84,limit_exceeded,alternate_payment,0.31884268142929,108.67433953835919,340.84,1
TXN_001033,2695.19,bank_decline,alternate_payment,0.3208389774631591,864.7220036689317,2695.19,1
TXN_001034,3453.68,authentication_failed,customer_followup,0.2383694234387647,823.2517103419927,3453.68,1
TXN_001035,1115.23,card_expired,customer_followup,0.4474669579183632,499.0285754792962,1115.23,1
TXN_001036,8725.34,authentication_failed,customer_followup,0.25065248505182924,2187.028153922128,0.0,0
TXN_001037,530.72,bank_decline,alternate_payment,0.3982237782879311,211.34532361297082,530.72,1
TXN_001038,418.06,bank_decline,alternate_payment,0.45106132002366855,188.57069544909487,418.06,1
TXN_001039,2263.01,insufficient_funds,retry_later,0.37913523129789045,857.9868197794392,2263.01,1
TXN_001040,5151.78,insufficient_funds,retry_later,0.6027945984195929,3105.4651562460904,5151.78,1
TXN_001041,9739.33,bank_decline,alternate_payment,0.4620214247410083,4499.779122622845,9739.33,1
TXN_001042,1142.66,limit_exceeded,alternate_payment,0.49998112602205635,571.308433460363,0.0,0
TXN_001043,5317.09,bank_decline,alternate_payment,0.5007046366814093,2662.2916166523546,5317.09,1
TXN_001044,1739.74,bank_decline,alternate_payment,0.6193985295965743,1077.5923978803442,1739.74,1
TXN_001045,1521.38,insufficient_funds,retry_later,0.8702522611643264,1323.984385090183,1521.38,1
TXN_001046,4374.99,limit_exceeded,alternate_payment,0.3400266823134601,1487.6133348545648,4374.99,1
TXN_001047,3471.43,insufficient_funds,retry_later,0.6336639403935509,2199.7200126003845,3471.43,1
TXN_001048,373.76,bank_decline,alternate_payment,0.2876550351425718,107.51394593488763,373.76,1
TXN_001049,7915.2,network_error,retry,0.7684826853750308,6082.694151280444,7915.2,1
TXN_001050,7187.45,authentication_failed,customer_followup,0.44892460096808695,3226.6231232280766,7187.45,1
TXN_001051,967.23,limit_exceeded,alternate_payment,0.4260257547020343,412.06489072044866,0.0,0
TXN_001052,2685.99,network_error,retry_later,0.438556131424345,1177.9573834444764,0.0,0
TXN_001053,2963.22,insufficient_funds,retry_later,0.32743166819309943,970.252067823156,0.0,0
TXN_001054,2346.49,insufficient_funds,retry_later,0.6860679934113842,1609.851685859879,0.0,0
TXN_001055,1042.83,network_error,retry,0.7189960906690578,749.7906932324134,0.0,0
TXN_001056,923.69,network_error,retry_later,0.5087340700812206,469.9125731933227,923.69,1
TXN_001057,1762.42,limit_exceeded,alternate_payment,0.31546599347356596,555.9835762176822,0.0,0
TXN_001058,5841.42,card_expired,customer_followup,0.7513219815471754,4388.787249449301,5841.42,1
TXN_001059,3113.8,limit_exceeded,alternate_payment,0.43318957186065943,1348.8656888597213,3113.8,1
TXN_001060,1248.11,network_error,retry_later,0.3019619447215891,376.8817228264625,0.0,0
TXN_001061,3911.59,network_error,retry,0.6352603633924627,2484.8780848423235,0.0,0
TXN_001062,104.74,limit_exceeded,alternate_payment,0.3353770172932997,35.12738879130021,0.0,0
TXN_001063,5703.1,card_expired,customer_followup,0.4219631539192409,2406.498063116823,0.0,0
TXN_001064,317.44,authentication_failed,customer_followup,0.3630954010795992,115.26100411870797,317.44,1
TXN_001065,1258.35,network_error,retry,0.7902355201049319,994.392866724041,1258.35,1
TXN_001066,590.12,network_error,retry_later,0.6680932479486957,394.25518747948433,0.0,0
TXN_001067,495.38,limit_exceeded,alternate_payment,0.4174572475219157,206.7999712774066,495.38,1
TXN_001068,5772.31,insufficient_funds,retry_later,0.7278201087119207,4201.203291718907,5772.31,1
TXN_001069,1132.63,authentication_failed,customer_followup,0.31265430037008174,354.1216402281657,1132.63,1
TXN_001070,2556.78,network_error,retry_later,0.6904313110024747,1765.2809673449074,2556.78,1
TXN_001071,1725.17,limit_exceeded,alternate_payment,0.2605551638244832,449.50195197508367,1725.17,1
TXN_001072,2913.3,limit_exceeded,alternate_payment,0.38540926584407775,1122.8128141835518,2913.3,1
TXN_001073,1952.41,network_error,retry_later,0.5319679778927234,1038.6195997175323,1952.41,1
TXN_001074,501.2,network_error,retry_later,0.5921276999697088,296.77440322481806,501.2,1
TXN_001075,4896.46,bank_decline,alternate_payment,0.7109136323439174,3480.9601642266975,0.0,0
TXN_001076,1103.5,bank_decline,alternate_payment,0.4299336436970591,474.43177581970474,1103.5,1
TXN_001077,381.24,authentication_failed,customer_followup,0.28325403493462464,107.9877682784763,381.24,1
TXN_001078,1178.37,limit_exceeded,alternate_payment,0.380293033965628,448.12590243407703,0.0,0
TXN_001079,8109.24,limit_exceeded,alternate_payment,0.30442586362573687,2468.6623903483705,8109.24,1
TXN_001080,4231.12,insufficient_funds,retry_later,0.37020187737755206,1566.368567409708,0.0,0
TXN_001081,1275.82,authentication_failed,customer_followup,0.697859966657915,890.3437026615011,1275.82,1
TXN_001082,1275.05,card_expired,customer_followup,0.37808298522190403,482.0747103071887,1275.05,1
TXN_001083,1310.76,network_error,retry,0.7788259585316211,1020.8539134049076,1310.76,1
TXN_001084,14425.43,authentication_failed,customer_followup,0.41220395364628576,5946.21927904774,0.0,0
TXN_001085,2648.99,network_error,retry,0.82106240510611,2174.986100502034,2648.99,1
TXN_001086,2779.54,authentication_failed,customer_followup,0.5398228325031172,1500.4591558557145,2779.54,1
TXN_001087,5065.88,card_expired,customer_followup,0.4315797275205562,2186.3311100518354,5065.88,1
TXN_001088,2295.69,network_error,retry_later,0.44418499925287663,1019.7110609348364,2295.69,1
TXN_001089,1395.43,bank_decline,alternate_payment,0.5697253256012632,795.0118111037708,0.0,0
TXN_001090,1485.71,network_error,retry,0.6346174897024572,942.8575506258378,1485.71,1
TXN_001091,1683.11,bank_decline,alternate_payment,0.4317283522383343,726.6463069358628,0.0,0
TXN_001092,1741.98,insufficient_funds,retry_later,0.25612990004413105,446.1731632788754,0.0,0
TXN_001093,3742.95,bank_decline,alternate_payment,0.396123945322425,1482.6721211445706,3742.95,1
TXN_001094,1904.44,limit_exceeded,alternate_payment,0.3136354578243671,597.2999112990377,1904.44,1
TXN_001095,3761.75,limit_exceeded,alternate_payment,0.663963171340398,2497.663459789742,3761.75,1
TXN_001096,1667.84,authentication_failed,customer_followup,0.34373271826933366,573.2911768383254,1667.84,1
TXN_001097,1955.96,network_error,retry_later,0.6922327003689616,1353.979472613674,1955.96,1
TXN_001098,245.13,network_error,retry_later,0.4613668005965492,113.09484383023211,245.13,1
TXN_001099,4520.27,authentication_failed,customer_followup,0.548324457708616,2478.574596446526,0.0,0
TXN_001100,2556.74,network_error,retry_later,0.6946828116949545,1776.1233319729579,2556.74,1
TXN_001101,4905.0,card_expired,customer_followup,0.4073717997727402,1998.1586778852907,4905.0,1
TXN_001102,99.86,network_error,retry_later,0.5201162356548756,51.93880729249588,0.0,0
TXN_001103,14594.13,network_error,retry_later,0.5281623519035374,7708.070024785972,0.0,0
TXN_001104,1572.48,insufficient_funds,retry_later,0.43516554343777775,684.2891137450367,0.0,0
TXN_001105,5476.29,network_error,retry_later,0.6993502725573278,3829.844904102969,0.0,0
TXN_001106,639.12,network_error,retry,0.8828661591323398,564.257419624661,639.12,1
TXN_001107,3336.82,card_expired,customer_followup,0.30947789581908514,1032.6720323270397,3336.82,1
TXN_001108,630.54,bank_decline,alternate_payment,0.4721172188777789,297.6887911911947,0.0,0
TXN_001109,968.97,limit_exceeded,alternate_payment,0.4553782533330344,441.24786613211035,0.0,0
TXN_001110,12259.19,bank_decline,alternate_payment,0.40080596062487883,4913.556424432909,12259.19,1
TXN_001111,1494.16,network_error,retry_later,0.5620925376417469,839.8561860427926,0.0,0
TXN_001112,2247.18,limit_exceeded,alternate_payment,0.3793134686370385,852.3856404517802,2247.18,1
TXN_001113,4315.93,bank_decline,alternate_payment,0.764004036097047,3297.3879395123286,4315.93,1
TXN_001114,2968.11,insufficient_funds,retry_later,0.3741937606101252,1110.6482428045188,2968.11,1
TXN_001115,2101.53,limit_exceeded,alternate_payment,0.27396637598294116,575.7485581194304,2101.53,1
TXN_001116,2604.41,insufficient_funds,retry_later,0.8772710797611494,2284.773572840735,2604.41,1
TXN_001117,19998.56,bank_decline,alternate_payment,0.5124456060510792,10248.174199348872,19998.56,1
TXN_001118,1706.81,insufficient_funds,retry_later,0.4199089713535763,716.7048313959975,0.0,0
TXN_001119,2210.78,network_error,retry,0.8762250563026073,1937.1408299726784,2210.78,1
TXN_001120,5170.14,bank_decline,alternate_payment,0.4616318265815471,2386.70117188232,5170.14,1
TXN_001121,5461.76,card_expired,customer_followup,0.3653767743437191,1995.6002510395515,0.0,0
TXN_001122,5925.56,limit_exceeded,alternate_payment,0.6516527922624015,3861.407719718396,0.0,0
TXN_001123,3424.57,network_error,retry,0.8451180388478994,2894.165882297351,3424.57,1
TXN_001124,576.51,network_error,retry,0.7984081907089279,460.290306025604,576.51,1
TXN_001125,9259.74,network_error,retry,0.7956544527759124,7367.553362547227,9259.74,1
TXN_001126,574.59,bank_decline,alternate_payment,0.535761754889219,307.8433467417963,574.59,1
TXN_001127,2447.04,card_expired,customer_followup,0.34801527053274495,851.6072876044482,2447.04,1
TXN_001128,850.41,card_expired,customer_followup,0.6206718161404396,527.8255191639913,850.41,1
TXN_001129,1695.72,card_expired,customer_followup,0.36477555328280165,618.5572012127125,1695.72,1
TXN_001130,2511.82,bank_decline,alternate_payment,0.2999209351122293,753.3474032335998,2511.82,1
TXN_001131,2493.29,insufficient_funds,retry_later,0.6877231753345774,1714.6933158299485,2493.29,1
TXN_001132,2757.06,network_error,retry_later,0.5494909100563208,1514.9794084798798,2757.06,1
TXN_001133,9078.93,network_error,retry,0.7859700064857917,7135.76667098405,9078.93,1
TXN_001134,2845.61,insufficient_funds,retry_later,0.7372993051973752,2098.0662758627027,2845.61,1
TXN_001135,1416.36,limit_exceeded,alternate_payment,0.7390191587229096,1046.71717564878,1416.36,1
TXN_001136,4741.4,bank_decline,alternate_payment,0.7887983073071256,3740.008294266005,4741.4,1
TXN_001137,5940.04,card_expired,customer_followup,0.5306184336897978,3151.8947208547465,0.0,0
TXN_001138,529.74,bank_decline,alternate_payment,0.343115403360844,181.7619537763735,529.74,1
TXN_001139,3285.91,limit_exceeded,alternate_payment,0.2466374556094846,810.4284817617615,3285.91,1
TXN_001140,3645.22,insufficient_funds,retry_later,0.6399350655078629,2332.704099490572,3645.22,1
TXN_001141,1342.7,authentication_failed,customer_followup,0.35211463487379674,472.7843202450469,0.0,0
TXN_001142,7156.0,authentication_failed,customer_followup,0.2541906848383139,1818.9885407029744,7156.0,1
TXN_001143,1556.11,insufficient_funds,retry_later,0.5331104165376961,829.5784502784742,1556.11,1
TXN_001144,2049.96,insufficient_funds,retry_later,0.2253749550493628,462.0096428529918,0.0,0
TXN_001145,1520.7,card_expired,customer_followup,0.8103693528448361,1232.3286748711423,1520.7,1
TXN_001146,1836.43,network_error,retry,0.712368114873351,1308.2141771968681,0.0,0
TXN_001147,604.09,limit_exceeded,alternate_payment,0.4049824691311976,244.64585977746518,0.0,0
TXN_001148,428.35,card_expired,customer_followup,0.25825859665681783,110.62506987794792,0.0,0
TXN_001149,8906.22,network_error,retry,0.6233545689939084,5551.732929464926,8906.22,1
TXN_001150,775.14,card_expired,customer_followup,0.34805883825916384,269.7943278882083,0.0,0
TXN_001151,670.89,bank_decline,alternate_payment,0.46012439493141166,308.69285531553476,0.0,0
TXN_001152,209.9,network_error,retry,0.8781768300460531,184.32931662666655,209.9,1
TXN_001153,954.36,card_expired,customer_followup,0.2438957653260271,232.76436259654724,0.0,0
TXN_001154,481.5,insufficient_funds,retry_later,0.4558792266212692,219.5058476181411,0.0,0
TXN_001155,9339.57,card_expired,customer_followup,0.34914537782652233,3260.867696387253,9339.57,1
TXN_001156,4963.26,limit_exceeded,alternate_payment,0.27206897089167603,1350.34904046782,0.0,0
TXN_001157,908.55,limit_exceeded,alternate_payment,0.6977687276937923,633.957777546195,908.55,1
TXN_001158,17196.06,bank_decline,alternate_payment,0.6478374996474626,11140.252514187747,0.0,0
TXN_001159,4825.96,limit_exceeded,alternate_payment,0.5576622410125647,2691.2556686369967,0.0,0
TXN_001160,1306.58,limit_exceeded,alternate_payment,0.28146971560958556,367.7627010211723,1306.58,1
TXN_001161,148.5,insufficient_funds,retry_later,0.39901635560390486,59.253928807179875,0.0,0
TXN_001162,17871.14,network_error,retry_later,0.37338349698334006,6672.788748278847,17871.14,1
TXN_001163,450.53,insufficient_funds,retry_later,0.2876708821866353,129.6043625515448,450.53,1
TXN_001164,348.84,card_expired,customer_followup,0.4185084387722875,145.99248378132475,0.0,0
TXN_001165,5026.96,bank_decline,alternate_payment,0.3122269969617588,1569.552624646883,5026.96,1
TXN_001166,20738.61,card_expired,customer_followup,0.3612362659630559,7491.5380376640915,0.0,0
TXN_001167,7217.56,card_expired,customer_followup,0.37164568473851306,2682.3750283413024,0.0,0
TXN_001168,3177.69,authentication_failed,customer_followup,0.28005976432668833,889.9431125032743,3177.69,1
TXN_001169,3277.23,bank_decline,alternate_payment,0.39569288961615,1296.7766086367353,3277.23,1
TXN_001170,4244.65,limit_exceeded,alternate_payment,0.37208766161896406,1579.3818928909357,4244.65,1
TXN_001171,3861.95,insufficient_funds,retry_later,0.583569718487406,2253.7170743124375,3861.95,1
TXN_001172,2395.13,authentication_failed,customer_followup,0.3407697051906312,816.1877439932366,0.0,0
TXN_001173,2006.61,limit_exceeded,alternate_payment,0.25211466489460777,505.8958077241689,0.0,0
TXN_001174,1698.34,limit_exceeded,alternate_payment,0.4476280090718924,760.2245529271577,1698.34,1
TXN_001175,850.68,insufficient_funds,retry_later,0.6859688970903484,583.5400213768175,850.68,1
TXN_001176,1365.57,insufficient_funds,retry_later,0.7721465420181148,1054.420153383677,1365.57,1
TXN_001177,332.63,network_error,retry_later,0.5083086498936759,169.0787062141334,0.0,0
TXN_001178,1638.7,network_error,retry_later,0.45811772180734545,750.717510725697,1638.7,1
TXN_001179,672.77,bank_decline,alternate_payment,0.7048404310519941,474.19549679885006,672.77,1
TXN_001180,599.69,limit_exceeded,alternate_payment,0.2534520017998535,151.99263095935416,0.0,0
TXN_001181,2164.39,bank_decline,alternate_payment,0.403336374211329,872.9772149792583,0.0,0
TXN_001182,7273.57,card_expired,customer_followup,0.5147490868662803,3744.06351575797,7273.57,1
TXN_001183,4529.27,bank_decline,alternate_payment,0.5685312836349159,2575.031687029116,4529.27,1
TXN_001184,375.97,limit_exceeded,alternate_payment,0.5520324817290208,207.54765215565996,0.0,0
TXN_001185,672.08,bank_decline,alternate_payment,0.28401026677922003,190.8776200969782,672.08,1
TXN_001186,4632.13,limit_exceeded,alternate_payment,0.7430085316970032,3441.7121099296396,0.0,0
TXN_001187,676.89,network_error,retry,0.8382613088426483,567.4106973425002,676.89,1
TXN_001188,1444.28,authentication_failed,customer_followup,0.32137843236493796,464.1604422960326,1444.28,1
TXN_001189,3133.96,network_error,retry,0.5858613925245246,1836.0661697161593,3133.96,1
TXN_001190,686.53,bank_decline,alternate_payment,0.4854949633666292,333.30685720009194,0.0,0
TXN_001191,2008.97,limit_exceeded,alternate_payment,0.6592749033294469,1324.463502541759,2008.97,1
TXN_001192,476.27,card_expired,customer_followup,0.5725380034690393,272.68267491219933,476.27,1
TXN_001193,990.92,card_expired,customer_followup,0.33562314645188135,332.57568828209827,990.92,1
TXN_001194,2489.36,card_expired,customer_followup,0.20585711399760265,512.4524653010722,0.0,0
TXN_001195,367.6,network_error,retry_later,0.4266937104064398,156.85260794540727,367.6,1
TXN_001196,2808.69,card_expired,customer_followup,0.6468954302914265,1816.9287261052266,0.0,0
TXN_001197,1772.88,bank_decline,alternate_payment,0.4761988167875888,844.2433583063805,0.0,0
TXN_001198,3141.61,network_error,retry,0.5919901544369937,1859.8021890808036,0.0,0
TXN_001199,2261.8,limit_exceeded,alternate_payment,0.5437496565095273,1229.852973093249,0.0,0
TXN_001200,7073.71,bank_decline,alternate_payment,0.4730131022117703,3345.9575112464217,7073.71,1
TXN_001201,2049.24,authentication_failed,customer_followup,0.4449024486345442,911.7118938398532,0.0,0
TXN_001202,1176.85,bank_decline,alternate_payment,0.48839822610429795,574.771452390843,1176.85,1
TXN_001203,2043.25,authentication_failed,customer_followup,0.25562071494279676,522.2970258068694,2043.25,1
TXN_001204,3112.86,authentication_failed,customer_followup,0.3299431107475389,1027.066711721584,3112.86,1
TXN_001205,1898.58,insufficient_funds,retry_later,0.5037706749084148,956.448927967618,1898.58,1
TXN_001206,1882.94,insufficient_funds,retry_later,0.5341553225333078,1005.7824230108665,1882.94,1
TXN_001207,896.06,bank_decline,alternate_payment,0.6045302847652112,541.6954069667152,896.06,1
TXN_001208,931.78,authentication_failed,customer_followup,0.6235847250791495,581.0437751342499,931.78,1
TXN_001209,444.7,network_error,retry,0.7093964283102102,315.46859166955045,444.7,1
TXN_001210,10400.16,network_error,retry_later,0.5269362815817031,5480.221638254766,0.0,0
TXN_001211,521.2,card_expired,customer_followup,0.29077609157476514,151.5524989287676,521.2,1
TXN_001212,904.24,card_expired,customer_followup,0.5861335757743653,530.0054245582121,904.24,1
TXN_001213,881.47,network_error,retry,0.8160089543536806,719.2874129941389,881.47,1
TXN_001214,4424.55,insufficient_funds,retry_later,0.591807348688893,2618.4812046414413,0.0,0
TXN_001215,1346.21,authentication_failed,customer_followup,0.30007843256836675,403.968586707861,1346.21,1
TXN_001216,6296.46,bank_decline,alternate_payment,0.5656898239062003,3561.843348632434,6296.46,1
TXN_001217,921.97,network_error,retry_later,0.48554515212007354,447.6580639001442,921.97,1
TXN_001218,2389.87,network_error,retry,0.5174020780450347,1236.523704257487,2389.87,1
TXN_001219,784.19,insufficient_funds,retry_later,0.6075821146155669,476.4598184603814,784.19,1
TXN_001220,15446.68,card_expired,customer_followup,0.5192275283222063,8020.341477184058,15446.68,1
TXN_001221,551.37,authentication_failed,customer_followup,0.342613137965853,188.90660588023238,0.0,0
TXN_001222,2464.69,bank_decline,alternate_payment,0.6852166130652113,1688.8465340556957,2464.69,1
TXN_001223,3407.65,insufficient_funds,retry_later,0.639813835370818,2180.261616101368,3407.65,1
TXN_001224,2734.76,limit_exceeded,alternate_payment,0.4959733126329344,1356.3679764560438,0.0,0
TXN_001225,1502.24,card_expired,customer_followup,0.39677039064493674,596.0443516424498,1502.24,1
TXN_001226,1587.92,bank_decline,alternate_payment,0.3473104593429888,551.5012245999188,1587.92,1
TXN_001227,1889.02,bank_decline,alternate_payment,0.5890691290785977,1112.7633662120525,1889.02,1
TXN_001228,1560.87,insufficient_funds,retry_later,0.6055513768485123,945.1869775815373,1560.87,1
TXN_001229,4740.41,bank_decline,alternate_payment,0.32610749093520724,1545.8832111041656,0.0,0
TXN_001230,16490.22,card_expired,customer_followup,0.3618663679283689,5967.256017739748,16490.22,1
TXN_001231,1035.36,network_error,retry_later,0.4124171408801642,427.00021098168673,0.0,0
TXN_001232,459.53,card_expired,customer_followup,0.2715414412985398,124.78143851991798,459.53,1
TXN_001233,1655.27,insufficient_funds,retry_later,0.2933641393636122,485.5968589644064,1655.27,1
TXN_001234,23854.05,bank_decline,alternate_payment,0.8107550377082098,19339.79120724352,23854.05,1
TXN_001235,809.43,network_error,retry,0.8804414342315533,712.6557101100461,809.43,1
TXN_001236,9312.54,authentication_failed,customer_followup,0.3942399113145004,3671.374943712738,9312.54,1
TXN_001237,9678.87,card_expired,customer_followup,0.6404599735849121,6198.928824531799,9678.87,1
TXN_001238,1039.41,limit_exceeded,alternate_payment,0.3782295684010357,393.1355956917206,1039.41,1
TXN_001239,3193.85,authentication_failed,customer_followup,0.3579546908101341,1143.2535892439466,0.0,0
TXN_001240,9213.24,limit_exceeded,alternate_payment,0.6318297559124768,5821.199180363068,9213.24,1
TXN_001241,1237.53,insufficient_funds,retry_later,0.7266282661891449,899.2242782570524,0.0,0
TXN_001242,1475.01,insufficient_funds,retry_later,0.7593941791800491,1120.1140082323643,1475.01,1
TXN_001243,1010.62,authentication_failed,customer_followup,0.4106130621024253,414.9737728219531,1010.62,1
TXN_001244,655.4,limit_exceeded,alternate_payment,0.7336842546241806,480.856660480688,655.4,1
TXN_001245,944.56,network_error,retry_later,0.48661964559281684,459.64145244115105,0.0,0
TXN_001246,531.69,bank_decline,alternate_payment,0.8240088818120058,438.11728237062545,531.69,1
TXN_001247,1870.73,limit_exceeded,alternate_payment,0.30519212765780745,570.9320689732901,1870.73,1
TXN_001248,837.17,authentication_failed,customer_followup,0.5949029626611562,498.0349132510401,837.17,1
TXN_001249,2284.23,limit_exceeded,alternate_payment,0.6206303767411718,1417.6625254634869,0.0,0
TXN_001250,381.5,network_error,retry_later,0.37540657924877696,143.2176099834084,0.0,0
TXN_001251,2517.14,bank_decline,alternate_payment,0.5754275092215475,1448.431600561926,0.0,0
TXN_001252,4161.08,authentication_failed,customer_followup,0.4015568067778534,1670.9099975471902,4161.08,1
TXN_001253,246.23,authentication_failed,customer_followup,0.2926113791385923,72.04969988529558,246.23,1
TXN_001254,2628.21,insufficient_funds,retry_later,0.47526138308600774,1249.0867196404763,2628.21,1
TXN_001255,6171.33,insufficient_funds,retry_later,0.8121649207408275,5012.137740315491,6171.33,1
TXN_001256,539.35,card_expired,customer_followup,0.555895479426612,299.82222682874317,539.35,1
TXN_001257,9629.36,limit_exceeded,alternate_payment,0.38285813184996864,3686.6787805108142,9629.36,1
TXN_001258,2749.07,bank_decline,alternate_payment,0.37634415313528935,1034.5964210596298,2749.07,1
TXN_001259,893.36,bank_decline,alternate_payment,0.35387789947445075,316.1403602744953,893.36,1
TXN_001260,1709.97,bank_decline,alternate_payment,0.7760833716183557,1327.0792829662398,1709.97,1
TXN_001261,3160.0,limit_exceeded,alternate_payment,0.4772885934325317,1508.2319552468002,3160.0,1
TXN_001262,1950.82,network_error,retry,0.6581727993827046,1283.9766604917677,0.0,0
TXN_001263,3098.76,authentication_failed,customer_followup,0.32391460648895165,1003.7336260037039,3098.76,1
TXN_001264,720.05,card_expired,customer_followup,0.3662021865008275,263.6838843899208,720.05,1
TXN_001265,2141.71,bank_decline,alternate_payment,0.680797871074741,1458.0716084594835,2141.71,1
TXN_001266,439.78,limit_exceeded,alternate_payment,0.3314977450786997,145.78607833071055,439.78,1
TXN_001267,1617.72,card_expired,customer_followup,0.3762538473775577,608.6733739796226,1617.72,1
TXN_001268,732.23,network_error,retry,0.7889208361897788,577.6715038832417,732.23,1
TXN_001269,866.51,insufficient_funds,retry_later,0.32738168076293145,283.6795001978877,866.51,1
TXN_001270,6223.53,card_expired,customer_followup,0.7569981831760826,4711.200902941845,6223.53,1
TXN_001271,5384.66,authentication_failed,customer_followup,0.26469057117745903,1425.2687309964165,0.0,0
TXN_001272,3324.71,network_error,retry_later,0.6298467154541492,2094.057673337564,0.0,0
TXN_001273,606.49,network_error,retry_later,0.7071199769808578,428.86119483912046,0.0,0
TXN_001274,1317.63,card_expired,customer_followup,0.3803007647221404,501.0956966208339,1317.63,1
TXN_001275,6082.05,bank_decline,alternate_payment,0.4345424526584991,2642.9089241916245,6082.05,1
TXN_001276,2083.32,network_error,retry_later,0.6372894947986263,1327.6779503038742,2083.32,1
TXN_001277,18385.72,limit_exceeded,alternate_payment,0.39011600916765743,7172.563712073983,18385.72,1
TXN_001278,2679.32,insufficient_funds,retry_later,0.841920783770379,2255.775194371652,0.0,0
TXN_001279,2190.86,network_error,retry,0.9005355387008913,1972.9472903182348,2190.86,1
TXN_001280,1327.28,limit_exceeded,alternate_payment,0.8212564216398426,1090.0372233141302,1327.28,1
TXN_001281,2066.35,authentication_failed,customer_followup,0.300727363468921,621.4079875040048,2066.35,1
TXN_001282,1552.36,insufficient_funds,retry_later,0.847411765359072,1315.4881280728089,1552.36,1
TXN_001283,3670.59,card_expired,customer_followup,0.7632733579719899,2801.6635550384067,3670.59,1
TXN_001284,4706.51,bank_decline,alternate_payment,0.40712299562582277,1916.1284501428913,4706.51,1
TXN_001285,823.87,insufficient_funds,retry_later,0.5061007678828149,416.9612396356147,823.87,1
TXN_001286,477.6,limit_exceeded,alternate_payment,0.6435834774864537,307.3754688475303,477.6,1
TXN_001287,288.24,card_expired,customer_followup,0.6121797196041319,176.45468237869497,288.24,1
TXN_001288,3004.88,insufficient_funds,retry_later,0.3033937762528664,911.6618903867133,3004.88,1
TXN_001289,599.82,bank_decline,alternate_payment,0.7205300960688164,432.18836222399744,599.82,1
TXN_001290,210.0,limit_exceeded,alternate_payment,0.38317202405465967,80.46612505147853,210.0,1
TXN_001291,2666.65,authentication_failed,customer_followup,0.6286119263362601,1676.287993364588,2666.65,1
TXN_001292,21872.81,limit_exceeded,alternate_payment,0.7143260152082254,15624.317208706625,21872.81,1
TXN_001293,1797.1,network_error,retry,0.6831470353289506,1227.683537189657,1797.1,1
TXN_001294,4181.77,network_error,retry_later,0.5623604340625741,2351.6619923498506,0.0,0
TXN_001295,1962.22,bank_decline,alternate_payment,0.6550919467427121,1285.4345197374846,1962.22,1
TXN_001296,1637.8,bank_decline,alternate_payment,0.30173274132801364,494.17788374702076,1637.8,1
TXN_001297,4532.72,insufficient_funds,retry_later,0.6657834009817505,3017.809737298,4532.72,1
TXN_001298,1352.52,network_error,retry_later,0.6847446201883216,926.1307936971087,1352.52,1
TXN_001299,2362.3,network_error,retry,0.5996525528003801,1416.559225480338,2362.3,1
TXN_001300,2494.14,limit_exceeded,alternate_payment,0.32177406356114113,802.5495628903845,0.0,0
TXN_001301,926.96,bank_decline,alternate_payment,0.8490639235578029,787.048294581141,926.96,1
TXN_001302,4875.81,limit_exceeded,alternate_payment,0.2690875940911046,1312.0199821453489,0.0,0
TXN_001303,1517.83,limit_exceeded,alternate_payment,0.5582230213561785,847.2876485050484,1517.83,1
TXN_001304,849.17,card_expired,customer_followup,0.2746598259392,233.23288439279048,849.17,1
TXN_001305,3091.8,card_expired,customer_followup,0.4554801424186946,1408.25350433012,3091.8,1
TXN_001306,736.22,authentication_failed,customer_followup,0.38661358984455574,284.6326571153588,0.0,0
TXN_001307,1859.72,bank_decline,alternate_payment,0.6331095527630644,1177.406497464526,0.0,0
TXN_001308,1791.63,limit_exceeded,alternate_payment,0.38100978443730354,682.6285600914061,0.0,0
TXN_001309,5355.59,limit_exceeded,alternate_payment,0.45728313757561717,2449.0209987686,5355.59,1
TXN_001310,2906.48,limit_exceeded,alternate_payment,0.48806025131943254,1418.5373592549042,0.0,0
TXN_001311,1763.35,authentication_failed,customer_followup,0.3908788604263397,689.256238532786,1763.35,1
TXN_001312,4096.0,limit_exceeded,alternate_payment,0.5238836482464388,2145.8274232174135,0.0,0
TXN_001313,7260.53,bank_decline,alternate_payment,0.8025909864902847,5827.2359351423065,7260.53,1
TXN_001314,3158.37,bank_decline,alternate_payment,0.38350369285756936,1211.2465584105612,0.0,0
TXN_001315,1826.86,bank_decline,alternate_payment,0.4628981371582715,845.6500908489598,1826.86,1
TXN_001316,486.95,network_error,retry,0.6816115980942559,331.9107676919979,486.95,1
TXN_001317,623.21,limit_exceeded,alternate_payment,0.3395453883483571,211.60808147257967,623.21,1
TXN_001318,1332.45,limit_exceeded,alternate_payment,0.6940312334134074,924.7619169616947,1332.45,1
TXN_001319,982.88,limit_exceeded,alternate_payment,0.7053392330645318,693.2638253944671,982.88,1
TXN_001320,1499.71,network_error,retry,0.8899844750456387,1334.7186170706948,1499.71,1
TXN_001321,1913.42,authentication_failed,customer_followup,0.31386570133121977,600.5569102411825,1913.42,1
TXN_001322,3070.8,insufficient_funds,retry_later,0.5420551257713284,1664.5428802185954,3070.8,1
TXN_001323,1684.97,limit_exceeded,alternate_payment,0.5688529227028079,958.5001091665501,0.0,0
TXN_001324,2940.99,limit_exceeded,alternate_payment,0.4833977789939291,1421.6680340433554,2940.99,1
TXN_001325,1928.45,insufficient_funds,retry_later,0.6234791749451396,1202.3484149229546,0.0,0
TXN_001326,250.77,insufficient_funds,retry_later,0.8548636874887977,214.37416691156582,250.77,1
TXN_001327,706.74,authentication_failed,customer_followup,0.247973670619129,175.25291197336324,706.74,1
TXN_001328,1565.42,authentication_failed,customer_followup,0.3860866783047457,604.387807951815,0.0,0
TXN_001329,539.32,bank_decline,alternate_payment,0.4350376004512437,234.62447867536477,0.0,0
TXN_001330,3294.23,authentication_failed,customer_followup,0.25746637589235716,848.1534594558797,3294.23,1
TXN_001331,8356.13,network_error,retry_later,0.6725692322097221,5620.075938344625,8356.13,1
TXN_001332,6116.6,authentication_failed,customer_followup,0.5404071770224426,3305.4545389754726,6116.6,1
TXN_001333,1460.53,card_expired,customer_followup,0.5603881910018256,818.4637646038963,1460.53,1
TXN_001334,8028.28,limit_exceeded,alternate_payment,0.40886868984944086,3282.512325344469,0.0,0
TXN_001335,2097.85,bank_decline,alternate_payment,0.6472139716306032,1357.7578303852608,0.0,0
TXN_001336,1290.67,network_error,retry_later,0.6484909970176964,836.9878751208303,0.0,0
TXN_001337,979.06,insufficient_funds,retry_later,0.36705377530272565,359.36766924788657,979.06,1
TXN_001338,1336.13,card_expired,customer_followup,0.3345777273938033,447.03933890268246,0.0,0
TXN_001339,1226.38,authentication_failed,customer_followup,0.402697623166275,493.8603110986564,1226.38,1
TXN_001340,2143.97,card_expired,customer_followup,0.3315274678621922,710.7849452725042,2143.97,1
TXN_001341,2122.98,insufficient_funds,retry_later,0.6562008138943496,1393.1012038814263,2122.98,1
TXN_001342,1813.56,bank_decline,alternate_payment,0.6958801439105692,1262.0203937904519,1813.56,1
TXN_001343,2798.78,bank_decline,alternate_payment,0.5961907485377254,1668.606743192415,0.0,0
TXN_001344,5947.02,bank_decline,alternate_payment,0.3546173689451196,2108.916585464005,0.0,0
TXN_001345,4672.99,card_expired,customer_followup,0.23296183831386452,1088.6283408223057,0.0,0
TXN_001346,409.57,network_error,retry,0.7688777851354187,314.90927445791345,409.57,1
TXN_001347,140.62,authentication_failed,customer_followup,0.26444695251627165,37.18653046283812,140.62,1
TXN_001348,4602.34,insufficient_funds,retry_later,0.7809679892196687,3594.28021550525,4602.34,1
TXN_001349,460.87,limit_exceeded,alternate_payment,0.26757898664919416,123.31912757701411,0.0,0
TXN_001350,1444.09,card_expired,customer_followup,0.6959458316156388,1005.0084159778278,1444.09,1
TXN_001351,561.09,insufficient_funds,retry_later,0.3693752197796416,207.25274206615913,0.0,0
TXN_001352,298.28,card_expired,customer_followup,0.2993021886253882,89.27585682318079,298.28,1
TXN_001353,3107.15,authentication_failed,customer_followup,0.22373645641726136,695.1827305568937,3107.15,1
TXN_001354,3862.83,card_expired,customer_followup,0.2488645381743337,961.3214039959614,0.0,0
TXN_001355,1015.86,bank_decline,alternate_payment,0.588365195138276,597.6966671331691,1015.86,1
TXN_001356,135.5,card_expired,customer_followup,0.39747187565534015,53.85743915129859,0.0,0
TXN_001357,1047.07,card_expired,customer_followup,0.36182814346921555,378.8593941823115,0.0,0
TXN_001358,2675.27,authentication_failed,customer_followup,0.48184321808355124,1289.0607060423822,2675.27,1
TXN_001359,412.03,bank_decline,alternate_payment,0.20523159375393624,84.56157357443435,412.03,1
TXN_001360,2171.9,authentication_failed,customer_followup,0.28196771712701085,612.4056848281549,2171.9,1
TXN_001361,1780.57,insufficient_funds,retry_later,0.7296889913200136,1299.2623272746766,0.0,0
TXN_001362,3226.95,card_expired,customer_followup,0.7397627026204394,2387.177253221027,3226.95,1
TXN_001363,2037.71,authentication_failed,customer_followup,0.6191932468352643,1261.7362710086866,2037.71,1
TXN_001364,683.3,network_error,retry_later,0.5954270237114605,406.85528530204095,0.0,0
TXN_001365,5982.37,network_error,retry_later,0.5250863935617691,3141.2610882521208,0.0,0
TXN_001366,1542.98,limit_exceeded,alternate_payment,0.3493922820310046,539.1053033281995,1542.98,1
TXN_001367,1759.34,limit_exceeded,alternate_payment,0.8016064054730467,1410.29821340495,1759.34,1
TXN_001368,711.04,limit_exceeded,alternate_payment,0.5271064720627099,374.7937858954692,0.0,0
TXN_001369,1160.63,network_error,retry_later,0.4938142413545088,573.1356229432836,1160.63,1
TXN_001370,746.35,authentication_failed,customer_followup,0.2350128219940371,175.4018196952496,746.35,1
TXN_001371,1520.89,card_expired,customer_followup,0.3269776312306201,497.29700956233785,0.0,0
TXN_001372,10013.69,network_error,retry_later,0.5043410479374457,5050.314908320721,10013.69,1
TXN_001373,458.56,bank_decline,alternate_payment,0.3798216117315755,174.17099827563126,0.0,0
TXN_001374,360.12,network_error,retry,0.7750088943711253,279.09620304092965,360.12,1
TXN_001375,7872.81,network_error,retry,0.8476959326517871,6673.749015540317,7872.81,1
TXN_001376,1466.56,card_expired,customer_followup,0.699547077612787,1025.9277621438089,0.0,0
TXN_001377,926.05,network_error,retry_later,0.6186783094116668,572.9270484306741,926.05,1
TXN_001378,5114.86,network_error,retry_later,0.5838038910392377,2986.075170120955,0.0,0
TXN_001379,986.72,card_expired,customer_followup,0.3145635008707054,310.3860975791424,986.72,1
TXN_001380,11226.25,network_error,retry,0.5022327021020196,5638.189871972798,11226.25,1
TXN_001381,3561.46,authentication_failed,customer_followup,0.27661569044040596,985.1557168758882,3561.46,1
TXN_001382,1109.97,bank_decline,alternate_payment,0.6143531004478704,681.9135109041227,1109.97,1
TXN_001383,15635.64,authentication_failed,customer_followup,0.22473769690827877,3513.9177232869597,0.0,0
TXN_001384,986.62,network_error,retry,0.841397236718106,830.1393416908177,986.62,1
TXN_001385,3797.49,bank_decline,alternate_payment,0.6033187362872412,2291.0968678634354,3797.49,1
TXN_001386,2438.88,limit_exceeded,alternate_payment,0.5171600240365302,1261.2912394222128,2438.88,1
TXN_001387,6645.81,insufficient_funds,retry_later,0.23105223128879554,1535.5292292213903,0.0,0
TXN_001388,8617.16,bank_decline,alternate_payment,0.3948271543178183,3402.288761101331,8617.16,1
TXN_001389,1866.84,card_expired,customer_followup,0.46415849110022883,866.5096375255512,0.0,0
TXN_001390,851.14,bank_decline,alternate_payment,0.8342190431402476,710.0371963783904,851.14,1
TXN_001391,2863.99,authentication_failed,customer_followup,0.4861898463443234,1392.4428580316787,2863.99,1
TXN_001392,918.08,card_expired,customer_followup,0.7134632159228932,655.0163092744898,918.08,1
TXN_001393,13539.78,authentication_failed,customer_followup,0.4883604146614518,6612.292575224832,13539.78,1
TXN_001394,2072.55,authentication_failed,customer_followup,0.5493016869520062,1138.4552112923805,2072.55,1
TXN_001395,1254.73,insufficient_funds,retry_later,0.3033874938556776,380.66939016553437,1254.73,1
TXN_001396,2174.77,network_error,retry_later,0.44722176370384664,972.6044750502145,0.0,0
TXN_001397,470.07,insufficient_funds,retry_later,0.4618779183483176,217.11495307799365,470.07,1
TXN_001398,684.29,network_error,retry,0.5805970579795422,397.2967608048209,684.29,1
TXN_001399,6005.4,limit_exceeded,alternate_payment,0.8097677567119695,4862.979286158062,6005.4,1
TXN_001400,937.4,authentication_failed,customer_followup,0.3089825606268778,289.6402523316352,0.0,0
TXN_001401,634.66,bank_decline,alternate_payment,0.5935147458780811,376.6800686189829,634.66,1
TXN_001402,3092.25,network_error,retry,0.7753454665395645,2397.562018906968,3092.25,1
TXN_001403,5917.71,insufficient_funds,retry_later,0.7728935171327224,4573.759695271482,5917.71,1
TXN_001404,3710.62,card_expired,customer_followup,0.28640196194915724,1062.7288480477819,0.0,0
TXN_001405,4895.38,insufficient_funds,retry_later,0.680255269922516,3330.108043273286,4895.38,1
TXN_001406,848.28,authentication_failed,customer_followup,0.2872588650779647,243.6759500683359,848.28,1
TXN_001407,436.24,authentication_failed,customer_followup,0.43760899125183333,190.90254634369978,436.24,1
TXN_001408,8113.9,insufficient_funds,retry_later,0.4332774397202783,3515.5698181463663,0.0,0
TXN_001409,1309.39,insufficient_funds,retry_later,0.6666827946117861,872.9477844367267,1309.39,1
TXN_001410,1406.93,card_expired,customer_followup,0.6318867082120349,889.0203663847583,0.0,0
TXN_001411,6823.95,limit_exceeded,alternate_payment,0.6849875063287343,4674.320493811966,6823.95,1
TXN_001412,3153.38,network_error,retry,0.9168614556733824,2891.212577091331,3153.38,1
TXN_001413,2852.32,authentication_failed,customer_followup,0.264882263639099,755.5289782230749,2852.32,1
TXN_001414,15756.41,network_error,retry_later,0.5288250378361254,8332.384114411505,15756.41,1
TXN_001415,950.02,authentication_failed,customer_followup,0.4596564374943265,436.68280874836006,950.02,1
TXN_001416,4572.61,authentication_failed,customer_followup,0.5208704792522569,2381.7375621336623,0.0,0
TXN_001417,1914.12,insufficient_funds,retry_later,0.5285134375531158,1011.6381410891698,1914.12,1
TXN_001418,2365.14,limit_exceeded,alternate_payment,0.23796381705615657,562.8177422721981,2365.14,1
TXN_001419,8337.08,insufficient_funds,retry_later,0.5723157827321617,4771.44246590065,8337.08,1
TXN_001420,3004.41,limit_exceeded,alternate_payment,0.49613473325280677,1490.592153932065,0.0,0
TXN_001421,3097.33,bank_decline,alternate_payment,0.5755239258479221,1782.5875212465446,3097.33,1
TXN_001422,5284.36,insufficient_funds,retry_later,0.34149847619556395,1804.6008876687902,5284.36,1
TXN_001423,1255.2,bank_decline,alternate_payment,0.8440648922790329,1059.4702527886423,1255.2,1
TXN_001424,781.17,limit_exceeded,alternate_payment,0.4132662234699779,322.83117578804263,781.17,1
TXN_001425,636.0,authentication_failed,customer_followup,0.3720809810010375,236.64350391665982,0.0,0
TXN_001426,253.06,card_expired,customer_followup,0.6718915591533088,170.0288779593363,0.0,0
TXN_001427,14132.14,limit_exceeded,alternate_payment,0.3351133681459483,4735.869034510081,14132.14,1
TXN_001428,599.92,network_error,retry_later,0.5490165169285783,329.3659888357927,0.0,0
TXN_001429,1449.17,network_error,retry_later,0.5239255695315284,759.257217598005,0.0,0
TXN_001430,1370.85,card_expired,customer_followup,0.5646792672390681,774.0905734946765,0.0,0
TXN_001431,2458.75,card_expired,customer_followup,0.286844358689914,705.278566928826,2458.75,1
TXN_001432,4087.7,limit_exceeded,alternate_payment,0.4466636194638893,1825.8268772825404,4087.7,1
TXN_001433,4274.72,insufficient_funds,retry_later,0.6823894690209205,2917.0239110131092,4274.72,1
TXN_001434,1009.21,authentication_failed,customer_followup,0.3147388860602933,317.63763120090863,1009.21,1
TXN_001435,1529.78,limit_exceeded,alternate_payment,0.4350242625746069,665.4914164013821,1529.78,1
TXN_001436,2398.45,limit_exceeded,alternate_payment,0.31575926204601734,757.3328020542702,2398.45,1
TXN_001437,1409.95,network_error,retry,0.6641809123960254,936.4618774327761,1409.95,1
TXN_001438,9021.32,card_expired,customer_followup,0.7039911929912888,6350.929829156173,9021.32,1
TXN_001439,2954.18,authentication_failed,customer_followup,0.34722466781119676,1025.7641691544811,2954.18,1
TXN_001440,3770.18,limit_exceeded,alternate_payment,0.6138375145693682,2314.2779206791406,3770.18,1
TXN_001441,3508.28,network_error,retry_later,0.5278876508773669,1851.977687820049,0.0,0
TXN_001442,5845.77,authentication_failed,customer_followup,0.32704940389950415,1911.8555938336046,5845.77,1
TXN_001443,2166.83,bank_decline,alternate_payment,0.6218494188788591,1347.4419763092783,2166.83,1
TXN_001444,494.31,network_error,retry,0.7821044119233369,386.60203185782467,494.31,1
TXN_001445,2696.44,bank_decline,alternate_payment,0.49148784931562295,1325.2674964086184,0.0,0
TXN_001446,942.6,limit_exceeded,alternate_payment,0.47475252502455845,447.5017300881488,942.6,1
TXN_001447,1065.7,authentication_failed,customer_followup,0.262699570590494,279.95893237828943,0.0,0
TXN_001448,3249.85,insufficient_funds,retry_later,0.38629596397291827,1255.4039385173885,0.0,0
TXN_001449,6237.18,card_expired,customer_followup,0.5809292933502326,3623.3605698982037,0.0,0
TXN_001450,1846.91,bank_decline,alternate_payment,0.33404250766608495,616.946447833569,1846.91,1
TXN_001451,2462.26,insufficient_funds,retry_later,0.3260952418942874,802.9312703066282,2462.26,1
TXN_001452,9919.07,network_error,retry,0.7459433428982163,7399.06423424141,9919.07,1
TXN_001453,2300.2,card_expired,customer_followup,0.39387859960807436,905.9995548184926,0.0,0
TXN_001454,24384.02,authentication_failed,customer_followup,0.37847391367216987,9228.715480460463,24384.02,1
TXN_001455,3182.78,limit_exceeded,alternate_payment,0.3827342603824677,1218.1589492601106,3182.78,1
TXN_001456,310.83,card_expired,customer_followup,0.4621494327489728,143.6499081813632,0.0,0
TXN_001457,3840.44,insufficient_funds,retry_later,0.7295540399682315,2801.8085172555952,3840.44,1
TXN_001458,2646.94,insufficient_funds,retry_later,0.5677275864462932,1502.7408576681512,0.0,0
TXN_001459,6566.61,network_error,retry_later,0.5622410380140774,3692.0176226336207,6566.61,1
TXN_001460,3544.6,authentication_failed,customer_followup,0.32284134640927714,1144.3434364823238,3544.6,1
TXN_001461,1574.27,network_error,retry,0.7973254872786557,1255.2055948581692,1574.27,1
TXN_001462,531.5,limit_exceeded,alternate_payment,0.34906266431315247,185.52680608244054,531.5,1
TXN_001463,1467.0,authentication_failed,customer_followup,0.7067188249860086,1036.7565162544745,1467.0,1
TXN_001464,772.38,limit_exceeded,alternate_payment,0.817597726154026,631.4961317268467,772.38,1
TXN_001465,1011.79,limit_exceeded,alternate_payment,0.720388662667115,728.8820449999603,0.0,0
TXN_001466,3257.05,network_error,retry_later,0.6329853150788904,2061.6648204777002,3257.05,1
TXN_001467,9603.71,card_expired,customer_followup,0.7856163327926664,7544.831431404257,0.0,0
TXN_001468,2682.95,authentication_failed,customer_followup,0.6115658928180825,1640.8007121362743,2682.95,1
TXN_001469,546.82,authentication_failed,customer_followup,0.4813121824941873,263.1911276314715,0.0,0
TXN_001470,2820.31,authentication_failed,customer_followup,0.27836167813650314,785.0662244651612,0.0,0
TXN_001471,5982.73,network_error,retry,0.6694443400905857,4005.1047367901497,5982.73,1
TXN_001472,982.61,limit_exceeded,alternate_payment,0.39434525527735764,387.4875912880844,982.61,1
TXN_001473,1581.27,network_error,retry_later,0.6946560106108441,1098.4387098986094,0.0,0
TXN_001474,1834.8,limit_exceeded,alternate_payment,0.5181541160769918,950.7091721780645,1834.8,1
TXN_001475,824.77,network_error,retry,0.8770572914399966,723.370542260966,824.77,1
TXN_001476,3457.43,insufficient_funds,retry_later,0.4281782262783732,1480.3962448816358,3457.43,1
TXN_001477,1602.07,card_expired,customer_followup,0.369031308121916,591.2139878028779,0.0,0
TXN_001478,2750.48,network_error,retry,0.7125093629551729,1959.742752620944,2750.48,1
TXN_001479,744.35,card_expired,customer_followup,0.4093059616360295,304.66689254377854,0.0,0
TXN_001480,1167.41,bank_decline,alternate_payment,0.3434522034249003,400.9495368002629,1167.41,1
TXN_001481,3723.36,network_error,retry_later,0.46390270744148665,1727.2767847793339,0.0,0
TXN_001482,1245.34,authentication_failed,customer_followup,0.7719169839081683,961.2990967401983,1245.34,1
TXN_001483,10167.62,authentication_failed,customer_followup,0.6919260311556381,7035.24095289869,10167.62,1
TXN_001484,1212.41,bank_decline,alternate_payment,0.5508507821374631,667.8569967712816,1212.41,1
TXN_001485,2263.54,limit_exceeded,alternate_payment,0.2169839309256347,491.15180700741115,2263.54,1
TXN_001486,4594.39,network_error,retry,0.7492923260770328,3442.541170005059,4594.39,1
TXN_001487,437.74,authentication_failed,customer_followup,0.2805348147252036,122.80130979781062,437.74,1
TXN_001488,310.81,authentication_failed,customer_followup,0.5213558095326518,162.0425991608435,310.81,1
TXN_001489,393.21,limit_exceeded,alternate_payment,0.3574659856778932,140.5592002284044,393.21,1
TXN_001490,6390.6,bank_decline,alternate_payment,0.3747304249802391,2394.752253878716,6390.6,1
TXN_001491,1041.21,authentication_failed,customer_followup,0.2599897288104219,270.7039055346994,1041.21,1
TXN_001492,23346.43,limit_exceeded,alternate_payment,0.4006914915219207,9354.715858412115,23346.43,1
TXN_001493,1028.39,card_expired,customer_followup,0.37800071846558214,388.73215886282003,1028.39,1
TXN_001494,2174.49,limit_exceeded,alternate_payment,0.48556474197437505,1055.8556757758588,2174.49,1
TXN_001495,8451.59,card_expired,customer_followup,0.67714207053522,5722.9271519147605,8451.59,1
TXN_001496,13441.37,insufficient_funds,retry_later,0.27604350162037267,3710.402841375029,0.0,0
TXN_001497,14207.19,insufficient_funds,retry_later,0.4425273434079583,6287.0700479921115,14207.19,1
TXN_001498,6053.34,limit_exceeded,alternate_payment,0.3214596391458036,1945.9044920268589,6053.34,1
TXN_001499,5034.46,network_error,retry,0.8599349783765066,4329.308251237388,5034.46,1
TXN_001500,3269.94,insufficient_funds,retry_later,0.6465210878328178,2114.0851659480445,0.0,0
TXN_001501,3937.74,authentication_failed,customer_followup,0.7447464957301165,2932.618066096309,3937.74,1
TXN_001502,1041.91,limit_exceeded,alternate_payment,0.441867404601136,460.38606752796966,1041.91,1
TXN_001503,797.75,authentication_failed,customer_followup,0.29390336742270656,234.46141136146417,797.75,1
TXN_001504,1801.95,network_error,retry_later,0.553653539596999,997.6559956768124,1801.95,1
TXN_001505,1525.1,insufficient_funds,retry_later,0.36054158964829447,549.8619783726139,1525.1,1
TXN_001506,1149.14,insufficient_funds,retry_later,0.4311964552070313,495.505094536608,1149.14,1
TXN_001507,3627.82,authentication_failed,customer_followup,0.3261001216601866,1183.0325433612581,3627.82,1
TXN_001508,4699.94,card_expired,customer_followup,0.6412069849438234,3013.634356816873,4699.94,1
TXN_001509,1975.16,insufficient_funds,retry_later,0.6972319884527505,1377.1447343123348,1975.16,1
TXN_001510,7923.04,bank_decline,alternate_payment,0.7572813139004322,5999.97014128568,7923.04,1
TXN_001511,577.27,authentication_failed,customer_followup,0.6034870064961548,348.3749442400353,0.0,0
TXN_001512,1489.72,network_error,retry,0.7181456813789311,1069.8359844638212,1489.72,1
TXN_001513,882.87,insufficient_funds,retry_later,0.27291844864441045,240.95151075469064,0.0,0
TXN_001514,279.63,card_expired,customer_followup,0.2834866767627864,79.27137942317796,279.63,1
TXN_001515,1664.57,authentication_failed,customer_followup,0.39705771905460485,660.9303674067236,1664.57,1
TXN_001516,1600.79,insufficient_funds,retry_later,0.5539651423294997,886.7818601896398,1600.79,1
TXN_001517,8212.8,card_expired,customer_followup,0.6320030348351051,5190.514524493751,8212.8,1
TXN_001518,3397.56,limit_exceeded,alternate_payment,0.3519055318324647,1195.6201587327087,0.0,0
TXN_001519,649.25,card_expired,customer_followup,0.3153397029173398,204.73430211908288,649.25,1
TXN_001520,11545.98,authentication_failed,customer_followup,0.7170930657585514,8279.542195386919,0.0,0
TXN_001521,6130.51,insufficient_funds,retry_later,0.510375501593376,3128.8621162732074,6130.51,1
TXN_001522,3236.01,network_error,retry_later,0.5438149948372355,1759.7907614432427,0.0,0
TXN_001523,1441.61,insufficient_funds,retry_later,0.41965073471496217,604.9726956724365,1441.61,1
TXN_001524,692.67,limit_exceeded,alternate_payment,0.3186402483817332,220.71254084657514,692.67,1
TXN_001525,1246.12,bank_decline,alternate_payment,0.84074488965086,1047.6690218917297,1246.12,1
TXN_001526,5370.89,network_error,retry,0.8445735271211297,4536.1115110796045,5370.89,1
TXN_001527,11903.48,authentication_failed,customer_followup,0.39931776858762846,4753.271072027464,11903.48,1
TXN_001528,8461.18,bank_decline,alternate_payment,0.7671507120337642,6491.000261645845,8461.18,1
TXN_001529,1108.93,bank_decline,alternate_payment,0.332635628433099,368.8696274383165,0.0,0
TXN_001530,590.15,insufficient_funds,retry_later,0.8455900290472929,499.02495564225984,590.15,1
TXN_001531,2081.59,card_expired,customer_followup,0.2354450973944668,490.1001602853482,2081.59,1
TXN_001532,308.45,bank_decline,alternate_payment,0.2912903735140077,89.84851571039567,308.45,1
TXN_001533,2497.81,limit_exceeded,alternate_payment,0.3133932536182131,782.7968028201088,0.0,0
TXN_001534,1559.93,authentication_failed,customer_followup,0.5881814135450674,917.521832431357,1559.93,1
TXN_001535,1134.52,authentication_failed,customer_followup,0.2867971491159451,325.37710161502207,1134.52,1
TXN_001536,366.98,limit_exceeded,alternate_payment,0.3194120166054328,117.21782185386172,366.98,1
TXN_001537,3021.78,limit_exceeded,alternate_payment,0.2848998708994523,860.904731886547,3021.78,1
TXN_001538,1061.35,card_expired,customer_followup,0.36578144166536986,388.22213311154024,0.0,0
TXN_001539,561.2,bank_decline,alternate_payment,0.6756186325344731,379.1571765783463,561.2,1
TXN_001540,102.28,card_expired,customer_followup,0.45462193950399943,46.49873197246906,102.28,1
TXN_001541,1758.97,bank_decline,alternate_payment,0.4119800531094912,724.6605540180018,1758.97,1
TXN_001542,10638.68,insufficient_funds,retry_later,0.7961517477008415,8470.00367522999,10638.68,1
TXN_001543,9521.04,authentication_failed,customer_followup,0.8892212633144824,8466.31121686772,9521.04,1
TXN_001544,1144.71,limit_exceeded,alternate_payment,0.415144594483644,475.2201687513721,1144.71,1
TXN_001545,990.08,card_expired,customer_followup,0.4539796059396183,449.4761282486973,0.0,0
TXN_001546,2889.31,bank_decline,alternate_payment,0.33704461736849517,973.8263834089668,2889.31,1
TXN_001547,666.22,bank_decline,alternate_payment,0.6704240562266988,446.6499147393513,666.22,1
TXN_001548,2444.98,limit_exceeded,alternate_payment,0.43480744009286865,1063.095494878262,2444.98,1
TXN_001549,3889.67,network_error,retry,0.8584630761046417,3339.1380732319417,3889.67,1
TXN_001550,6166.79,network_error,retry,0.7913701819440222,4880.213724310576,6166.79,1
TXN_001551,1635.73,network_error,retry_later,0.40857958258833016,668.3258806272092,0.0,0
TXN_001552,1474.87,network_error,retry,0.5443173382535178,802.7973126699658,1474.87,1
TXN_001553,751.46,network_error,retry,0.8249377777911782,619.9077424989588,751.46,1
TXN_001554,790.86,network_error,retry_later,0.5340082117537572,422.32573434757643,0.0,0
TXN_001555,1441.62,authentication_failed,customer_followup,0.5600538750023532,807.3848672808923,1441.62,1
TXN_001556,2610.68,bank_decline,alternate_payment,0.6390362951335864,1668.3192749793511,2610.68,1
TXN_001557,4507.89,authentication_failed,customer_followup,0.36517798873451623,1646.1822036364385,4507.89,1
TXN_001558,809.83,bank_decline,alternate_payment,0.24552112693138586,198.83037422284423,809.83,1
TXN_001559,8044.05,network_error,retry,0.8745603150206418,7035.006902041794,8044.05,1
TXN_001560,1378.67,limit_exceeded,alternate_payment,0.4133865416646507,569.923623396804,0.0,0
TXN_001561,1769.82,limit_exceeded,alternate_payment,0.534585714950524,946.1204900337364,1769.82,1
TXN_001562,856.44,insufficient_funds,retry_later,0.7056075592617057,604.3105380540952,856.44,1
TXN_001563,160.09,card_expired,customer_followup,0.4279178641427555,68.50537087061373,0.0,0
TXN_001564,4376.68,limit_exceeded,alternate_payment,0.4573674048826002,2001.7507736015787,4376.68,1
TXN_001565,3777.6,card_expired,customer_followup,0.6933191594421368,2619.082456708616,3777.6,1
TXN_001566,1364.68,authentication_failed,customer_followup,0.2888498945871749,394.18767414522586,1364.68,1
TXN_001567,1933.31,network_error,retry_later,0.49285676079200214,952.8449042067856,0.0,0
TXN_001568,3028.85,authentication_failed,customer_followup,0.36397758742029607,1102.4335156579637,3028.85,1
TXN_001569,378.97,card_expired,customer_followup,0.3209284930450296,121.62227100927487,0.0,0
TXN_001570,1065.23,network_error,retry,0.6322355668736462,673.4762929008142,1065.23,1
TXN_001571,4000.86,card_expired,customer_followup,0.4899698385471515,1960.3007282497565,4000.86,1
TXN_001572,515.8,limit_exceeded,alternate_payment,0.4042207330783336,208.49705412180447,515.8,1
TXN_001573,2424.93,bank_decline,alternate_payment,0.38020331885777536,921.9664339977852,0.0,0
TXN_001574,465.64,card_expired,customer_followup,0.37086903072927824,172.6914554687811,0.0,0
TXN_001575,2882.55,bank_decline,alternate_payment,0.5964670347051431,1719.3460508893102,2882.55,1
TXN_001576,1744.74,insufficient_funds,retry_later,0.5660988448846924,987.6952986241182,1744.74,1
TXN_001577,359.56,network_error,retry_later,0.6341422405465139,228.01218401090455,359.56,1
TXN_001578,5794.93,card_expired,customer_followup,0.5914943040874916,3427.668087585728,5794.93,1
TXN_001579,867.32,card_expired,customer_followup,0.6734464781705591,584.0935994468894,867.32,1
TXN_001580,804.12,card_expired,customer_followup,0.28653202100485786,230.4061287304263,804.12,1
TXN_001581,2209.61,limit_exceeded,alternate_payment,0.3351297371877079,740.5060185873313,2209.61,1
TXN_001582,5702.37,card_expired,customer_followup,0.398367977175344,2271.641602005366,5702.37,1
TXN_001583,654.7,network_error,retry,0.738776555246164,483.6770107196636,654.7,1
TXN_001584,1923.07,card_expired,customer_followup,0.3625836991580063,697.2738343397872,1923.07,1
TXN_001585,2776.14,limit_exceeded,alternate_payment,0.5533832476548661,1536.26936914458,0.0,0
TXN_001586,3615.93,authentication_failed,customer_followup,0.2577233165777523,931.9094721129919,3615.93,1
TXN_001587,2156.93,bank_decline,alternate_payment,0.8456262791718645,1823.9566903341695,2156.93,1
TXN_001588,1252.59,bank_decline,alternate_payment,0.23338961706792116,292.34150044310735,1252.59,1
TXN_001589,790.3,card_expired,customer_followup,0.3637871841495344,287.50101163337706,790.3,1
TXN_001590,1970.7,insufficient_funds,retry_later,0.5929913096619308,1168.607973950767,1970.7,1
TXN_001591,618.85,authentication_failed,customer_followup,0.5966014640904689,369.20681605238667,618.85,1
TXN_001592,97.38,authentication_failed,customer_followup,0.3319290728129178,32.32325311052193,0.0,0
TXN_001593,2797.72,limit_exceeded,alternate_payment,0.37654935816222207,1053.4796703176119,2797.72,1
TXN_001594,4464.6,insufficient_funds,retry_later,0.8823888180106932,3939.5131168905414,4464.6,1
TXN_001595,170.22,bank_decline,alternate_payment,0.3664526714934092,62.37757374160812,0.0,0
TXN_001596,658.7,limit_exceeded,alternate_payment,0.29171999072185906,192.1559578884886,0.0,0
TXN_001597,3358.18,network_error,retry_later,0.5246926988357652,1762.0125273762899,3358.18,1
TXN_001598,14150.36,limit_exceeded,alternate_payment,0.2355031136250578,3332.453838915473,14150.36,1
TXN_001599,1846.03,card_expired,customer_followup,0.25046320177661335,462.36258437568154,1846.03,1
TXN_001600,873.05,bank_decline,alternate_payment,0.6732854100071101,587.8118272067074,0.0,0
TXN_001601,1505.84,network_error,retry,0.8220378962153477,1237.8575456369192,1505.84,1
TXN_001602,7150.06,bank_decline,alternate_payment,0.6353339918524938,4542.676161784842,7150.06,1
TXN_001603,947.7,limit_exceeded,alternate_payment,0.7943629021514191,752.8177223688999,947.7,1
TXN_001604,813.06,limit_exceeded,alternate_payment,0.2234558598802709,181.68302143425305,813.06,1
TXN_001605,1115.72,insufficient_funds,retry_later,0.49980108129034206,557.6380624172605,1115.72,1
TXN_001606,696.92,insufficient_funds,retry_later,0.46351761395920843,323.0346955204515,696.92,1
TXN_001607,2044.01,bank_decline,alternate_payment,0.501863440937754,1025.8138919111786,2044.01,1
TXN_001608,9179.05,bank_decline,alternate_payment,0.477596176916246,4383.879187723068,0.0,0
TXN_001609,2497.58,limit_exceeded,alternate_payment,0.46114281681475977,1151.7410764202077,2497.58,1
TXN_001610,1404.79,network_error,retry,0.7756948221345561,1089.688329186403,1404.79,1
TXN_001611,1350.44,card_expired,customer_followup,0.27469004464710434,370.9524238932356,0.0,0
TXN_001612,378.72,authentication_failed,customer_followup,0.6858189048755643,259.7333356544737,378.72,1
TXN_001613,4372.59,card_expired,customer_followup,0.46211396281597317,2020.6348926694961,4372.59,1
TXN_001614,1672.65,limit_exceeded,alternate_payment,0.22124832825678065,370.07101625870416,1672.65,1
TXN_001615,1509.48,network_error,retry_later,0.7162545608635627,1081.1719345323306,1509.48,1
TXN_001616,44051.19,network_error,retry_later,0.6093963144976777,26844.632835236956,0.0,0
TXN_001617,2437.56,bank_decline,alternate_payment,0.8093761919794789,1972.9030305214985,0.0,0
TXN_001618,852.53,insufficient_funds,retry_later,0.2723980777862933,232.22753325514864,0.0,0
TXN_001619,1180.44,limit_exceeded,alternate_payment,0.37099518027272294,437.93755060113307,1180.44,1
TXN_001620,5701.28,limit_exceeded,alternate_payment,0.2382180653998876,1358.147891903071,0.0,0
TXN_001621,2024.89,authentication_failed,customer_followup,0.45051490100462677,912.2431178952587,2024.89,1
TXN_001622,429.11,card_expired,customer_followup,0.46512925416331513,199.59161425402016,429.11,1
TXN_001623,4533.41,authentication_failed,customer_followup,0.4821045292715249,2185.5774940448237,4533.41,1
TXN_001624,926.91,card_expired,customer_followup,0.48947286255777234,453.69729103342473,0.0,0
TXN_001625,11769.87,limit_exceeded,alternate_payment,0.26877987064173925,3163.504136070088,11769.87,1
TXN_001626,5324.36,card_expired,customer_followup,0.5298565429182603,2821.1469828522686,5324.36,1
TXN_001627,1155.95,insufficient_funds,retry_later,0.32800491734845627,379.15728420894806,1155.95,1
TXN_001628,6509.49,limit_exceeded,alternate_payment,0.5198919564173264,3384.2314913790224,6509.49,1
TXN_001629,1934.99,authentication_failed,customer_followup,0.5699788819332738,1102.9034367520655,1934.99,1
TXN_001630,4241.93,insufficient_funds,retry_later,0.3361329947192436,1425.8526342894013,4241.93,1
TXN_001631,2935.79,network_error,retry_later,0.5836310730940483,1713.418268078776,0.0,0
TXN_001632,775.6,bank_decline,alternate_payment,0.5972496652730954,463.2268403858128,775.6,1
TXN_001633,949.99,bank_decline,alternate_payment,0.36150939479848165,343.4303099646096,0.0,0
TXN_001634,5064.25,bank_decline,alternate_payment,0.24513890882900474,1241.4447190372873,0.0,0
TXN_001635,1293.65,network_error,retry,0.9054651698818488,1171.3550170176538,1293.65,1
TXN_001636,1207.55,bank_decline,alternate_payment,0.6570960728243253,793.4763627390139,1207.55,1
TXN_001637,695.67,network_error,retry,0.7282881077621256,506.6481879268779,695.67,1
TXN_001638,2761.69,bank_decline,alternate_payment,0.5412220948369548,1494.6876470902698,2761.69,1
TXN_001639,14221.71,card_expired,customer_followup,0.2754052762799122,3916.7339717227896,0.0,0
TXN_001640,621.71,limit_exceeded,alternate_payment,0.41675107004524936,259.098307757832,0.0,0
TXN_001641,1852.37,limit_exceeded,alternate_payment,0.30086275690242964,557.3091450033536,1852.37,1
TXN_001642,7422.12,insufficient_funds,retry_later,0.7730737307480089,5737.845998459412,0.0,0
TXN_001643,1669.63,limit_exceeded,alternate_payment,0.3083805562392077,514.8814281136683,1669.63,1
TXN_001644,2842.31,network_error,retry_later,0.41890394286849264,1190.6548658545453,0.0,0
TXN_001645,624.91,limit_exceeded,alternate_payment,0.31246561932913963,195.26289017497263,624.91,1
TXN_001646,2774.73,limit_exceeded,alternate_payment,0.30169723217379385,837.128361029591,0.0,0
TXN_001647,1499.45,network_error,retry,0.5224138049564201,783.3333798419042,1499.45,1
TXN_001648,4845.13,insufficient_funds,retry_later,0.7278486803488275,3526.521476618515,4845.13,1
TXN_001649,5927.67,card_expired,customer_followup,0.3181521736557269,1885.9010952138426,0.0,0
TXN_001650,24090.28,insufficient_funds,retry_later,0.35966673569626695,8664.472369609066,0.0,0
TXN_001651,3228.05,network_error,retry,0.7245300843183534,2338.8193386838607,3228.05,1
TXN_001652,2504.38,limit_exceeded,alternate_payment,0.45597825236507206,1141.9428156580393,2504.38,1
TXN_001653,2195.98,bank_decline,alternate_payment,0.7528022507141003,1653.13868652315,2195.98,1
TXN_001654,1270.08,bank_decline,alternate_payment,0.5170628134715012,656.7111381338842,1270.08,1
TXN_001655,2536.36,card_expired,customer_followup,0.2770670414026898,702.7417611321263,2536.36,1
TXN_001656,1345.6,network_error,retry_later,0.6442667400543052,866.9253254170729,0.0,0
TXN_001657,2139.79,network_error,retry,0.8472990781294867,1813.0420943906943,2139.79,1
TXN_001658,6752.02,limit_exceeded,alternate_payment,0.4254254860108783,2872.481390055171,6752.02,1
TXN_001659,660.8,card_expired,customer_followup,0.24377484563982155,161.08641799879408,660.8,1
TXN_001660,5652.64,authentication_failed,customer_followup,0.8115557188639044,4587.432318678861,5652.64,1
TXN_001661,6748.77,card_expired,customer_followup,0.3815780710246529,2575.182638389047,6748.77,1
TXN_001662,1606.69,insufficient_funds,retry_later,0.3237013468212029,520.0877169241585,1606.69,1
TXN_001663,216.62,insufficient_funds,retry_later,0.6489820724448141,140.58249653299563,0.0,0
TXN_001664,984.54,authentication_failed,customer_followup,0.2904145923786043,285.92478278043103,984.54,1
TXN_001665,6614.34,insufficient_funds,retry_later,0.3742328817874966,2475.3035193223104,0.0,0
TXN_001666,1767.17,card_expired,customer_followup,0.5063750721294447,894.8508362149907,0.0,0
TXN_001667,665.61,insufficient_funds,retry_later,0.6269098990532819,417.27749790885497,665.61,1
TXN_001668,1091.41,card_expired,customer_followup,0.38319833894149924,418.22649910414174,0.0,0
TXN_001669,4190.69,insufficient_funds,retry_later,0.5889536827295133,2468.122308677744,4190.69,1
TXN_001670,3123.58,insufficient_funds,retry_later,0.6995060627182191,2184.9631473853747,0.0,0
TXN_001671,1423.78,bank_decline,alternate_payment,0.6567476100992229,935.0641123070716,1423.78,1
TXN_001672,1252.85,bank_decline,alternate_payment,0.7890081822945675,988.5089011877488,1252.85,1
TXN_001673,1222.0,card_expired,customer_followup,0.7525970749969839,919.6736256463143,1222.0,1
TXN_001674,718.8,authentication_failed,customer_followup,0.6781151880464592,487.4291971677948,718.8,1
TXN_001675,9094.05,bank_decline,alternate_payment,0.5017834967240499,4563.244208383346,0.0,0
TXN_001676,1309.87,card_expired,customer_followup,0.615803068079205,806.6219647849082,1309.87,1
TXN_001677,6106.8,card_expired,customer_followup,0.40697384248845947,2485.3078613085245,6106.8,1
TXN_001678,8277.66,limit_exceeded,alternate_payment,0.670476641896236,5549.977679558797,8277.66,1
TXN_001679,4906.47,bank_decline,alternate_payment,0.32796555350003026,1609.1531492812935,4906.47,1
TXN_001680,1174.24,limit_exceeded,alternate_payment,0.2823206029034354,331.51214475333,0.0,0
TXN_001681,2707.36,authentication_failed,customer_followup,0.5161372571759558,1397.369364587896,2707.36,1
TXN_001682,1764.82,insufficient_funds,retry_later,0.5643482528487876,995.9730835925974,0.0,0
TXN_001683,732.38,authentication_failed,customer_followup,0.7293605348141722,534.1690684872034,732.38,1
TXN_001684,2500.78,limit_exceeded,alternate_payment,0.24657691557850228,616.634618940407,0.0,0
TXN_001685,556.11,bank_decline,alternate_payment,0.38564244091254274,214.45961781587414,556.11,1
TXN_001686,5929.41,limit_exceeded,alternate_payment,0.37685417934609816,2234.522939556548,0.0,0
TXN_001687,1136.13,card_expired,customer_followup,0.5402803432792609,613.8287064098668,0.0,0
TXN_001688,2210.91,bank_decline,alternate_payment,0.3857557831710491,852.871318570704,2210.91,1
TXN_001689,2400.15,bank_decline,alternate_payment,0.33298390256484145,799.2113137410042,2400.15,1
TXN_001690,1395.62,bank_decline,alternate_payment,0.6355596258179534,886.9997249840521,1395.62,1
TXN_001691,3250.92,bank_decline,alternate_payment,0.33641513082064023,1093.6586770874358,3250.92,1
TXN_001692,1124.5,authentication_failed,customer_followup,0.41681508547877033,468.7085636208772,1124.5,1
TXN_001693,4321.24,network_error,retry,0.5622333812670859,2429.545376466582,4321.24,1
TXN_001694,470.61,bank_decline,alternate_payment,0.6111631864245521,287.6195071632585,470.61,1
TXN_001695,2051.61,authentication_failed,customer_followup,0.5476331281042591,1123.5296019499792,2051.61,1
TXN_001696,12568.25,authentication_failed,customer_followup,0.3462395718449406,4351.625498840174,12568.25,1
TXN_001697,664.92,bank_decline,alternate_payment,0.5573941837057663,370.62254062963814,664.92,1
TXN_001698,918.05,authentication_failed,customer_followup,0.743920816834623,682.9565058950255,918.05,1
TXN_001699,3022.71,bank_decline,alternate_payment,0.288437108880936,871.8617333854941,0.0,0
TXN_001700,2163.71,card_expired,customer_followup,0.5642066166265557,1220.7794984610448,2163.71,1
TXN_001701,2567.35,insufficient_funds,retry_later,0.36000990277093486,924.2714238789596,0.0,0
TXN_001702,2948.9,authentication_failed,customer_followup,0.25069835226704584,739.2843710002915,2948.9,1
TXN_001703,3410.87,network_error,retry_later,0.5514965158045819,1881.0829208623743,3410.87,1
TXN_001704,5484.6,network_error,retry_later,0.4736428618471893,2597.7416400870948,5484.6,1
TXN_001705,2723.9,card_expired,customer_followup,0.3971953236194517,1081.9203420070246,2723.9,1
TXN_001706,1420.47,authentication_failed,customer_followup,0.4527637178876493,643.1372783478693,1420.47,1
TXN_001707,3542.45,card_expired,customer_followup,0.3205350292361903,1135.4793143177424,0.0,0
TXN_001708,12086.95,network_error,retry,0.4242566218039179,5127.968574912866,12086.95,1
TXN_001709,1583.46,card_expired,customer_followup,0.6440241532273547,1019.7864856693872,1583.46,1
TXN_001710,682.3,limit_exceeded,alternate_payment,0.49075991970230104,334.84549321288,682.3,1
TXN_001711,5470.26,bank_decline,alternate_payment,0.5144730882497593,2814.3015557291287,5470.26,1
TXN_001712,1602.98,insufficient_funds,retry_later,0.5023340856099667,805.2314925510644,1602.98,1
TXN_001713,205.89,bank_decline,alternate_payment,0.37791312624445517,77.80853356247087,0.0,0
TXN_001714,4219.29,limit_exceeded,alternate_payment,0.3318323413653567,1400.0968795994359,4219.29,1
TXN_001715,1058.57,authentication_failed,customer_followup,0.7854700214728476,831.4750006305122,1058.57,1
TXN_001716,1651.55,limit_exceeded,alternate_payment,0.5871232210706913,969.6633557593001,0.0,0
TXN_001717,2519.91,network_error,retry_later,0.7301686431107559,1839.9592654612247,2519.91,1
TXN_001718,2187.47,authentication_failed,customer_followup,0.3759276841195135,822.3305311809121,2187.47,1
TXN_001719,3675.53,card_expired,customer_followup,0.8460916684800952,3109.8353102486444,0.0,0
TXN_001720,1169.71,limit_exceeded,alternate_payment,0.5624308808894847,657.8810256852391,1169.71,1
TXN_001721,3020.28,insufficient_funds,retry_later,0.6773522676189629,2045.7935068442016,3020.28,1
TXN_001722,1394.73,bank_decline,alternate_payment,0.7594038104328067,1059.1632765249485,1394.73,1
TXN_001723,3785.04,limit_exceeded,alternate_payment,0.2537907582543904,960.6081716231978,3785.04,1
TXN_001724,3345.49,bank_decline,alternate_payment,0.24379114082854625,815.6008237304932,3345.49,1
TXN_001725,709.5,limit_exceeded,alternate_payment,0.5185257239845553,367.894001167042,709.5,1
TXN_001726,5356.05,insufficient_funds,retry_later,0.4502897496806444,2411.7744137770155,5356.05,1
TXN_001727,1057.9,insufficient_funds,retry_later,0.3452853283226677,365.27734883255016,1057.9,1
TXN_001728,4056.43,card_expired,customer_followup,0.3780492195917171,1533.530195828429,0.0,0
TXN_001729,2610.47,bank_decline,alternate_payment,0.3318028137929628,866.1612913221155,0.0,0
TXN_001730,11363.75,network_error,retry,0.6689569578664138,7601.859629954461,11363.75,1
TXN_001731,1445.97,insufficient_funds,retry_later,0.3909854930233419,565.3532933469617,1445.97,1
TXN_001732,1274.98,card_expired,customer_followup,0.6470114922074388,824.9267123346403,1274.98,1
TXN_001733,1773.27,insufficient_funds,retry_later,0.604161881092851,1071.3421388855197,1773.27,1
TXN_001734,1335.18,limit_exceeded,alternate_payment,0.628334364434898,838.9394767061872,1335.18,1
TXN_001735,4023.64,limit_exceeded,alternate_payment,0.31177570156921963,1254.4731838619748,4023.64,1
TXN_001736,359.13,authentication_failed,customer_followup,0.3688239291565202,132.4557376779811,0.0,0
TXN_001737,630.38,insufficient_funds,retry_later,0.66985150118349,422.26098931604844,630.38,1
TXN_001738,621.54,authentication_failed,customer_followup,0.4192699249279562,260.59302913972186,621.54,1
TXN_001739,4676.51,authentication_failed,customer_followup,0.2646428742060216,1237.6050476532023,4676.51,1
TXN_001740,10002.73,network_error,retry_later,0.6996477113986322,6998.387152238441,10002.73,1
TXN_001741,1628.72,authentication_failed,customer_followup,0.5471925619684026,891.2234695291767,1628.72,1
TXN_001742,1527.18,authentication_failed,customer_followup,0.4016727031516645,613.426518799159,1527.18,1
TXN_001743,1939.24,authentication_failed,customer_followup,0.699885264822159,1357.2455009537236,1939.24,1
TXN_001744,5778.38,insufficient_funds,retry_later,0.3587900808947626,2073.2254276406784,5778.38,1
TXN_001745,715.26,limit_exceeded,alternate_payment,0.6840533220511908,489.27597913033475,715.26,1
TXN_001746,2294.73,limit_exceeded,alternate_payment,0.3707372968062944,850.741997100308,2294.73,1
TXN_001747,4794.37,insufficient_funds,retry_later,0.7385331097737944,3540.8009855061864,4794.37,1
TXN_001748,2984.22,card_expired,customer_followup,0.3546455835692103,1058.3404433989085,2984.22,1
TXN_001749,2185.46,bank_decline,alternate_payment,0.7423820202226963,1622.4462099158939,2185.46,1
TXN_001750,4919.91,network_error,retry,0.7436312245543326,3658.5986979971067,4919.91,1
TXN_001751,121.12,insufficient_funds,retry_later,0.31585780731826996,38.256697622388856,121.12,1
TXN_001752,3561.28,card_expired,customer_followup,0.32297825310924977,1150.215993232909,3561.28,1
TXN_001753,940.04,card_expired,customer_followup,0.3280590628419238,308.38864143392203,940.04,1
TXN_001754,289.85,network_error,retry_later,0.5907869828343693,171.23960697454194,289.85,1
TXN_001755,3014.54,card_expired,customer_followup,0.4706676716307229,1418.8465228376792,0.0,0
TXN_001756,7141.36,limit_exceeded,alternate_payment,0.29356271551336566,2096.4370340585288,0.0,0
TXN_001757,1575.85,limit_exceeded,alternate_payment,0.5650456267331343,890.4271508874097,0.0,0
TXN_001758,4688.53,limit_exceeded,alternate_payment,0.47612588124215593,2232.330477980285,4688.53,1
TXN_001759,9065.93,insufficient_funds,retry_later,0.6833726319091722,6195.408444804321,9065.93,1
TXN_001760,6733.93,limit_exceeded,alternate_payment,0.6633046903972992,4466.647353807085,6733.93,1
TXN_001761,9320.43,limit_exceeded,alternate_payment,0.43158490510946573,4022.556897129418,9320.43,1
TXN_001762,3797.61,authentication_failed,customer_followup,0.6967906182100091,2646.1390196205125,0.0,0
TXN_001763,1949.71,insufficient_funds,retry_later,0.4650137484113247,906.6419554150439,1949.71,1
TXN_001764,364.32,card_expired,customer_followup,0.45158396407344553,164.52106979123766,364.32,1
TXN_001765,1413.66,bank_decline,alternate_payment,0.309637415536833,437.7220288477994,1413.66,1
TXN_001766,778.02,limit_exceeded,alternate_payment,0.36477687642550155,283.8037053965687,778.02,1
TXN_001767,15850.28,bank_decline,alternate_payment,0.5357125620802028,8491.194108488597,0.0,0
TXN_001768,1516.43,authentication_failed,customer_followup,0.4105660899844852,622.5947358351729,1516.43,1
TXN_001769,2045.11,limit_exceeded,alternate_payment,0.40383279897897073,825.8824955198828,2045.11,1
TXN_001770,3138.45,card_expired,customer_followup,0.5718645871779936,1794.768413628774,3138.45,1
TXN_001771,1888.62,authentication_failed,customer_followup,0.7653618669043529,1445.477729072899,1888.62,1
TXN_001772,9848.27,limit_exceeded,alternate_payment,0.5650371886987963,5564.638794346694,9848.27,1
TXN_001773,970.05,authentication_failed,customer_followup,0.5130671222596269,497.7007619479511,0.0,0
TXN_001774,2196.47,authentication_failed,customer_followup,0.7339044417579935,1611.9990891881798,0.0,0
TXN_001775,860.51,limit_exceeded,alternate_payment,0.37121990545277916,319.438440841171,0.0,0
TXN_001776,482.98,bank_decline,alternate_payment,0.4170214784069224,201.41303364097539,482.98,1
TXN_001777,980.66,network_error,retry_later,0.685831362806983,672.567384250296,0.0,0
TXN_001778,1742.3,card_expired,customer_followup,0.353545143722126,615.98170390706,1742.3,1
TXN_001779,1176.97,authentication_failed,customer_followup,0.37389435111514596,440.0624344319934,1176.97,1
TXN_001780,904.68,limit_exceeded,alternate_payment,0.37104867634507627,335.6803165158636,0.0,0
TXN_001781,443.05,authentication_failed,customer_followup,0.5166669311334531,228.9092838386764,443.05,1
TXN_001782,1663.86,insufficient_funds,retry_later,0.5489574735269387,913.3883819025322,0.0,0
TXN_001783,401.53,insufficient_funds,retry_later,0.3890225996424562,156.20424443443542,401.53,1
TXN_001784,3866.31,insufficient_funds,retry_later,0.8263368446296924,3194.8744057602257,3866.31,1
TXN_001785,1963.41,card_expired,customer_followup,0.5805718848579137,1139.9006444488764,1963.41,1
TXN_001786,420.92,network_error,retry_later,0.7346887442419245,309.24518622631086,0.0,0
TXN_001787,1327.15,card_expired,customer_followup,0.3032036665888944,402.39674611345123,0.0,0
TXN_001788,852.22,limit_exceeded,alternate_payment,0.358382667000031,305.4208764707665,852.22,1
TXN_001789,2487.85,card_expired,customer_followup,0.5393155840152695,1341.736275692388,2487.85,1
TXN_001790,6908.1,limit_exceeded,alternate_payment,0.46120724759853954,3186.065787135471,6908.1,1
TXN_001791,277.22,bank_decline,alternate_payment,0.3250854797037912,90.120196683485,277.22,1
TXN_001792,2028.45,card_expired,customer_followup,0.6350392535322047,1288.1453738274006,2028.45,1
TXN_001793,1540.51,insufficient_funds,retry_later,0.4690014547745024,722.5014310946686,1540.51,1
TXN_001794,3538.08,insufficient_funds,retry_later,0.8352838460187089,2955.3010699218735,3538.08,1
TXN_001795,2237.68,authentication_failed,customer_followup,0.6293796685062488,1408.3502966230628,2237.68,1
TXN_001796,852.38,limit_exceeded,alternate_payment,0.7674272820988026,654.1396667153774,852.38,1
TXN_001797,1314.15,limit_exceeded,alternate_payment,0.3950785777979606,519.1925130131899,0.0,0
TXN_001798,815.64,authentication_failed,customer_followup,0.33294318605470913,271.561780273663,815.64,1
TXN_001799,5302.89,insufficient_funds,retry_later,0.4648105730167108,2464.8393395445855,5302.89,1
TXN_001800,1846.99,card_expired,customer_followup,0.3906474910187993,721.5220094368121,1846.99,1
TXN_001801,12102.78,card_expired,customer_followup,0.32640555686147477,3950.41464547192,0.0,0
TXN_001802,1701.63,limit_exceeded,alternate_payment,0.330914791091229,563.0945359645681,0.0,0
TXN_001803,890.33,network_error,retry_later,0.4915860680521382,437.67382396886023,890.33,1
TXN_001804,397.93,card_expired,customer_followup,0.6568250999498129,261.370412023029,397.93,1
TXN_001805,297.93,bank_decline,alternate_payment,0.41142306619904967,122.57527411268288,297.93,1
TXN_001806,370.87,bank_decline,alternate_payment,0.6034873389742963,223.81534940539726,370.87,1
TXN_001807,2361.68,card_expired,customer_followup,0.38272874474391144,903.8828218868007,2361.68,1
TXN_001808,3007.08,authentication_failed,customer_followup,0.33357790649530406,1003.0954510638988,3007.08,1
TXN_001809,371.97,authentication_failed,customer_followup,0.2956937293853675,109.98919651947514,371.97,1
TXN_001810,4425.06,authentication_failed,customer_followup,0.31103900985017074,1376.3662809275968,4425.06,1
TXN_001811,1115.37,bank_decline,alternate_payment,0.43672647886803617,487.11161273504143,1115.37,1
TXN_001812,2093.92,insufficient_funds,retry_later,0.4257898511046142,891.5698850249738,0.0,0
TXN_001813,9065.4,limit_exceeded,alternate_payment,0.35371770145884784,3206.5924508050393,9065.4,1
TXN_001814,4433.03,network_error,retry,0.8551638612991506,3790.967052054973,4433.03,1
TXN_001815,1382.25,limit_exceeded,alternate_payment,0.3811149103476116,526.7960848279861,1382.25,1
TXN_001816,741.6,authentication_failed,customer_followup,0.6354727371574711,471.2665818759806,0.0,0
TXN_001817,210.23,card_expired,customer_followup,0.6445534985389512,135.5044819978437,210.23,1
TXN_001818,880.81,insufficient_funds,retry_later,0.34543936759512794,304.2664493714646,0.0,0
TXN_001819,1463.92,network_error,retry,0.9082954872403456,1329.6719296808867,1463.92,1
TXN_001820,673.72,insufficient_funds,retry_later,0.5702985640438779,384.22154856764143,673.72,1
TXN_001821,1585.64,card_expired,customer_followup,0.40340540860706336,639.655752103704,1585.64,1
TXN_001822,1952.47,insufficient_funds,retry_later,0.2958273200521435,577.5939675822086,1952.47,1
TXN_001823,1443.96,network_error,retry_later,0.6674520025393182,963.773993586674,0.0,0
TXN_001824,943.88,card_expired,customer_followup,0.4076087113902678,384.73371050704594,943.88,1
TXN_001825,2140.2,bank_decline,alternate_payment,0.547692517831126,1172.171526662176,2140.2,1
TXN_001826,2812.81,insufficient_funds,retry_later,0.3581583718781921,1007.4314500026975,2812.81,1
TXN_001827,607.65,card_expired,customer_followup,0.5469858634797568,332.3759599434742,607.65,1
TXN_001828,7412.57,insufficient_funds,retry_later,0.7868254444841603,5832.398685019952,0.0,0
TXN_001829,1638.3,card_expired,customer_followup,0.5718667121184345,936.8892344636313,0.0,0
TXN_001830,1842.45,authentication_failed,customer_followup,0.4438957312863907,817.8556901086106,1842.45,1
TXN_001831,3670.98,insufficient_funds,retry_later,0.8165801417050196,2997.649368596293,0.0,0
TXN_001832,2282.93,authentication_failed,customer_followup,0.2884334496860486,658.4733752917709,2282.93,1
TXN_001833,4689.76,authentication_failed,customer_followup,0.7517012726692529,3525.298560513356,4689.76,1
TXN_001834,2409.38,bank_decline,alternate_payment,0.3967333088500138,955.8812996770463,0.0,0
TXN_001835,980.01,authentication_failed,customer_followup,0.4806595337800395,471.0511496997765,0.0,0
TXN_001836,2595.42,insufficient_funds,retry_later,0.42747379519558365,1109.4740375265217,2595.42,1
TXN_001837,576.1,insufficient_funds,retry_later,0.4381520137099302,252.41937509829077,576.1,1
TXN_001838,2015.37,network_error,retry,0.724726442916019,1460.591931259657,2015.37,1
TXN_001839,1748.95,authentication_failed,customer_followup,0.2911247375534246,509.16260974406197,0.0,0
TXN_001840,1468.33,limit_exceeded,alternate_payment,0.4911378461135454,721.152433583902,1468.33,1
TXN_001841,1589.96,bank_decline,alternate_payment,0.6253823271461616,994.3328848693111,1589.96,1
TXN_001842,275.38,card_expired,customer_followup,0.5643296028974045,155.40508604588726,275.38,1
TXN_001843,1044.48,card_expired,customer_followup,0.4321022929873909,451.32220297947003,1044.48,1
TXN_001844,1983.95,card_expired,customer_followup,0.8077603745376072,1602.5561950638858,1983.95,1
TXN_001845,2121.45,bank_decline,alternate_payment,0.40955513865333204,868.8507488961112,0.0,0
TXN_001846,646.99,bank_decline,alternate_payment,0.7759510337412099,502.0325593202254,646.99,1
TXN_001847,6410.6,network_error,retry_later,0.6601709232478228,4232.091720572493,6410.6,1
TXN_001848,760.39,network_error,retry,0.6799589362712748,517.0339755513146,760.39,1
TXN_001849,4766.93,card_expired,customer_followup,0.5482336460266648,2613.3914142538893,0.0,0
TXN_001850,2771.64,authentication_failed,customer_followup,0.36705170636362205,1017.3351914256693,0.0,0
TXN_001851,947.45,bank_decline,alternate_payment,0.5514510330479752,522.472281261304,947.45,1
TXN_001852,10671.28,authentication_failed,customer_followup,0.3204060430364658,3419.142598934177,0.0,0
TXN_001853,548.05,network_error,retry_later,0.47505999323766146,260.35662929390037,0.0,0
TXN_001854,4533.07,authentication_failed,customer_followup,0.7903023305807612,3582.495785685731,4533.07,1
TXN_001855,4917.63,insufficient_funds,retry_later,0.506187292440897,2489.2418149261284,0.0,0
TXN_001856,924.62,bank_decline,alternate_payment,0.3631437370014334,335.7699621062653,924.62,1
TXN_001857,7276.94,bank_decline,alternate_payment,0.8559330895232036,6228.57373647498,7276.94,1
TXN_001858,1408.04,card_expired,customer_followup,0.2427610722259848,341.8173001370756,1408.04,1
TXN_001859,2413.16,limit_exceeded,alternate_payment,0.2881478771035855,695.3469311112884,0.0,0
TXN_001860,2345.66,card_expired,customer_followup,0.5276751025260841,1237.7463809913343,0.0,0
TXN_001861,1580.81,card_expired,customer_followup,0.7639285220912385,1207.6258470070507,1580.81,1
TXN_001862,4067.6,insufficient_funds,retry_later,0.3400810253110953,1383.3135785554111,0.0,0
TXN_001863,3997.76,card_expired,customer_followup,0.6336933665335793,2533.353992993282,3997.76,1
TXN_001864,314.65,card_expired,customer_followup,0.7317244884413725,230.23711028807784,314.65,1
TXN_001865,6663.1,bank_decline,alternate_payment,0.7211458675905137,4805.067030342352,0.0,0
TXN_001866,342.92,limit_exceeded,alternate_payment,0.34657401057401555,118.84715970604141,0.0,0
TXN_001867,5077.36,authentication_failed,customer_followup,0.25576318890369293,1298.6017848120543,5077.36,1
TXN_001868,5578.67,bank_decline,alternate_payment,0.5943982125132623,3315.951476201361,5578.67,1
TXN_001869,607.31,authentication_failed,customer_followup,0.26803498570684525,162.78032716962417,607.31,1
TXN_001870,1198.93,bank_decline,alternate_payment,0.5186769062905513,621.8573032589308,1198.93,1
TXN_001871,598.42,insufficient_funds,retry_later,0.7590963740236026,454.25845214320424,598.42,1
TXN_001872,1458.38,authentication_failed,customer_followup,0.7805331321143322,1138.3139092129,1458.38,1
TXN_001873,1328.71,insufficient_funds,retry_later,0.20949033680028437,278.35190540990584,0.0,0
TXN_001874,3942.86,bank_decline,alternate_payment,0.8081718946461043,3186.5086365243387,3942.86,1
TXN_001875,6702.99,network_error,retry_later,0.6053390323102599,4057.5814801853485,0.0,0
TXN_001876,7300.4,insufficient_funds,retry_later,0.3459440010610053,2525.5295853457633,7300.4,1
TXN_001877,1030.53,card_expired,customer_followup,0.47954924552653433,494.1898839924594,1030.53,1
TXN_001878,1466.71,network_error,retry,0.7993100533393213,1172.3560483333158,1466.71,1
TXN_001879,335.82,bank_decline,alternate_payment,0.37558941332808987,126.13043678383914,335.82,1
TXN_001880,807.65,network_error,retry,0.7851454244992757,634.12270209684,807.65,1
TXN_001881,4745.02,insufficient_funds,retry_later,0.541608367724311,2569.9425370192102,0.0,0
TXN_001882,9095.93,network_error,retry,0.7917469789621816,7201.675098351477,9095.93,1
TXN_001883,526.18,bank_decline,alternate_payment,0.3337551500492087,175.61528485289261,0.0,0
TXN_001884,999.78,network_error,retry,0.8400791469522717,839.8943295399422,999.78,1
TXN_001885,1760.92,insufficient_funds,retry_later,0.4205087654697207,740.4822952909407,1760.92,1
TXN_001886,2392.66,authentication_failed,customer_followup,0.7381914312772664,1766.2411099598642,2392.66,1
TXN_001887,804.64,authentication_failed,customer_followup,0.2902283202707856,233.52931562268492,804.64,1
TXN_001888,2762.97,limit_exceeded,alternate_payment,0.417449709296871,1153.4010232959756,2762.97,1
TXN_001889,1125.7,limit_exceeded,alternate_payment,0.3179626161711512,357.9305170238649,0.0,0
TXN_001890,1782.1,insufficient_funds,retry_later,0.8364317326559598,1490.604990766186,0.0,0
TXN_001891,3122.17,bank_decline,alternate_payment,0.276327300465512,862.7408076944076,3122.17,1
TXN_001892,1819.69,network_error,retry_later,0.6235258362718015,1134.6237290054344,1819.69,1
TXN_001893,1168.66,card_expired,customer_followup,0.5408258771079117,632.0415695409322,1168.66,1
TXN_001894,1620.34,limit_exceeded,alternate_payment,0.3757410339542694,608.8282269574609,1620.34,1
TXN_001895,1655.13,insufficient_funds,retry_later,0.5460725139499609,903.8210000139989,1655.13,1
TXN_001896,1248.86,network_error,retry,0.7171263311914712,895.5903899717806,1248.86,1
TXN_001897,1395.77,bank_decline,alternate_payment,0.3424235998523995,477.94458796598366,1395.77,1
TXN_001898,8943.19,limit_exceeded,alternate_payment,0.30120501764580415,2693.7337017597793,8943.19,1
TXN_001899,3168.2,network_error,retry,0.5903732594211071,1870.4205604979513,3168.2,1
TXN_001900,1345.5,bank_decline,alternate_payment,0.7111777010531192,956.8895967669719,1345.5,1
TXN_001901,3629.88,insufficient_funds,retry_later,0.4967079693649963,1802.9903238386128,3629.88,1
TXN_001902,1294.89,network_error,retry,0.5758946988381669,745.720286578554,1294.89,1
TXN_001903,5843.73,card_expired,customer_followup,0.5463772620049153,3192.8811972959834,5843.73,1
TXN_001904,2616.63,limit_exceeded,alternate_payment,0.4208680138155564,1101.2558709901994,2616.63,1
TXN_001905,1624.08,card_expired,customer_followup,0.5642841432716685,916.4425914046514,0.0,0
TXN_001906,2829.11,network_error,retry_later,0.5700864780279042,1612.8373558535243,2829.11,1
TXN_001907,375.83,insufficient_funds,retry_later,0.5948000567098395,223.54370531325895,0.0,0
TXN_001908,585.95,authentication_failed,customer_followup,0.7408278727924722,434.0880920627491,585.95,1
TXN_001909,547.89,bank_decline,alternate_payment,0.32059890031722527,175.65293149480453,547.89,1
TXN_001910,2085.87,authentication_failed,customer_followup,0.41275545822413207,860.9542276459703,2085.87,1
TXN_001911,10224.22,bank_decline,alternate_payment,0.3216631587971979,3288.7549014374868,10224.22,1
TXN_001912,16836.43,bank_decline,alternate_payment,0.35390795153340454,5958.546452435558,0.0,0
TXN_001913,3422.24,bank_decline,alternate_payment,0.7910084699190967,2707.0208260959294,0.0,0
TXN_001914,2983.48,authentication_failed,customer_followup,0.4365485445609172,1302.433851726605,2983.48,1
TXN_001915,298.55,card_expired,customer_followup,0.4070078149055595,121.51218314005479,298.55,1
TXN_001916,1050.82,card_expired,customer_followup,0.6759030153619305,710.2524066026238,1050.82,1
TXN_001917,822.39,card_expired,customer_followup,0.3124737167770797,256.9752599403026,0.0,0
TXN_001918,971.8,insufficient_funds,retry_later,0.5803092648233503,563.9445435553318,971.8,1
TXN_001919,1528.22,authentication_failed,customer_followup,0.4694791299232036,717.4673959312382,1528.22,1
TXN_001920,1127.67,bank_decline,alternate_payment,0.6457055850540687,728.1428170979217,1127.67,1
TXN_001921,249.81,insufficient_funds,retry_later,0.7941229513248363,198.37985447045736,249.81,1
TXN_001922,3819.64,insufficient_funds,retry_later,0.5418311108577827,2069.599784276821,3819.64,1
TXN_001923,618.48,authentication_failed,customer_followup,0.3231324743962036,199.850972764564,618.48,1
TXN_001924,2296.74,network_error,retry,0.5329653518736568,1224.0828422623024,2296.74,1
TXN_001925,14387.03,limit_exceeded,alternate_payment,0.45438715279079867,6537.2815988158045,0.0,0
TXN_001926,720.98,network_error,retry_later,0.555026786928547,400.16321283974384,720.98,1
TXN_001927,143.99,card_expired,customer_followup,0.6098306166702847,87.8095104943543,143.99,1
TXN_001928,1358.31,card_expired,customer_followup,0.25986474641459617,352.97688370241013,1358.31,1
TXN_001929,5436.87,card_expired,customer_followup,0.2980366384910704,1620.386458712946,0.0,0
TXN_001930,12814.69,network_error,retry,0.6202542403324112,7948.365811045346,12814.69,1
TXN_001931,528.72,limit_exceeded,alternate_payment,0.6580701673484499,347.93485888047246,528.72,1
TXN_001932,2971.13,insufficient_funds,retry_later,0.4691409719219204,1393.8788159063754,2971.13,1
TXN_001933,1135.34,insufficient_funds,retry_later,0.7114217162492948,807.7055313264743,1135.34,1
TXN_001934,1626.28,insufficient_funds,retry_later,0.5893594216516294,958.4634402436118,1626.28,1
TXN_001935,25446.75,card_expired,customer_followup,0.23430447785287356,5962.2874718026105,0.0,0
TXN_001936,402.23,limit_exceeded,alternate_payment,0.3750765460169849,150.86703910441184,0.0,0
TXN_001937,2330.27,network_error,retry,0.8029143287929601,1871.007172956371,2330.27,1
TXN_001938,2886.19,limit_exceeded,alternate_payment,0.4379358812433518,1263.9661610857495,0.0,0
TXN_001939,5355.0,limit_exceeded,alternate_payment,0.3687128212581411,1974.4571578373454,5355.0,1
TXN_001940,1994.17,card_expired,customer_followup,0.5771061113564924,1150.8476940837763,1994.17,1
TXN_001941,2460.33,bank_decline,alternate_payment,0.2859012949161769,703.4115329211174,2460.33,1
TXN_001942,1222.13,card_expired,customer_followup,0.5352280584957053,654.1182671293564,1222.13,1
TXN_001943,2366.4,bank_decline,alternate_payment,0.8124510903966433,1922.5842603146168,2366.4,1
TXN_001944,1282.81,limit_exceeded,alternate_payment,0.3365375672922615,431.71375669818593,0.0,0
TXN_001945,3366.31,bank_decline,alternate_payment,0.5872624374048813,1976.9074156604258,0.0,0
TXN_001946,1249.36,network_error,retry,0.5202428707662051,649.9706330204659,1249.36,1
TXN_001947,2636.22,limit_exceeded,alternate_payment,0.30893189738457416,814.4124465231621,2636.22,1
TXN_001948,1755.9,insufficient_funds,retry_later,0.3774707466930516,662.8008841183293,1755.9,1
TXN_001949,5575.01,authentication_failed,customer_followup,0.39690608158701957,2212.75537390845,5575.01,1
TXN_001950,1717.47,card_expired,customer_followup,0.7319716713318867,1257.1393863623755,1717.47,1
TXN_001951,307.04,network_error,retry_later,0.6244500930022077,191.73115655539786,307.04,1
TXN_001952,6386.37,card_expired,customer_followup,0.7199287635806837,4597.731457868771,6386.37,1
TXN_001953,730.89,bank_decline,alternate_payment,0.5478908201270948,400.4479215226923,730.89,1
TXN_001954,940.33,insufficient_funds,retry_later,0.3323804988156312,312.5473544513025,0.0,0
TXN_001955,996.59,insufficient_funds,retry_later,0.7488485946774538,746.2950209696037,0.0,0
TXN_001956,7146.93,authentication_failed,customer_followup,0.3436953005041858,2456.3662540323808,0.0,0
TXN_001957,213.65,bank_decline,alternate_payment,0.7778710703701058,166.19215418457313,213.65,1
TXN_001958,41678.83,authentication_failed,customer_followup,0.594976968628736,24797.94392939242,41678.83,1
TXN_001959,5198.14,card_expired,customer_followup,0.2850408159498546,1481.6820670215773,0.0,0
TXN_001960,2260.27,insufficient_funds,retry_later,0.4410199410293722,996.8241421104591,0.0,0
TXN_001961,1711.47,insufficient_funds,retry_later,0.47481071662466967,812.6242971816234,1711.47,1
TXN_001962,2405.6,authentication_failed,customer_followup,0.30359751813620117,730.3341896284455,2405.6,1
TXN_001963,3044.59,limit_exceeded,alternate_payment,0.6349554160255491,1933.1789100772264,0.0,0
TXN_001964,3446.85,limit_exceeded,alternate_payment,0.3035492738766079,1046.288814661586,3446.85,1
TXN_001965,3151.41,limit_exceeded,alternate_payment,0.5827580206253029,1836.5094537787857,3151.41,1
TXN_001966,1977.48,bank_decline,alternate_payment,0.2309043564860602,456.6087468640543,0.0,0
TXN_001967,1484.25,insufficient_funds,retry_later,0.5667908556537702,841.2593275041085,1484.25,1
TXN_001968,1554.22,network_error,retry_later,0.6067736012723488,943.05966656951,1554.22,1
TXN_001969,1487.86,limit_exceeded,alternate_payment,0.7344156624995244,1092.7076876065423,1487.86,1
TXN_001970,5618.22,network_error,retry_later,0.6669469164161239,3747.0545047473956,5618.22,1
TXN_001971,3273.31,bank_decline,alternate_payment,0.6069668254519861,1986.7905794202406,3273.31,1
TXN_001972,95.55,bank_decline,alternate_payment,0.4085929571933816,39.041057059827615,0.0,0
TXN_001973,3483.88,limit_exceeded,alternate_payment,0.5136923672331141,1789.6425643561015,3483.88,1
TXN_001974,2196.75,authentication_failed,customer_followup,0.4331086052367006,951.431328553722,2196.75,1
TXN_001975,1774.53,bank_decline,alternate_payment,0.30441093985969103,540.1863451092175,1774.53,1
TXN_001976,1225.96,authentication_failed,customer_followup,0.42641077328941523,522.7625516218915,0.0,0
TXN_001977,5564.22,bank_decline,alternate_payment,0.43541127458149353,2422.7241222518383,5564.22,1
TXN_001978,4663.52,network_error,retry_later,0.5733050079920031,2673.6193708708665,4663.52,1
TXN_001979,834.74,insufficient_funds,retry_later,0.29499847003414603,246.24702287630305,0.0,0
TXN_001980,2716.37,bank_decline,alternate_payment,0.40233451089839833,1092.8893953690822,0.0,0
TXN_001981,684.26,bank_decline,alternate_payment,0.8368372138863689,572.6142319738867,684.26,1
TXN_001982,455.04,limit_exceeded,alternate_payment,0.5324701320392533,242.29520888314184,455.04,1
TXN_001983,966.11,bank_decline,alternate_payment,0.43342026722795524,418.73165437159986,966.11,1
TXN_001984,4282.93,network_error,retry_later,0.6155040052195495,2636.160569074965,4282.93,1
TXN_001985,4689.71,card_expired,customer_followup,0.32668215287215135,1532.044559146057,4689.71,1
TXN_001986,3020.22,bank_decline,alternate_payment,0.41251239581086707,1245.8781880758968,3020.22,1
TXN_001987,3733.48,network_error,retry_later,0.5153451317969029,1924.030742661101,0.0,0
TXN_001988,3029.58,insufficient_funds,retry_later,0.37910168798434685,1148.5188918836175,3029.58,1
TXN_001989,951.96,network_error,retry,0.7968609878883631,758.5797860302062,951.96,1
TXN_001990,2784.78,bank_decline,alternate_payment,0.35747976930197756,995.5025119567612,0.0,0
TXN_001991,4025.52,insufficient_funds,retry_later,0.310346161085002,1249.3046783708974,0.0,0
TXN_001992,3844.09,limit_exceeded,alternate_payment,0.39539572427639036,1519.9367497336295,3844.09,1
TXN_001993,5936.73,network_error,retry,0.8646216605245279,5133.025350685781,5936.73,1
TXN_001994,3671.31,authentication_failed,customer_followup,0.33109964710118084,1215.569445399036,3671.31,1
TXN_001995,2569.45,bank_decline,alternate_payment,0.7852370164095451,2017.6272518135056,2569.45,1
TXN_001996,5271.92,card_expired,customer_followup,0.3084861022483366,1626.3140521650507,0.0,0
TXN_001997,1760.72,network_error,retry,0.8848875771665579,1558.0392548687018,0.0,0
TXN_001998,748.54,card_expired,customer_followup,0.7290840601912407,545.7485824155513,748.54,1
TXN_001999,1535.99,network_error,retry_later,0.44277926773295284,680.1045274451383,1535.99,1
TXN_002000,858.42,insufficient_funds,retry_later,0.6219227830718159,533.8709554445082,858.42,1
TXN_002001,920.41,card_expired,customer_followup,0.6180784684550938,568.8856031507529,920.41,1
TXN_002002,1564.75,limit_exceeded,alternate_payment,0.4379953181432532,685.3531740646555,1564.75,1
TXN_002003,818.59,bank_decline,alternate_payment,0.6023309165889279,493.0620650105305,0.0,0
TXN_002004,1328.81,card_expired,customer_followup,0.7708264664647142,1024.281916902977,1328.81,1
TXN_002005,272.16,bank_decline,alternate_payment,0.528363073521588,143.7992940896354,272.16,1
TXN_002006,2237.9,insufficient_funds,retry_later,0.46674729153282585,1044.533763721311,0.0,0
TXN_002007,1810.22,limit_exceeded,alternate_payment,0.2303357928584281,416.9584589481837,1810.22,1
TXN_002008,798.64,limit_exceeded,alternate_payment,0.745078293944721,595.049328676012,798.64,1
TXN_002009,3495.55,bank_decline,alternate_payment,0.8296416627944159,2900.0539143810206,3495.55,1
TXN_002010,4617.32,network_error,retry_later,0.45189561611315665,2086.5466661916003,0.0,0
TXN_002011,362.29,bank_decline,alternate_payment,0.33372963504150155,120.9069094791856,362.29,1
TXN_002012,843.26,card_expired,customer_followup,0.3482997271985131,293.7072279574181,843.26,1
TXN_002013,837.87,card_expired,customer_followup,0.4064964919354383,340.5912156979457,0.0,0
TXN_002014,706.34,network_error,retry,0.863389689972924,609.8466736154752,706.34,1
TXN_002015,4144.24,bank_decline,alternate_payment,0.30525064344924807,1265.0319266081117,4144.24,1
TXN_002016,1489.47,bank_decline,alternate_payment,0.37012025570686996,551.2830172677116,1489.47,1
TXN_002017,1387.81,bank_decline,alternate_payment,0.6132413097212874,851.0624220442999,1387.81,1
TXN_002018,243.75,authentication_failed,customer_followup,0.7059743385685529,172.08124502608476,0.0,0
TXN_002019,3413.24,limit_exceeded,alternate_payment,0.6389825823902915,2181.0009095178384,3413.24,1
TXN_002020,523.61,authentication_failed,customer_followup,0.46499622594422985,243.4766738666582,523.61,1
TXN_002021,1919.72,limit_exceeded,alternate_payment,0.2757048046659337,529.2760276132863,0.0,0
TXN_002022,2386.01,card_expired,customer_followup,0.24339426959770621,580.741161202823,0.0,0
TXN_002023,7049.12,limit_exceeded,alternate_payment,0.28681810766079363,2021.8152590738537,0.0,0
TXN_002024,488.42,card_expired,customer_followup,0.2812370264235942,137.3617884458119,488.42,1
TXN_002025,88.28,insufficient_funds,retry_later,0.39878291058674464,35.204555346597814,88.28,1
TXN_002026,2172.97,bank_decline,alternate_payment,0.37250046620248844,809.4323380440212,2172.97,1
TXN_002027,10943.61,card_expired,customer_followup,0.383843562988902,4200.634254360978,0.0,0
TXN_002028,6241.32,insufficient_funds,retry_later,0.4585945393910147,2862.2352705919275,0.0,0
TXN_002029,2229.78,limit_exceeded,alternate_payment,0.36011155908522907,802.9695522170622,2229.78,1
TXN_002030,1105.84,authentication_failed,customer_followup,0.34823433605458365,385.0914581826008,0.0,0
TXN_002031,4052.64,card_expired,customer_followup,0.5530475814871249,2241.3027506379817,4052.64,1
TXN_002032,682.97,bank_decline,alternate_payment,0.8641244993607238,590.1711093283935,682.97,1
TXN_002033,2911.31,limit_exceeded,alternate_payment,0.3454135535804388,1005.6059326742673,2911.31,1
TXN_002034,2997.31,card_expired,customer_followup,0.2606841834165412,781.3513097962331,0.0,0
TXN_002035,5219.78,authentication_failed,customer_followup,0.32453806433672827,1694.0172974635675,5219.78,1
TXN_002036,28557.08,insufficient_funds,retry_later,0.7979229574393447,22786.349729431964,28557.08,1
TXN_002037,2676.9,insufficient_funds,retry_later,0.49427569374997427,1323.1266045993061,2676.9,1
TXN_002038,1086.85,insufficient_funds,retry_later,0.625473462781376,679.7958330239385,1086.85,1
TXN_002039,1762.39,limit_exceeded,alternate_payment,0.29060478058862405,512.1589592615852,1762.39,1
TXN_002040,308.25,bank_decline,alternate_payment,0.28683328923341367,88.41636140619977,308.25,1
TXN_002041,902.61,card_expired,customer_followup,0.5000047611329547,451.3092974462162,0.0,0
TXN_002042,1200.77,card_expired,customer_followup,0.622397130889494,747.3558028581778,1200.77,1
TXN_002043,1070.53,insufficient_funds,retry_later,0.6970819429901493,746.2471324292444,1070.53,1
TXN_002044,2105.6,network_error,retry_later,0.5456062060078728,1148.828427370177,2105.6,1
TXN_002045,794.39,authentication_failed,customer_followup,0.23210611022564015,184.38277290214629,0.0,0
TXN_002046,5547.1,limit_exceeded,alternate_payment,0.3896804921237996,2161.596657859929,0.0,0
TXN_002047,1808.42,card_expired,customer_followup,0.3928172739427901,710.3786145436205,1808.42,1
TXN_002048,1791.3,authentication_failed,customer_followup,0.2826298783570015,506.2749011008967,0.0,0
TXN_002049,1302.58,bank_decline,alternate_payment,0.7816365778035381,1018.1441735153327,1302.58,1
TXN_002050,2111.58,card_expired,customer_followup,0.3071020406239252,648.4705269406679,2111.58,1
TXN_002051,4126.14,bank_decline,alternate_payment,0.3945837211485155,1628.1076751797357,4126.14,1
TXN_002052,759.66,bank_decline,alternate_payment,0.30455841600959477,231.36084630584875,759.66,1
TXN_002053,936.25,card_expired,customer_followup,0.8078684436879734,756.366830402865,936.25,1
TXN_002054,1334.45,authentication_failed,customer_followup,0.4786544797147846,638.7404704553943,0.0,0
TXN_002055,470.66,card_expired,customer_followup,0.4362802178055648,205.33964731236713,0.0,0
TXN_002056,796.91,insufficient_funds,retry_later,0.40618361267301667,323.6917827752537,796.91,1
TXN_002057,1123.02,bank_decline,alternate_payment,0.7691515908330557,863.7726195373382,1123.02,1
TXN_002058,4334.62,bank_decline,alternate_payment,0.4019254588607829,1742.1941324871268,4334.62,1
TXN_002059,2350.92,authentication_failed,customer_followup,0.33884360023585763,796.5941966664825,2350.92,1
TXN_002060,2194.24,insufficient_funds,retry_later,0.7356357813913654,1614.1614569601895,2194.24,1
TXN_002061,4233.98,network_error,retry_later,0.6209271134503611,2628.9929798065596,4233.98,1
TXN_002062,1575.97,authentication_failed,customer_followup,0.35200262696883755,554.7455800240789,1575.97,1
TXN_002063,2671.69,network_error,retry,0.8069073505170461,2155.806299302887,2671.69,1
TXN_002064,1630.72,insufficient_funds,retry_later,0.4223278021966974,688.6983935981984,1630.72,1
TXN_002065,2357.51,bank_decline,alternate_payment,0.7045921363534671,1661.0830073746622,2357.51,1
TXN_002066,1009.53,insufficient_funds,retry_later,0.2687836266563499,271.3451346183849,0.0,0
TXN_002067,157.78,limit_exceeded,alternate_payment,0.3160051783237939,49.8592970359282,157.78,1
TXN_002068,1580.85,insufficient_funds,retry_later,0.6971487101881199,1102.0875385008892,1580.85,1
TXN_002069,7500.67,authentication_failed,customer_followup,0.36404240270959676,2730.5619287317913,7500.67,1
TXN_002070,4565.19,bank_decline,alternate_payment,0.28737346635562294,1311.9144748720262,4565.19,1
TXN_002071,4747.61,bank_decline,alternate_payment,0.7126103226595717,3383.195893961809,4747.61,1
TXN_002072,6223.77,bank_decline,alternate_payment,0.7435847446559902,4627.900426247613,6223.77,1
TXN_002073,1975.66,limit_exceeded,alternate_payment,0.5998631915326509,1185.125712983397,1975.66,1
TXN_002074,2202.43,card_expired,customer_followup,0.40220459069038966,885.8274566742349,0.0,0
TXN_002075,974.91,insufficient_funds,retry_later,0.3826604944169941,373.0595426120717,0.0,0
TXN_002076,1318.07,bank_decline,alternate_payment,0.6887864459527087,907.8687508168866,1318.07,1
TXN_002077,3346.84,card_expired,customer_followup,0.3677557331150634,1230.8195978188187,3346.84,1
TXN_002078,6026.28,authentication_failed,customer_followup,0.2742977841261519,1652.9952505237466,6026.28,1
TXN_002079,1572.71,limit_exceeded,alternate_payment,0.2984324660949736,469.34772375222593,0.0,0
TXN_002080,1152.64,limit_exceeded,alternate_payment,0.24994679044094587,288.0986685338519,0.0,0
TXN_002081,1809.0,card_expired,customer_followup,0.2988152739872327,540.556830642904,1809.0,1
TXN_002082,3298.45,limit_exceeded,alternate_payment,0.3462125558548956,1141.9648048595802,3298.45,1
TXN_002083,426.73,authentication_failed,customer_followup,0.8017560702183248,342.13336784426576,426.73,1
TXN_002084,181.97,network_error,retry_later,0.4474443075579473,81.42144064631967,0.0,0
TXN_002085,1042.59,limit_exceeded,alternate_payment,0.5376007336240941,560.4971488691442,1042.59,1
TXN_002086,533.41,insufficient_funds,retry_later,0.386148431625673,205.97543491345024,533.41,1
TXN_002087,1087.74,card_expired,customer_followup,0.36352611589259165,395.4218973010076,1087.74,1
TXN_002088,1559.65,authentication_failed,customer_followup,0.37516318625050016,585.1232634355927,1559.65,1
TXN_002089,1149.12,network_error,retry,0.8827467063856294,1014.3818952418543,1149.12,1
TXN_002090,7726.93,bank_decline,alternate_payment,0.6597963944977983,5098.200554536873,7726.93,1
TXN_002091,2506.76,network_error,retry_later,0.6835033092145002,1713.3787554065407,0.0,0
TXN_002092,2441.76,bank_decline,alternate_payment,0.7115381694661232,1737.4054406756013,0.0,0
TXN_002093,3368.45,authentication_failed,customer_followup,0.7271784037313278,2449.464094048791,3368.45,1
TXN_002094,578.92,insufficient_funds,retry_later,0.3965914149547699,229.59470194561538,578.92,1
TXN_002095,5110.8,network_error,retry,0.7755617052690742,3963.7407632891845,5110.8,1
TXN_002096,1676.12,limit_exceeded,alternate_payment,0.7524464058389448,1261.190469754772,1676.12,1
TXN_002097,3535.04,authentication_failed,customer_followup,0.3798637717691179,1342.8336277547025,3535.04,1
TXN_002098,619.02,authentication_failed,customer_followup,0.6791758586282762,420.42344000807554,619.02,1
TXN_002099,382.31,authentication_failed,customer_followup,0.7506447381317545,286.9789898351511,382.31,1
TXN_002100,4096.51,bank_decline,alternate_payment,0.39213587054316856,1606.3885150387955,4096.51,1
TXN_002101,2634.4,insufficient_funds,retry_later,0.8042061593605099,2118.600706219327,0.0,0
TXN_002102,733.59,network_error,retry,0.7631604676708894,559.8468874786878,733.59,1
TXN_002103,757.74,limit_exceeded,alternate_payment,0.4397405898630391,333.2090345628192,757.74,1
TXN_002104,5571.58,limit_exceeded,alternate_payment,0.7392017107646005,4118.5214676618325,5571.58,1
TXN_002105,550.37,bank_decline,alternate_payment,0.2793832784513049,153.76417496124466,0.0,0
TXN_002106,9345.71,insufficient_funds,retry_later,0.4712363135533003,4404.037927938214,9345.71,1
TXN_002107,734.64,insufficient_funds,retry_later,0.5929407493744128,435.5979921204186,0.0,0
TXN_002108,3423.41,bank_decline,alternate_payment,0.8363403133230083,2863.1357920331197,3423.41,1
TXN_002109,1301.64,network_error,retry,0.74716806649274,972.5438420696103,1301.64,1
TXN_002110,3304.99,bank_decline,alternate_payment,0.737215833113463,2436.490956281664,0.0,0
TXN_002111,1049.31,insufficient_funds,retry_later,0.6465433588405685,678.4244118649968,1049.31,1
TXN_002112,1536.42,network_error,retry,0.7669395214218935,1178.3412195030257,1536.42,1
TXN_002113,1883.56,limit_exceeded,alternate_payment,0.5003566572992911,942.4517854226527,1883.56,1
TXN_002114,663.69,authentication_failed,customer_followup,0.503804436650388,334.36996656049604,0.0,0
TXN_002115,3792.67,authentication_failed,customer_followup,0.267865843854007,1015.9267500097768,0.0,0
TXN_002116,1082.24,card_expired,customer_followup,0.5098458577298783,551.7755810695835,1082.24,1
TXN_002117,1438.56,card_expired,customer_followup,0.3408956414545216,490.3988339708166,1438.56,1
TXN_002118,668.91,authentication_failed,customer_followup,0.44822421539199,299.821659917856,668.91,1
TXN_002119,139.44,bank_decline,alternate_payment,0.7465357996463831,104.09695190269166,139.44,1
TXN_002120,1493.64,card_expired,customer_followup,0.42218574179147056,630.5935113694121,0.0,0
TXN_002121,20183.39,limit_exceeded,alternate_payment,0.2423621150275934,4891.689088826778,0.0,0
TXN_002122,3962.4,card_expired,customer_followup,0.5088191209136345,2016.1448847081851,3962.4,1
TXN_002123,1773.55,network_error,retry,0.9238373139351557,1638.4716681296952,0.0,0
TXN_002124,1390.07,bank_decline,alternate_payment,0.413672362244615,575.033540585372,1390.07,1
TXN_002125,1849.12,bank_decline,alternate_payment,0.7018738121781987,1297.8489035749506,0.0,0
TXN_002126,3124.78,bank_decline,alternate_payment,0.5298155707138645,1655.5570990552696,3124.78,1
TXN_002127,555.12,network_error,retry,0.7711292009413008,428.0692420265349,555.12,1
TXN_002128,5510.01,card_expired,customer_followup,0.6769515499346366,3730.009809655347,5510.01,1
TXN_002129,3697.39,limit_exceeded,alternate_payment,0.5868922812262313,2169.969651683055,3697.39,1
TXN_002130,3707.77,network_error,retry,0.8303580557288612,3078.7766882898,3707.77,1
TXN_002131,2803.08,authentication_failed,customer_followup,0.3252586278471557,911.7259545458052,2803.08,1
TXN_002132,1843.86,insufficient_funds,retry_later,0.5428226327344601,1000.8889395937615,1843.86,1
TXN_002133,3543.47,authentication_failed,customer_followup,0.8303509591973363,2942.3237133869848,3543.47,1
TXN_002134,3267.61,authentication_failed,customer_followup,0.26977102092090294,881.5064856713517,3267.61,1
TXN_002135,1268.97,limit_exceeded,alternate_payment,0.40541939028839624,514.4650436942662,1268.97,1
TXN_002136,1018.82,card_expired,customer_followup,0.374797120128312,381.8508019291269,0.0,0
TXN_002137,2001.91,card_expired,customer_followup,0.3473735191821164,695.4105217858706,2001.91,1
TXN_002138,8510.2,insufficient_funds,retry_later,0.33230190316269914,2827.9556562952025,0.0,0
TXN_002139,523.69,card_expired,customer_followup,0.39558134283032326,207.16199342681202,523.69,1
TXN_002140,416.75,bank_decline,alternate_payment,0.5392982162714891,224.75253163114309,0.0,0
TXN_002141,2131.88,authentication_failed,customer_followup,0.690175301703784,1471.370922196263,0.0,0
TXN_002142,1902.43,insufficient_funds,retry_later,0.4884290837335698,929.2021417672553,1902.43,1
TXN_002143,2150.25,insufficient_funds,retry_later,0.5463906809973307,1174.8765618145103,0.0,0
TXN_002144,2307.58,card_expired,customer_followup,0.7795840940534096,1798.9526637557667,2307.58,1
TXN_002145,1446.35,insufficient_funds,retry_later,0.8138718362163582,1177.1435303115295,1446.35,1
TXN_002146,8021.36,insufficient_funds,retry_later,0.3926042297154038,3149.2198640699517,0.0,0
TXN_002147,364.71,bank_decline,alternate_payment,0.5637933500797206,205.6210727075749,364.71,1
TXN_002148,789.58,authentication_failed,customer_followup,0.8437304190285423,666.1926642565564,789.58,1
TXN_002149,1630.67,insufficient_funds,retry_later,0.5145625429781076,839.0817019581107,1630.67,1
TXN_002150,349.61,insufficient_funds,retry_later,0.5703516398770521,199.40063681741617,0.0,0
TXN_002151,1516.48,insufficient_funds,retry_later,0.5980602347883035,906.9463848517665,1516.48,1
TXN_002152,9523.05,limit_exceeded,alternate_payment,0.7015467039614873,6680.864339160441,9523.05,1
TXN_002153,1846.2,network_error,retry,0.586127267491565,1082.1081612429273,1846.2,1
TXN_002154,2277.2,limit_exceeded,alternate_payment,0.48753526253504353,1110.215299844801,0.0,0
TXN_002155,512.77,bank_decline,alternate_payment,0.615208900273662,315.4606677933257,512.77,1
TXN_002156,976.17,limit_exceeded,alternate_payment,0.547689552919989,534.6381108739056,976.17,1
TXN_002157,1242.4,authentication_failed,customer_followup,0.8450999473287365,1049.9521745612224,1242.4,1
TXN_002158,1315.91,network_error,retry_later,0.6731756682619351,885.838593622563,1315.91,1
TXN_002159,6513.58,insufficient_funds,retry_later,0.3745832770673817,2439.878141840556,6513.58,1
TXN_002160,3157.99,card_expired,customer_followup,0.3492445259318323,1102.910720447467,0.0,0
TXN_002161,594.99,insufficient_funds,retry_later,0.2552353710838715,151.86249344119273,0.0,0
TXN_002162,2313.47,bank_decline,alternate_payment,0.38744209808208896,896.3356706499702,0.0,0
TXN_002163,2975.66,insufficient_funds,retry_later,0.41738603238157423,1241.998921116555,2975.66,1
TXN_002164,5654.17,limit_exceeded,alternate_payment,0.4112859970625362,2325.4809460110805,0.0,0
TXN_002165,8782.71,card_expired,customer_followup,0.4602371029684444,4042.129006611986,8782.71,1
TXN_002166,655.18,network_error,retry_later,0.6812117250062748,446.3162979896111,0.0,0
TXN_002167,803.63,bank_decline,alternate_payment,0.3666005708536807,294.6112167551434,0.0,0
TXN_002168,514.1,network_error,retry,0.8150248808064458,419.0042912225938,514.1,1
TXN_002169,1430.79,card_expired,customer_followup,0.3819311684145359,546.4632964558338,0.0,0
TXN_002170,2882.34,authentication_failed,customer_followup,0.6759235835832829,1948.2415819054397,2882.34,1
TXN_002171,4852.91,network_error,retry,0.8967973177939574,4352.076671495473,4852.91,1
TXN_002172,1675.81,limit_exceeded,alternate_payment,0.5701882271072285,955.5271328685645,1675.81,1
TXN_002173,1313.11,network_error,retry_later,0.36751155013765635,482.5830916012579,1313.11,1
TXN_002174,2104.34,insufficient_funds,retry_later,0.5097515582444232,1072.6905940760696,0.0,0
TXN_002175,784.35,bank_decline,alternate_payment,0.6065821728992713,475.77272731354344,784.35,1
TXN_002176,14611.13,bank_decline,alternate_payment,0.5459089671741725,7976.346887547566,0.0,0
TXN_002177,362.25,authentication_failed,customer_followup,0.3610545929769021,130.79202630588279,362.25,1
TXN_002178,2174.91,limit_exceeded,alternate_payment,0.3854933335374021,838.4133060438312,2174.91,1
TXN_002179,13678.85,authentication_failed,customer_followup,0.3217979377621501,4401.825720957787,13678.85,1
TXN_002180,1820.38,network_error,retry,0.7955920966254002,1448.279940854946,1820.38,1
TXN_002181,1495.12,authentication_failed,customer_followup,0.2928472890220978,437.8418387627188,1495.12,1
TXN_002182,1264.65,bank_decline,alternate_payment,0.3119022814729256,394.4472202647354,1264.65,1
TXN_002183,1509.61,bank_decline,alternate_payment,0.2928849630757348,442.14206910876,1509.61,1
TXN_002184,7135.58,network_error,retry_later,0.40482814706719955,2888.6836296497677,7135.58,1
TXN_002185,197.97,network_error,retry_later,0.5999979312562769,118.78159045080513,0.0,0
TXN_002186,8378.58,card_expired,customer_followup,0.3675639601437882,3079.664045181541,0.0,0
TXN_002187,435.3,limit_exceeded,alternate_payment,0.6054372032785059,263.5468145871336,0.0,0
TXN_002188,1384.85,bank_decline,alternate_payment,0.3380131245814411,468.0974755766087,0.0,0
TXN_002189,1177.04,authentication_failed,customer_followup,0.4360750860867868,513.2778193275915,0.0,0
TXN_002190,3256.97,limit_exceeded,alternate_payment,0.4537457519821738,1477.8363018333805,3256.97,1
TXN_002191,365.72,card_expired,customer_followup,0.4177058850858559,152.76339629359921,365.72,1
TXN_002192,2870.3,insufficient_funds,retry_later,0.6270056775231665,1799.694396194745,0.0,0
TXN_002193,13688.48,limit_exceeded,alternate_payment,0.5305152697960309,7261.947660297573,13688.48,1
TXN_002194,462.58,authentication_failed,customer_followup,0.7872625725331717,364.17192080239454,462.58,1
TXN_002195,2185.73,insufficient_funds,retry_later,0.6553186704242018,1432.3496775062906,2185.73,1
TXN_002196,932.64,card_expired,customer_followup,0.36805729492771305,343.2649555413823,932.64,1
TXN_002197,2768.02,bank_decline,alternate_payment,0.8450381177852956,2339.082410792054,2768.02,1
TXN_002198,1843.0,bank_decline,alternate_payment,0.40431728557090857,745.1567573071845,0.0,0
TXN_002199,951.95,insufficient_funds,retry_later,0.5632171817387617,536.1545961562142,951.95,1
TXN_002200,2945.02,bank_decline,alternate_payment,0.59831007260831,1762.0351300329253,2945.02,1
TXN_002201,10985.68,network_error,retry,0.8934874890897239,9815.567639143197,0.0,0
TXN_002202,1493.83,limit_exceeded,alternate_payment,0.2958825543732924,441.9982361994554,1493.83,1
TXN_002203,3713.6,card_expired,customer_followup,0.5599103597746724,2079.283112059223,3713.6,1
TXN_002204,496.07,authentication_failed,customer_followup,0.33121644931032307,164.30654400937198,496.07,1
TXN_002205,694.76,card_expired,customer_followup,0.26716819257441327,185.61777347299935,0.0,0
TXN_002206,2899.83,limit_exceeded,alternate_payment,0.30009649642546826,870.2288232294657,0.0,0
TXN_002207,7975.39,insufficient_funds,retry_later,0.6750333692598667,5383.6543828614485,7975.39,1
TXN_002208,2580.18,insufficient_funds,retry_later,0.838411225105492,2163.2518747926883,2580.18,1
TXN_002209,1322.05,bank_decline,alternate_payment,0.8285764923173848,1095.4195516681987,1322.05,1
TXN_002210,1806.76,insufficient_funds,retry_later,0.8095245778541953,1462.6166262838458,0.0,0
TXN_002211,517.8,authentication_failed,customer_followup,0.4826496850964869,249.9160069429609,0.0,0
TXN_002212,3309.38,card_expired,customer_followup,0.411971566892238,1363.3704640418348,0.0,0
TXN_002213,4369.19,authentication_failed,customer_followup,0.5477747581941678,2393.331995754376,4369.19,1
TXN_002214,1150.45,card_expired,customer_followup,0.4932043473561085,567.406941415835,0.0,0
TXN_002215,1129.98,limit_exceeded,alternate_payment,0.6313582263349107,713.4221685939224,1129.98,1
TXN_002216,2358.73,limit_exceeded,alternate_payment,0.30558228189566333,720.786095775758,2358.73,1
TXN_002217,1168.27,bank_decline,alternate_payment,0.3729555525712911,435.71278340246226,0.0,0
TXN_002218,1692.34,insufficient_funds,retry_later,0.5309543581202921,898.5552984212951,1692.34,1
TXN_002219,14760.67,card_expired,customer_followup,0.5391037095693807,7957.5319527294705,0.0,0
TXN_002220,1412.3,network_error,retry_later,0.5818850187464137,821.7962119755601,1412.3,1
TXN_002221,1263.52,network_error,retry_later,0.6903918039919484,872.3238521799067,0.0,0
TXN_002222,946.2,limit_exceeded,alternate_payment,0.7867664537695548,744.4384185567528,946.2,1
TXN_002223,3805.46,network_error,retry,0.7307966496558954,2781.0174183995236,3805.46,1
TXN_002224,1508.36,network_error,retry,0.4759625701385086,717.9229022941208,1508.36,1
TXN_002225,944.47,limit_exceeded,alternate_payment,0.4709461677303752,444.79452703630744,944.47,1
TXN_002226,6777.1,limit_exceeded,alternate_payment,0.4299022059619577,2913.490240024784,6777.1,1
TXN_002227,7477.12,authentication_failed,customer_followup,0.3859304901916032,2885.64858682144,7477.12,1
TXN_002228,991.85,insufficient_funds,retry_later,0.7134344724096926,707.6199814595536,991.85,1
TXN_002229,279.63,card_expired,customer_followup,0.37996513164936446,106.24964976311178,279.63,1
TXN_002230,4951.84,limit_exceeded,alternate_payment,0.7212115075972088,3571.3239917801625,4951.84,1
TXN_002231,911.75,network_error,retry_later,0.47579576243938826,433.80678640411224,0.0,0
TXN_002232,3986.33,network_error,retry,0.794975677019625,3169.0353905736415,3986.33,1
TXN_002233,252.12,card_expired,customer_followup,0.4356441548946231,109.83460433203238,0.0,0
TXN_002234,4414.27,bank_decline,alternate_payment,0.7385676863564015,3260.2371808524726,4414.27,1
TXN_002235,538.52,authentication_failed,customer_followup,0.23676614139498997,127.50330246403,0.0,0
TXN_002236,3754.7,authentication_failed,customer_followup,0.36307168401372497,1363.2252519663332,3754.7,1
TXN_002237,1834.03,insufficient_funds,retry_later,0.6007727658391109,1101.8352757319044,0.0,0
TXN_002238,696.49,network_error,retry_later,0.3746966533248438,260.9724720742205,696.49,1
TXN_002239,1203.47,insufficient_funds,retry_later,0.5592189389014472,673.0032163997247,1203.47,1
TXN_002240,3591.48,insufficient_funds,retry_later,0.23869959166976923,857.2848094901428,3591.48,1
TXN_002241,2010.01,insufficient_funds,retry_later,0.8913274859544059,1791.5771600432154,2010.01,1
TXN_002242,3243.52,insufficient_funds,retry_later,0.8390374612089073,2721.434786180315,3243.52,1
TXN_002243,13048.66,card_expired,customer_followup,0.25268571900675163,3297.2100341746395,0.0,0
TXN_002244,378.33,card_expired,customer_followup,0.665184514237127,251.65925727133225,0.0,0
TXN_002245,9110.77,limit_exceeded,alternate_payment,0.3341250151142575,3044.136163952524,0.0,0
TXN_002246,2006.92,card_expired,customer_followup,0.4982821767231681,1000.0124661092606,2006.92,1
TXN_002247,735.99,insufficient_funds,retry_later,0.48183197067659944,354.62351209827045,735.99,1
TXN_002248,478.04,network_error,retry_later,0.7049489430905187,336.99379275499155,0.0,0
TXN_002249,1496.49,authentication_failed,customer_followup,0.4461223394254854,667.6176197268446,1496.49,1
TXN_002250,4544.4,limit_exceeded,alternate_payment,0.4772085038904389,2168.6263250797106,4544.4,1
TXN_002251,1591.53,network_error,retry_later,0.36653153669878535,583.3459366022179,1591.53,1
TXN_002252,8193.98,insufficient_funds,retry_later,0.5613742084585827,4599.889036625457,0.0,0
TXN_002253,423.61,limit_exceeded,alternate_payment,0.35124498473141064,148.79088798207286,0.0,0
TXN_002254,1786.32,bank_decline,alternate_payment,0.8372358869818426,1495.571209633405,1786.32,1
TXN_002255,516.77,limit_exceeded,alternate_payment,0.47110144728501946,243.4510949134795,0.0,0
TXN_002256,2600.95,card_expired,customer_followup,0.4013111608671393,1043.790263857386,2600.95,1
TXN_002257,4389.13,limit_exceeded,alternate_payment,0.3727625802032131,1636.1034236473288,4389.13,1
TXN_002258,1187.06,network_error,retry_later,0.6333741697858972,751.8531419860471,1187.06,1
TXN_002259,133.73,card_expired,customer_followup,0.32964715664354455,44.08371425794121,133.73,1
TXN_002260,2206.03,network_error,retry,0.5957074003306572,1314.1483963514397,2206.03,1
TXN_002261,2798.22,bank_decline,alternate_payment,0.4663189980370499,1304.8631466872337,0.0,0
TXN_002262,2708.89,limit_exceeded,alternate_payment,0.4016837905017968,1088.1172032524123,2708.89,1
TXN_002263,6221.6,network_error,retry,0.784707045070407,4882.133351610045,6221.6,1
TXN_002264,619.52,card_expired,customer_followup,0.4069257036192069,252.09861190617104,619.52,1
TXN_002265,3569.63,bank_decline,alternate_payment,0.6166265158875741,2201.1285099077613,3569.63,1
TXN_002266,5958.1,card_expired,customer_followup,0.3855420913697308,2297.098334589993,5958.1,1
TXN_002267,305.34,authentication_failed,customer_followup,0.40485729782987634,123.61912731937443,305.34,1
TXN_002268,2489.04,insufficient_funds,retry_later,0.8461796456524701,2106.174985214824,2489.04,1
TXN_002269,1092.06,authentication_failed,customer_followup,0.42595732848369516,465.1709601439041,1092.06,1
TXN_002270,1666.49,insufficient_funds,retry_later,0.35824039309513234,597.0040326891071,1666.49,1
TXN_002271,2559.78,insufficient_funds,retry_later,0.2807566612939044,718.6752864469107,2559.78,1
TXN_002272,1110.73,authentication_failed,customer_followup,0.24532157332882962,272.4860311435309,1110.73,1
TXN_002273,919.92,bank_decline,alternate_payment,0.8271447389228448,760.9069882299034,919.92,1
TXN_002274,1870.86,insufficient_funds,retry_later,0.38527477993184367,720.795174783289,1870.86,1
TXN_002275,609.57,network_error,retry,0.8063242887396533,491.51109668703054,0.0,0
TXN_002276,610.44,authentication_failed,customer_followup,0.34299514209162885,209.37795453841395,610.44,1
TXN_002277,3566.62,network_error,retry,0.6878889011879804,2453.4383127550745,3566.62,1
TXN_002278,573.18,bank_decline,alternate_payment,0.5080875807402032,291.22563952866966,573.18,1
TXN_002279,3520.34,bank_decline,alternate_payment,0.6019721354381302,2119.1465872682675,3520.34,1
TXN_002280,2871.5,limit_exceeded,alternate_payment,0.43556545805803787,1250.7262128136558,2871.5,1
TXN_002281,321.88,limit_exceeded,alternate_payment,0.5205009424064957,167.53884334180282,321.88,1
TXN_002282,918.22,limit_exceeded,alternate_payment,0.3052644485709346,280.2999219668036,918.22,1
TXN_002283,5967.66,authentication_failed,customer_followup,0.40881789209562835,2439.6861819433975,5967.66,1
TXN_002284,677.79,network_error,retry_later,0.6383799715344198,432.6875609063144,677.79,1
TXN_002285,1136.37,card_expired,customer_followup,0.3178076406810096,361.1470686406788,1136.37,1
TXN_002286,2869.98,insufficient_funds,retry_later,0.7513986958033645,2156.49922898174,2869.98,1
TXN_002287,3957.59,card_expired,customer_followup,0.2596883682654901,1027.740089363821,0.0,0
TXN_002288,1405.94,card_expired,customer_followup,0.2733759597228866,384.35019681279516,1405.94,1
TXN_002289,994.75,limit_exceeded,alternate_payment,0.4537028011230725,451.32086141717633,994.75,1
TXN_002290,7497.84,authentication_failed,customer_followup,0.46180046969937594,3462.506033730769,7497.84,1
TXN_002291,10289.71,card_expired,customer_followup,0.34736100635948036,3574.244020747208,0.0,0
TXN_002292,4811.95,limit_exceeded,alternate_payment,0.6278110023763286,3020.995152884774,4811.95,1
TXN_002293,1969.07,limit_exceeded,alternate_payment,0.43127840475525225,849.2173684514245,1969.07,1
TXN_002294,805.72,card_expired,customer_followup,0.3122500707759976,251.58612702563678,805.72,1
TXN_002295,788.05,insufficient_funds,retry_later,0.49825616860992444,392.65077367305094,788.05,1
TXN_002296,3048.83,limit_exceeded,alternate_payment,0.3041764793141288,927.3823754272952,3048.83,1
TXN_002297,2747.37,bank_decline,alternate_payment,0.8757772292282038,2406.08408626469,2747.37,1
TXN_002298,7343.7,insufficient_funds,retry_later,0.7475807035088138,5490.008412357675,7343.7,1
TXN_002299,3464.94,insufficient_funds,retry_later,0.3071460606611117,1064.2426714271126,3464.94,1
TXN_002300,402.19,authentication_failed,customer_followup,0.7521659643620431,302.51362920677013,402.19,1
TXN_002301,5176.83,limit_exceeded,alternate_payment,0.3882430938263611,2009.8684954131209,0.0,0
TXN_002302,666.43,bank_decline,alternate_payment,0.4013019751132827,267.43967527474496,666.43,1
TXN_002303,1231.55,network_error,retry_later,0.5953927979637227,733.2560003322227,1231.55,1
TXN_002304,2322.04,network_error,retry_later,0.5220916717276654,1212.3177454185081,2322.04,1
TXN_002305,13301.97,card_expired,customer_followup,0.33791091257466455,4494.8808217408105,0.0,0
TXN_002306,40534.9,authentication_failed,customer_followup,0.31730973567734266,12862.118404707518,40534.9,1
TXN_002307,3316.69,bank_decline,alternate_payment,0.734254402293262,2435.2942335420394,3316.69,1
TXN_002308,1505.38,authentication_failed,customer_followup,0.28196656483934057,424.4668273778465,1505.38,1
TXN_002309,3085.61,bank_decline,alternate_payment,0.26484892106054997,817.2204793136436,3085.61,1
TXN_002310,4392.51,bank_decline,alternate_payment,0.47061675646245776,2067.1888089289105,4392.51,1
TXN_002311,1312.03,insufficient_funds,retry_later,0.8671048303927695,1137.6675506202255,1312.03,1
TXN_002312,10885.77,bank_decline,alternate_payment,0.5228131880505389,5691.224118084915,0.0,0
TXN_002313,2275.76,bank_decline,alternate_payment,0.7646766074909219,1740.2204362635407,2275.76,1
TXN_002314,2974.24,network_error,retry,0.5927925711503312,1763.1073768181611,2974.24,1
TXN_002315,3518.97,card_expired,customer_followup,0.34020617156301897,1197.1753115451168,0.0,0
TXN_002316,2756.14,network_error,retry,0.7630083942600169,2102.9579557558027,2756.14,1
TXN_002317,4183.65,limit_exceeded,alternate_payment,0.5169788889468345,2162.858728742424,4183.65,1
TXN_002318,975.3,insufficient_funds,retry_later,0.6790871952571975,662.3137415343447,975.3,1
TXN_002319,1034.53,insufficient_funds,retry_later,0.5037163616257734,521.1096875927113,1034.53,1
TXN_002320,601.75,authentication_failed,customer_followup,0.32327927856719785,194.5333058778113,601.75,1
TXN_002321,2805.96,insufficient_funds,retry_later,0.2493717165425968,699.7270617498649,0.0,0
TXN_002322,3940.0,card_expired,customer_followup,0.4286816650533857,1689.0057603103396,0.0,0
TXN_002323,2857.7,bank_decline,alternate_payment,0.40786073427789316,1165.543620345935,2857.7,1
TXN_002324,9647.87,network_error,retry_later,0.5686089183176508,5485.864924769314,9647.87,1
TXN_002325,1797.95,authentication_failed,customer_followup,0.5476326037255965,984.6160398684362,0.0,0
TXN_002326,3528.9,insufficient_funds,retry_later,0.736445223061603,2598.8415476620908,0.0,0
TXN_002327,606.86,insufficient_funds,retry_later,0.3284959201003784,199.35103407211565,0.0,0
TXN_002328,1227.7,card_expired,customer_followup,0.2909221429317206,357.16511487727337,1227.7,1
TXN_002329,3624.74,network_error,retry,0.7855876341898451,2847.550921153299,3624.74,1
TXN_002330,4226.38,limit_exceeded,alternate_payment,0.32468957696528755,1372.2615342945521,4226.38,1
TXN_002331,1347.54,authentication_failed,customer_followup,0.3363083943594859,453.1890137351816,1347.54,1
TXN_002332,1683.11,limit_exceeded,alternate_payment,0.5050782295230292,850.1022188925056,1683.11,1
TXN_002333,396.28,limit_exceeded,alternate_payment,0.43284280582455115,171.5269470921531,396.28,1
TXN_002334,1265.18,network_error,retry,0.5919375255823268,748.9075186162482,1265.18,1
TXN_002335,4404.51,limit_exceeded,alternate_payment,0.3073119833005663,1353.5587035671774,4404.51,1
TXN_002336,3213.79,limit_exceeded,alternate_payment,0.7466381113287438,2399.5380958072037,3213.79,1
TXN_002337,2982.94,network_error,retry,0.9048320991068994,2699.0598617099345,2982.94,1
TXN_002338,1900.31,limit_exceeded,alternate_payment,0.58493429263073,1111.5564856291026,1900.31,1
TXN_002339,1820.86,limit_exceeded,alternate_payment,0.3163477835159005,576.0250250927626,1820.86,1
TXN_002340,934.19,limit_exceeded,alternate_payment,0.6216131409069732,580.7047801038854,934.19,1
TXN_002341,3636.69,authentication_failed,customer_followup,0.4069747829203575,1480.0411232986348,3636.69,1
TXN_002342,2754.45,insufficient_funds,retry_later,0.270904093805277,746.1917811819452,2754.45,1
TXN_002343,2957.26,card_expired,customer_followup,0.5879521036492006,1738.727238037635,2957.26,1
TXN_002344,1068.45,card_expired,customer_followup,0.7529575650992275,804.4975104302697,1068.45,1
TXN_002345,209.91,card_expired,customer_followup,0.4403780924178312,92.43976537942694,0.0,0
TXN_002346,5416.22,authentication_failed,customer_followup,0.34441695323764376,1865.437990464791,0.0,0
TXN_002347,1120.09,network_error,retry,0.7505433013416272,840.6760463997431,1120.09,1
TXN_002348,762.97,card_expired,customer_followup,0.7292149718148739,556.3691470455943,762.97,1
TXN_002349,3617.28,card_expired,customer_followup,0.6431194847846918,2326.3432499219703,3617.28,1
TXN_002350,1221.69,limit_exceeded,alternate_payment,0.3754793996435697,458.71942775055265,1221.69,1
TXN_002351,5218.35,network_error,retry,0.8792120179717655,4588.036033982963,5218.35,1
TXN_002352,3350.97,insufficient_funds,retry_later,0.32654218752155456,1094.2330741191035,0.0,0
TXN_002353,3581.62,insufficient_funds,retry_later,0.4857505135805203,1739.7737544502631,3581.62,1
TXN_002354,461.3,card_expired,customer_followup,0.6401710163179867,295.31088982748724,0.0,0
TXN_002355,6075.04,network_error,retry,0.8507106168606984,5168.101025853417,6075.04,1
TXN_002356,2347.84,insufficient_funds,retry_later,0.40020383007072713,939.614560393256,2347.84,1
TXN_002357,1249.78,limit_exceeded,alternate_payment,0.706996611198891,883.59022474415,0.0,0
TXN_002358,2086.8,bank_decline,alternate_payment,0.5465873319586885,1140.6184443313912,2086.8,1
TXN_002359,306.05,bank_decline,alternate_payment,0.5211510287423458,159.49827234659492,306.05,1
TXN_002360,2720.72,authentication_failed,customer_followup,0.7828867636295936,2130.0156755423077,2720.72,1
TXN_002361,645.89,authentication_failed,customer_followup,0.2429161066849264,156.8970841467271,645.89,1
TXN_002362,467.47,card_expired,customer_followup,0.5561800423994843,259.9974844204869,467.47,1
TXN_002363,394.51,network_error,retry,0.6079928215943488,239.85924804718653,394.51,1
TXN_002364,5501.02,authentication_failed,customer_followup,0.3158922582427013,1737.7296304382648,5501.02,1
TXN_002365,963.66,network_error,retry,0.8874056555577801,855.1573340348103,963.66,1
TXN_002366,8381.04,bank_decline,alternate_payment,0.6936527193107473,5813.531186652147,8381.04,1
TXN_002367,1058.07,network_error,retry_later,0.4124711862599785,436.4233880460954,1058.07,1
TXN_002368,327.88,card_expired,customer_followup,0.7216282339590374,236.60746535048918,327.88,1
TXN_002369,591.98,insufficient_funds,retry_later,0.30071603468045754,178.01787821013727,591.98,1
TXN_002370,6221.78,authentication_failed,customer_followup,0.3061538900649744,1904.8221501284563,0.0,0
TXN_002371,1547.04,network_error,retry_later,0.5833396568631253,902.4497827535293,0.0,0
TXN_002372,1044.94,card_expired,customer_followup,0.4616401909112169,482.386301090767,0.0,0
TXN_002373,2121.8,network_error,retry,0.9111923811323112,1933.367994286538,2121.8,1
TXN_002374,2986.28,card_expired,customer_followup,0.4475880863164371,1336.62335040505,2986.28,1
TXN_002375,5526.99,card_expired,customer_followup,0.4052107472006137,2239.5957476703197,5526.99,1
TXN_002376,7696.33,authentication_failed,customer_followup,0.38581482412054124,2969.358205323645,7696.33,1
TXN_002377,1261.72,limit_exceeded,alternate_payment,0.27166919881134477,342.7704615242499,1261.72,1
TXN_002378,480.08,insufficient_funds,retry_later,0.5030139798085872,241.48695142650652,0.0,0
TXN_002379,1195.76,network_error,retry_later,0.6729732241555129,804.714462516196,1195.76,1
TXN_002380,2345.56,bank_decline,alternate_payment,0.535605476201748,1256.294780759772,0.0,0
TXN_002381,689.69,authentication_failed,customer_followup,0.23044083736216395,158.93274112031088,0.0,0
TXN_002382,694.26,authentication_failed,customer_followup,0.4581491777075428,318.0746481152387,0.0,0
TXN_002383,2549.85,authentication_failed,customer_followup,0.30186405704080455,769.7080658454954,0.0,0
TXN_002384,1722.18,network_error,retry,0.4928167463038185,848.7191441495102,1722.18,1
TXN_002385,1868.32,authentication_failed,customer_followup,0.5574561576986612,1041.5064885515626,1868.32,1
TXN_002386,846.83,authentication_failed,customer_followup,0.6330641486089945,536.0977129665548,846.83,1
TXN_002387,1435.97,authentication_failed,customer_followup,0.22186698664289972,318.5943368096047,1435.97,1
TXN_002388,717.5,authentication_failed,customer_followup,0.4714896851264929,338.2938490782587,717.5,1
TXN_002389,4403.69,insufficient_funds,retry_later,0.46756459390705984,2059.0095265425803,4403.69,1
TXN_002390,5091.1,network_error,retry,0.48803591535045954,2484.6396486407248,5091.1,1
TXN_002391,285.38,card_expired,customer_followup,0.5068489979959442,144.64456704808254,285.38,1
TXN_002392,713.72,bank_decline,alternate_payment,0.5284698516367803,377.17950251020284,713.72,1
TXN_002393,404.83,limit_exceeded,alternate_payment,0.36422147531327,147.4477798510711,404.83,1
TXN_002394,943.86,card_expired,customer_followup,0.4117765028855119,388.65937001351926,943.86,1
TXN_002395,1663.31,limit_exceeded,alternate_payment,0.6042368124386746,1005.0331324973718,1663.31,1
TXN_002396,424.26,authentication_failed,customer_followup,0.31684326386366357,134.42392312679792,424.26,1
TXN_002397,719.2,network_error,retry_later,0.6279129306885378,451.59497975119643,719.2,1
TXN_002398,662.51,bank_decline,alternate_payment,0.6558387563088139,434.4997344421523,662.51,1
TXN_002399,2224.46,card_expired,customer_followup,0.548235295557099,1219.5274855549446,2224.46,1
TXN_002400,1937.87,network_error,retry_later,0.6322667462971787,1225.2507596469136,1937.87,1
TXN_002401,878.54,authentication_failed,customer_followup,0.3128916173850215,274.8878015374368,878.54,1
TXN_002402,2157.75,authentication_failed,customer_followup,0.29154890858252885,629.0896574939517,2157.75,1
TXN_002403,1046.62,authentication_failed,customer_followup,0.3050236901303174,319.2438945641928,1046.62,1
TXN_002404,1377.94,limit_exceeded,alternate_payment,0.4117244439301941,567.3315802691717,1377.94,1
TXN_002405,9637.84,bank_decline,alternate_payment,0.5485814516665073,5287.140258129531,9637.84,1
TXN_002406,6908.18,bank_decline,alternate_payment,0.8156779257708346,5634.849933251565,6908.18,1
TXN_002407,492.96,authentication_failed,customer_followup,0.7621938827680483,375.7310964493371,492.96,1
TXN_002408,4145.31,limit_exceeded,alternate_payment,0.6878477739777658,2851.3422559477726,4145.31,1
TXN_002409,4069.99,bank_decline,alternate_payment,0.7756714678129495,3156.975117284026,0.0,0
TXN_002410,573.49,card_expired,customer_followup,0.6046773499653781,346.7764134316447,573.49,1
TXN_002411,4100.15,insufficient_funds,retry_later,0.622620366952108,2552.8368975586855,4100.15,1
TXN_002412,8416.35,network_error,retry,0.7433301575413477,6256.126771423122,8416.35,1
TXN_002413,588.43,insufficient_funds,retry_later,0.30675695845118617,180.50499706143145,588.43,1
TXN_002414,722.34,limit_exceeded,alternate_payment,0.4717715769232622,340.77948087474925,722.34,1
TXN_002415,5002.34,insufficient_funds,retry_later,0.8331988336267933,4167.943853404653,5002.34,1
TXN_002416,2372.02,network_error,retry,0.8611533467475179,2042.6729615520474,0.0,0
TXN_002417,3138.42,card_expired,customer_followup,0.5308014561527193,1665.8779060188174,3138.42,1
TXN_002418,2541.7,bank_decline,alternate_payment,0.5587355758575496,1420.1382131571338,2541.7,1
TXN_002419,2672.3,insufficient_funds,retry_later,0.46153850313642286,1233.369341931463,2672.3,1
TXN_002420,479.88,insufficient_funds,retry_later,0.7450686527673287,357.5435450899857,479.88,1
TXN_002421,5152.91,card_expired,customer_followup,0.25305509378059793,1303.9701232929808,5152.91,1
TXN_002422,5823.11,card_expired,customer_followup,0.8041555183109701,4682.6860402317925,5823.11,1
TXN_002423,1437.43,authentication_failed,customer_followup,0.6783302944163823,975.0523151029404,1437.43,1
TXN_002424,1731.12,authentication_failed,customer_followup,0.38295176666309233,662.9354623058124,1731.12,1
TXN_002425,391.07,card_expired,customer_followup,0.3013319523948712,117.84188662306228,391.07,1
TXN_002426,3023.76,insufficient_funds,retry_later,0.35076371207893037,1060.6252820357865,0.0,0
TXN_002427,3203.69,network_error,retry,0.7866488988732846,2520.179210831353,3203.69,1
TXN_002428,1699.02,insufficient_funds,retry_later,0.6823779342667238,1159.373757877849,0.0,0
TXN_002429,5565.56,authentication_failed,customer_followup,0.3455301854713511,1923.068979051933,5565.56,1
TXN_002430,1294.56,insufficient_funds,retry_later,0.35329243482183165,457.3582544229504,0.0,0
TXN_002431,3179.9,bank_decline,alternate_payment,0.7609024090833301,2419.5935706440814,3179.9,1
TXN_002432,652.19,bank_decline,alternate_payment,0.7184257400113212,468.55008337798364,652.19,1
TXN_002433,1765.96,bank_decline,alternate_payment,0.2719998582295117,480.3408696389885,0.0,0
TXN_002434,1518.75,card_expired,customer_followup,0.31142902244004067,472.98282783081174,1518.75,1
TXN_002435,2264.95,insufficient_funds,retry_later,0.5388136883511379,1220.3860634309096,0.0,0
TXN_002436,1249.47,network_error,retry,0.8890397895649851,1110.828545867762,1249.47,1
TXN_002437,1585.3,authentication_failed,customer_followup,0.1686773985676358,267.404279949273,0.0,0
TXN_002438,4130.06,card_expired,customer_followup,0.5436418078055373,2245.2732847453376,4130.06,1
TXN_002439,1168.22,card_expired,customer_followup,0.29061496700309747,339.50221675235855,1168.22,1
TXN_002440,362.64,bank_decline,alternate_payment,0.8422152362640656,305.4209332788007,362.64,1
TXN_002441,10400.24,bank_decline,alternate_payment,0.5095384726373232,5299.322404661594,10400.24,1
TXN_002442,7197.25,bank_decline,alternate_payment,0.39154052348784485,2818.0150326728913,7197.25,1
TXN_002443,496.58,authentication_failed,customer_followup,0.3208683688385897,159.33681459786686,0.0,0
TXN_002444,3603.67,limit_exceeded,alternate_payment,0.39735476888311133,1431.935459981002,0.0,0
TXN_002445,1093.38,bank_decline,alternate_payment,0.6348955148256115,694.1820580000272,1093.38,1
TXN_002446,2353.1,card_expired,customer_followup,0.4557266001735397,1072.3702628683563,2353.1,1
TXN_002447,2426.55,bank_decline,alternate_payment,0.32834808593524756,796.753047926175,2426.55,1
TXN_002448,1430.23,card_expired,customer_followup,0.47005069935136157,672.2806117332979,1430.23,1
TXN_002449,825.7,limit_exceeded,alternate_payment,0.34449909287551983,284.45290098731675,825.7,1
TXN_002450,906.38,insufficient_funds,retry_later,0.45798757506605814,415.11077828837375,906.38,1
TXN_002451,723.29,limit_exceeded,alternate_payment,0.792443747864159,573.1666383926676,723.29,1
TXN_002452,786.96,authentication_failed,customer_followup,0.7367890375276741,579.8235009727784,0.0,0
TXN_002453,1690.57,insufficient_funds,retry_later,0.7337410235182038,1240.4405621291698,1690.57,1
TXN_002454,883.81,insufficient_funds,retry_later,0.5136018312053494,453.9264344375998,883.81,1
TXN_002455,3576.19,network_error,retry,0.4867430757285046,1740.685719989521,3576.19,1
TXN_002456,8000.39,network_error,retry,0.766297254901664,6130.676895142724,8000.39,1
TXN_002457,1012.27,bank_decline,alternate_payment,0.5576221845805625,564.4642087853659,1012.27,1
TXN_002458,2297.1,bank_decline,alternate_payment,0.2296755897960416,527.5877973204872,0.0,0
TXN_002459,2980.02,card_expired,customer_followup,0.22378680859018937,666.8891653349361,2980.02,1
TXN_002460,2898.66,card_expired,customer_followup,0.29311407386195826,849.6380413407039,2898.66,1
TXN_002461,1950.72,authentication_failed,customer_followup,0.27878563232940695,543.8327086976208,0.0,0
TXN_002462,3799.72,insufficient_funds,retry_later,0.3331954347717381,1266.0493574108684,0.0,0
TXN_002463,2928.51,limit_exceeded,alternate_payment,0.39040175747351824,1143.2954507787729,2928.51,1
TXN_002464,524.44,insufficient_funds,retry_later,0.588118471924403,308.43285141603394,524.44,1
TXN_002465,4312.0,authentication_failed,customer_followup,0.3571416147604732,1539.9946428471603,4312.0,1
TXN_002466,4390.91,limit_exceeded,alternate_payment,0.329369405449641,1446.231416082883,4390.91,1
TXN_002467,842.79,bank_decline,alternate_payment,0.5275682000530285,444.62920332269186,842.79,1
TXN_002468,1877.95,limit_exceeded,alternate_payment,0.41355966138417444,776.6443660964104,1877.95,1
TXN_002469,3580.76,bank_decline,alternate_payment,0.5463786497436517,1956.4508138560784,3580.76,1
TXN_002470,1466.58,bank_decline,alternate_payment,0.41981073882020803,615.6860333389407,1466.58,1
TXN_002471,5286.85,bank_decline,alternate_payment,0.3694811565153478,1953.3914523231667,5286.85,1
TXN_002472,19223.19,limit_exceeded,alternate_payment,0.39103090635194,7516.861408675549,0.0,0
TXN_002473,823.87,card_expired,customer_followup,0.6972867919654476,574.4736692965733,0.0,0
TXN_002474,454.39,bank_decline,alternate_payment,0.5332477075046245,242.3024258130263,0.0,0
TXN_002475,2449.94,bank_decline,alternate_payment,0.4385167998128361,1074.3398485334596,2449.94,1
TXN_002476,3720.31,insufficient_funds,retry_later,0.5506631715859731,2048.6377038830115,0.0,0
TXN_002477,1435.31,network_error,retry_later,0.3937947965032216,565.217609369039,1435.31,1
TXN_002478,7733.07,authentication_failed,customer_followup,0.7558222252197575,5844.82617518015,7733.07,1
TXN_002479,474.09,limit_exceeded,alternate_payment,0.2930000164382234,138.9083777931973,474.09,1
TXN_002480,3615.26,authentication_failed,customer_followup,0.5056657764686422,1828.1132550360235,0.0,0
TXN_002481,986.48,authentication_failed,customer_followup,0.7343339724765559,724.4057771686728,986.48,1
TXN_002482,10090.78,network_error,retry_later,0.24914051987016292,2514.022175095443,0.0,0
TXN_002483,13260.11,card_expired,customer_followup,0.4092331733160382,5426.476893819731,0.0,0
TXN_002484,839.95,authentication_failed,customer_followup,0.21506364227242117,180.64270632672017,839.95,1
TXN_002485,1043.61,authentication_failed,customer_followup,0.6873843596400934,717.3611915639977,1043.61,1
TXN_002486,4270.93,authentication_failed,customer_followup,0.43369160329329165,1852.2664792534183,0.0,0
TXN_002487,1227.67,authentication_failed,customer_followup,0.2993617057103976,367.5173852494839,1227.67,1
TXN_002488,1727.77,limit_exceeded,alternate_payment,0.7800398078001629,1347.7293787228875,1727.77,1
TXN_002489,1854.53,card_expired,customer_followup,0.21398694468468543,396.84520852608966,0.0,0
TXN_002490,265.16,bank_decline,alternate_payment,0.4483176616205535,118.87591115530597,265.16,1
TXN_002491,1783.2,limit_exceeded,alternate_payment,0.2517690252350196,448.954525799087,1783.2,1
TXN_002492,907.12,card_expired,customer_followup,0.5658796242225044,513.3207247247182,907.12,1
TXN_002493,1104.2,card_expired,customer_followup,0.7514108859664687,829.7079002841747,1104.2,1
TXN_002494,7658.96,insufficient_funds,retry_later,0.7324738332050253,5609.987789563961,7658.96,1
TXN_002495,514.65,limit_exceeded,alternate_payment,0.5192334931751695,267.223517262601,514.65,1
TXN_002496,4077.36,card_expired,customer_followup,0.30358504702002315,1237.8255273175616,4077.36,1
TXN_002497,1367.91,limit_exceeded,alternate_payment,0.37021026435505355,506.4143227139213,1367.91,1
TXN_002498,1366.82,limit_exceeded,alternate_payment,0.3571216398456403,488.1209997738181,0.0,0
TXN_002499,3985.32,insufficient_funds,retry_later,0.7283484979847112,2902.7018359884296,0.0,0
TXN_002500,2540.34,card_expired,customer_followup,0.5979786964638417,1519.0692017749557,2540.34,1
TXN_002501,3199.06,limit_exceeded,alternate_payment,0.3411443401056101,1091.3412126582532,0.0,0
TXN_002502,4760.87,limit_exceeded,alternate_payment,0.5388916768017571,2565.593217335181,4760.87,1
TXN_002503,1298.15,limit_exceeded,alternate_payment,0.2846509341326392,369.5196101442856,1298.15,1
TXN_002504,980.21,network_error,retry_later,0.45997011344213057,450.86730489711084,0.0,0
TXN_002505,610.85,insufficient_funds,retry_later,0.6774002883331762,413.7899661283207,610.85,1
TXN_002506,792.02,network_error,retry_later,0.7496348382558986,593.7257845954368,792.02,1
TXN_002507,34513.11,card_expired,customer_followup,0.5274714293364205,18204.67946254511,0.0,0
TXN_002508,6277.2,network_error,retry,0.8479287924072512,5322.618615698797,6277.2,1
TXN_002509,468.21,card_expired,customer_followup,0.5290496840895267,247.7063525875573,0.0,0
TXN_002510,481.81,insufficient_funds,retry_later,0.45263353357945546,218.08336281391743,0.0,0
TXN_002511,2927.39,network_error,retry_later,0.4579566186347588,1340.6176258252065,2927.39,1
TXN_002512,3125.24,card_expired,customer_followup,0.7431882822519913,2322.6417472252133,3125.24,1
TXN_002513,3130.3,bank_decline,alternate_payment,0.3540315122642684,1108.2248428408393,3130.3,1
TXN_002514,1401.14,bank_decline,alternate_payment,0.6222198191649047,871.8170774247145,1401.14,1
TXN_002515,1594.87,card_expired,customer_followup,0.33894450100274515,540.5724163142481,1594.87,1
TXN_002516,2509.6,limit_exceeded,alternate_payment,0.2585198010861656,648.7812928058412,0.0,0
TXN_002517,1970.21,insufficient_funds,retry_later,0.5329310381798498,1049.986060732322,1970.21,1
TXN_002518,196.51,authentication_failed,customer_followup,0.2827884619385535,55.57076065554514,196.51,1
TXN_002519,1436.84,network_error,retry_later,0.6696961755053656,962.2462528131296,0.0,0
TXN_002520,771.7,authentication_failed,customer_followup,0.27733233522021217,214.01736308943774,0.0,0
TXN_002521,2154.28,network_error,retry,0.9157991649578383,1972.887825085372,2154.28,1
TXN_002522,35784.1,network_error,retry_later,0.5852176544824267,20941.487069764604,35784.1,1
TXN_002523,2610.98,bank_decline,alternate_payment,0.43443464165757817,1134.3001606751034,2610.98,1
TXN_002524,1321.43,limit_exceeded,alternate_payment,0.4356865051558174,575.7292185080519,1321.43,1
TXN_002525,4545.08,network_error,retry,0.5079905153455496,2308.8575314867508,4545.08,1
TXN_002526,2929.8,card_expired,customer_followup,0.41556922640232985,1217.5347195135462,2929.8,1
TXN_002527,2752.03,limit_exceeded,alternate_payment,0.6686743189294924,1840.211785923531,2752.03,1
TXN_002528,3317.11,network_error,retry_later,0.6710303514152576,2225.881488983065,0.0,0
TXN_002529,14136.9,card_expired,customer_followup,0.34585837946939574,4889.3653247209,14136.9,1
TXN_002530,583.54,card_expired,customer_followup,0.3940182526050863,229.92541112517205,0.0,0
TXN_002531,2903.38,authentication_failed,customer_followup,0.5879671852548105,1707.0921663251117,2903.38,1
TXN_002532,715.96,limit_exceeded,alternate_payment,0.4682806139863601,335.2701883896744,0.0,0
TXN_002533,3151.12,bank_decline,alternate_payment,0.4726455941425917,1489.3629846146036,3151.12,1
TXN_002534,721.49,insufficient_funds,retry_later,0.742101874412305,535.4190813697339,721.49,1
TXN_002535,1191.1,insufficient_funds,retry_later,0.34750189550347177,413.9095077341852,0.0,0
TXN_002536,1346.02,insufficient_funds,retry_later,0.8074565460525662,1086.8526601176752,1346.02,1
TXN_002537,4797.34,limit_exceeded,alternate_payment,0.23511105379668512,1127.9076628209893,0.0,0
TXN_002538,4529.9,card_expired,customer_followup,0.55244958548203,2502.5413772750476,4529.9,1
TXN_002539,520.24,network_error,retry_later,0.7159584660411213,372.470232373233,0.0,0
TXN_002540,1910.14,authentication_failed,customer_followup,0.362871753243726,693.1358507409708,0.0,0
TXN_002541,889.29,card_expired,customer_followup,0.602958225812978,536.2047206332231,889.29,1
TXN_002542,513.63,card_expired,customer_followup,0.4210851473147615,216.28196421528094,0.0,0
TXN_002543,1455.32,insufficient_funds,retry_later,0.43739639981912903,636.5517285847749,0.0,0
TXN_002544,1328.12,card_expired,customer_followup,0.5553225135761255,737.5349367307238,1328.12,1
TXN_002545,20470.02,limit_exceeded,alternate_payment,0.6562034249704185,13432.497233212967,20470.02,1
TXN_002546,2787.67,insufficient_funds,retry_later,0.6508109757207161,1814.2462326873688,2787.67,1
TXN_002547,455.95,insufficient_funds,retry_later,0.6081037285087465,277.264895013563,455.95,1
TXN_002548,1027.85,limit_exceeded,alternate_payment,0.5505841790578447,565.9179484446057,1027.85,1
TXN_002549,5020.99,insufficient_funds,retry_later,0.26253589345201384,1318.1900956636268,5020.99,1
TXN_002550,14595.12,limit_exceeded,alternate_payment,0.4301827572668442,6278.568964240463,14595.12,1
TXN_002551,370.19,card_expired,customer_followup,0.6301906781692155,233.29028715146188,370.19,1
TXN_002552,275.91,authentication_failed,customer_followup,0.34105192078465946,94.09963546369539,275.91,1
TXN_002553,11742.44,bank_decline,alternate_payment,0.5875857045119406,6899.689880089192,0.0,0
TXN_002554,2669.41,limit_exceeded,alternate_payment,0.477326482919189,1274.1800867693123,0.0,0
TXN_002555,758.78,network_error,retry,0.6053006951783706,459.290061487444,758.78,1
TXN_002556,3085.99,limit_exceeded,alternate_payment,0.5784055775109076,1784.9538281428856,0.0,0
TXN_002557,129.57,insufficient_funds,retry_later,0.4454811349694431,57.72099065799074,129.57,1
TXN_002558,1814.16,card_expired,customer_followup,0.5391346540934746,978.0765240702179,1814.16,1
TXN_002559,2509.46,bank_decline,alternate_payment,0.39801387770980484,998.7999055576469,2509.46,1
TXN_002560,4556.32,card_expired,customer_followup,0.404503872456775,1843.0490841522528,4556.32,1
TXN_002561,655.96,limit_exceeded,alternate_payment,0.7631574928059364,500.60078898098203,655.96,1
TXN_002562,1969.8,card_expired,customer_followup,0.7388294146259865,1455.3461809302682,1969.8,1
TXN_002563,716.64,network_error,retry,0.7398516622910687,530.2072952642715,716.64,1
TXN_002564,2334.1,insufficient_funds,retry_later,0.7172152787487263,1674.052182127402,2334.1,1
TXN_002565,738.52,card_expired,customer_followup,0.7782751166023052,574.7717391131345,738.52,1
TXN_002566,1202.19,network_error,retry_later,0.37830706290641475,454.7969679554628,1202.19,1
TXN_002567,667.93,card_expired,customer_followup,0.3395948257290019,226.82557194917223,667.93,1
TXN_002568,3467.32,bank_decline,alternate_payment,0.5927427487678416,2055.2287876577125,3467.32,1
TXN_002569,4266.08,authentication_failed,customer_followup,0.41628232248058394,1775.8936902879695,0.0,0
TXN_002570,1429.93,authentication_failed,customer_followup,0.5404646387657652,772.8266009103307,0.0,0
TXN_002571,1878.52,insufficient_funds,retry_later,0.5608076999395959,1053.4884804905296,1878.52,1
TXN_002572,424.71,authentication_failed,customer_followup,0.39322471891275534,167.0064703694363,0.0,0
TXN_002573,1339.86,network_error,retry,0.7496123724282724,1004.375633321745,1339.86,1
TXN_002574,1719.51,network_error,retry,0.5991370346160456,1030.2221223926365,1719.51,1
TXN_002575,24854.47,authentication_failed,customer_followup,0.2736835552357201,6802.259713099548,24854.47,1
TXN_002576,594.69,network_error,retry,0.8577872825529341,510.11751906140444,594.69,1
TXN_002577,7817.95,card_expired,customer_followup,0.4353174169630373,3403.289799946177,0.0,0
TXN_002578,4899.35,card_expired,customer_followup,0.3586071156114118,1756.9417718707705,4899.35,1
TXN_002579,2393.8,network_error,retry,0.8415217737859394,2014.4348220887819,2393.8,1
TXN_002580,10494.65,limit_exceeded,alternate_payment,0.33220189297536945,3486.342596113961,0.0,0
TXN_002581,2623.08,bank_decline,alternate_payment,0.5983471398883022,1569.5124156982079,2623.08,1
TXN_002582,2668.2,insufficient_funds,retry_later,0.6972873305693463,1860.5020554251298,0.0,0
TXN_002583,1714.5,network_error,retry,0.5872663574932633,1006.8681699221999,1714.5,1
TXN_002584,6146.07,insufficient_funds,retry_later,0.37597535746713273,2310.7708652680203,6146.07,1
TXN_002585,5412.52,authentication_failed,customer_followup,0.4880125456913637,2641.37766380542,5412.52,1
TXN_002586,967.12,bank_decline,alternate_payment,0.43154149094559136,417.3524067233003,967.12,1
TXN_002587,483.36,card_expired,customer_followup,0.2791622179647433,134.9358496754383,483.36,1
TXN_002588,1475.89,network_error,retry_later,0.5077387711574537,749.3665749635744,0.0,0
TXN_002589,812.37,limit_exceeded,alternate_payment,0.36590138476491374,297.24730794147297,812.37,1
TXN_002590,1696.76,bank_decline,alternate_payment,0.4410653983066978,748.3821252308725,1696.76,1
TXN_002591,6231.91,insufficient_funds,retry_later,0.8279470622018741,5159.691576406481,6231.91,1
TXN_002592,1144.47,network_error,retry_later,0.6966126308821536,797.2522576656984,0.0,0
TXN_002593,1732.25,card_expired,customer_followup,0.2895167540633169,501.5153972261807,1732.25,1
TXN_002594,1916.05,card_expired,customer_followup,0.4979541615191704,954.1050711788064,1916.05,1
TXN_002595,4223.55,network_error,retry_later,0.6489642911186593,2740.9331317542137,4223.55,1
TXN_002596,191.16,network_error,retry,0.47729100473321995,91.23894846480232,191.16,1
TXN_002597,985.65,bank_decline,alternate_payment,0.4716126462259079,464.8450047525661,985.65,1
TXN_002598,2233.41,card_expired,customer_followup,0.7569790430363282,1690.6445645077658,2233.41,1
TXN_002599,6003.39,insufficient_funds,retry_later,0.7964296155883733,4781.277589927085,6003.39,1
TXN_002600,1105.55,card_expired,customer_followup,0.5714101850373896,631.722530068086,1105.55,1
TXN_002601,276.84,network_error,retry_later,0.5280616748615463,146.18859406867048,0.0,0
TXN_002602,3360.05,insufficient_funds,retry_later,0.581512451682582,1953.9109132760598,3360.05,1
TXN_002603,957.8,network_error,retry,0.7033251301870487,673.6448096931551,957.8,1
TXN_002604,550.23,card_expired,customer_followup,0.49723732878827,273.5948954191698,550.23,1
TXN_002605,968.41,bank_decline,alternate_payment,0.6046259627879143,585.525828623444,968.41,1
TXN_002606,1503.39,insufficient_funds,retry_later,0.27086115612563133,407.2099535077129,1503.39,1
TXN_002607,987.58,bank_decline,alternate_payment,0.5437031965600161,536.9504028587407,987.58,1
TXN_002608,199.22,limit_exceeded,alternate_payment,0.37783198474045765,75.27168799999397,199.22,1
TXN_002609,4434.04,authentication_failed,customer_followup,0.26214762127549485,1162.3730386403952,0.0,0
TXN_002610,6469.64,limit_exceeded,alternate_payment,0.334264336478711,2162.569921856128,6469.64,1
TXN_002611,3468.65,limit_exceeded,alternate_payment,0.6282118493407083,2179.0470312156476,3468.65,1
TXN_002612,579.59,insufficient_funds,retry_later,0.372173617492248,215.708106962332,579.59,1
TXN_002613,1478.09,card_expired,customer_followup,0.3348833496194479,494.9877302390097,1478.09,1
TXN_002614,1796.29,limit_exceeded,alternate_payment,0.7152889748850313,1284.8664326962328,1796.29,1
TXN_002615,3290.5,bank_decline,alternate_payment,0.6848163708556223,2253.3882683004254,3290.5,1
TXN_002616,3527.49,limit_exceeded,alternate_payment,0.7685264192290455,2710.9692585662656,3527.49,1
TXN_002617,867.68,bank_decline,alternate_payment,0.5745233887916517,498.5024539867403,867.68,1
TXN_002618,1962.54,card_expired,customer_followup,0.3103740415192108,609.1214714431119,1962.54,1
TXN_002619,2856.29,network_error,retry_later,0.6509569137118919,1859.3217230661396,0.0,0
TXN_002620,7752.9,authentication_failed,customer_followup,0.5444247188197054,4220.8704025372945,7752.9,1
TXN_002621,3657.4,card_expired,customer_followup,0.3614095556460784,1321.819308819967,0.0,0
TXN_002622,3980.08,bank_decline,alternate_payment,0.4392219256473814,1748.1384018306296,0.0,0
TXN_002623,1966.14,insufficient_funds,retry_later,0.8431818866421793,1657.8136346026545,1966.14,1
TXN_002624,7409.06,limit_exceeded,alternate_payment,0.3243787387987934,2403.3415384845885,0.0,0
TXN_002625,2723.74,authentication_failed,customer_followup,0.5402797745590395,1471.581633157438,2723.74,1
TXN_002626,764.26,card_expired,customer_followup,0.3016716555363081,230.55557946017882,0.0,0
TXN_002627,7356.72,bank_decline,alternate_payment,0.5410330144282542,3980.2283979046265,7356.72,1
TXN_002628,3633.32,authentication_failed,customer_followup,0.2859778003895443,1039.0488617113392,0.0,0
TXN_002629,1160.91,network_error,retry_later,0.6124645480703925,711.0162185003994,1160.91,1
TXN_002630,1119.35,limit_exceeded,alternate_payment,0.3870528823477563,433.247643855961,1119.35,1
TXN_002631,2432.26,limit_exceeded,alternate_payment,0.4324078607947883,1051.728343496732,2432.26,1
TXN_002632,2873.21,limit_exceeded,alternate_payment,0.5490547389406066,1577.5495664715404,2873.21,1
TXN_002633,2202.38,authentication_failed,customer_followup,0.28754130185834886,633.2752123867904,2202.38,1
TXN_002634,2468.36,limit_exceeded,alternate_payment,0.42781860816353623,1056.0103396465463,2468.36,1
TXN_002635,9896.71,card_expired,customer_followup,0.4851467764106339,4801.356953570885,9896.71,1
TXN_002636,5279.27,insufficient_funds,retry_later,0.43757238330004944,2310.062755984452,0.0,0
TXN_002637,2187.76,bank_decline,alternate_payment,0.619126612782612,1354.5004383812875,0.0,0
TXN_002638,4634.63,card_expired,customer_followup,0.7242100372210332,3356.445564805717,4634.63,1
TXN_002639,643.86,insufficient_funds,retry_later,0.6666442550639746,429.22557006549073,0.0,0
TXN_002640,2691.7,bank_decline,alternate_payment,0.3403151215342161,916.0262126336495,0.0,0
TXN_002641,11040.29,card_expired,customer_followup,0.4912788096439361,5423.860529323852,11040.29,1
TXN_002642,1453.83,network_error,retry_later,0.6887793527808581,1001.3680864533949,1453.83,1
TXN_002643,774.61,insufficient_funds,retry_later,0.6730400336517426,521.3435404669764,774.61,1
TXN_002644,941.91,insufficient_funds,retry_later,0.646145413175293,608.6108261239401,941.91,1
TXN_002645,608.12,authentication_failed,customer_followup,0.47727473813358867,290.2403137537979,608.12,1
TXN_002646,824.88,network_error,retry,0.5806707745724915,478.98370852935676,824.88,1
TXN_002647,1248.24,bank_decline,alternate_payment,0.42820712462432575,534.5052612410684,0.0,0
TXN_002648,443.38,authentication_failed,customer_followup,0.4207285536422783,186.54262611391334,443.38,1
TXN_002649,1836.5,network_error,retry_later,0.32936418135183754,604.8773190526497,1836.5,1
TXN_002650,4457.21,limit_exceeded,alternate_payment,0.3058222441053127,1363.1139646486408,4457.21,1
TXN_002651,729.42,card_expired,customer_followup,0.3858073243554704,281.4155785313672,729.42,1
TXN_002652,8260.86,limit_exceeded,alternate_payment,0.4124330151481824,3407.0513975170147,8260.86,1
TXN_002653,3013.3,insufficient_funds,retry_later,0.7490954550737394,2257.249334773699,3013.3,1
TXN_002654,5067.39,authentication_failed,customer_followup,0.4218555179212008,2137.706432958714,5067.39,1
TXN_002655,936.51,insufficient_funds,retry_later,0.40336347823689717,377.7539310036366,0.0,0
TXN_002656,4249.37,network_error,retry,0.8626565397532063,3665.7468203310823,4249.37,1
TXN_002657,606.72,insufficient_funds,retry_later,0.7353926424278079,446.1774240137996,0.0,0
TXN_002658,4403.91,authentication_failed,customer_followup,0.2887644036455138,1271.6924448585146,0.0,0
TXN_002659,2147.03,card_expired,customer_followup,0.5911884631222186,1269.2993659772972,2147.03,1
TXN_002660,3144.0,authentication_failed,customer_followup,0.6673737813039422,2098.2231684195945,3144.0,1
TXN_002661,558.03,bank_decline,alternate_payment,0.7837032566904094,437.32992833094914,558.03,1
TXN_002662,738.73,insufficient_funds,retry_later,0.35785628756935683,264.35917531611096,0.0,0
TXN_002663,3285.35,authentication_failed,customer_followup,0.3842481142495206,1262.3895421496625,3285.35,1
TXN_002664,700.4,authentication_failed,customer_followup,0.3634317089311936,254.54756893540798,700.4,1
TXN_002665,2873.27,card_expired,customer_followup,0.31705704998497225,910.9905100103213,0.0,0
TXN_002666,460.75,insufficient_funds,retry_later,0.5936862162730241,273.54092414779586,460.75,1
TXN_002667,4222.46,insufficient_funds,retry_later,0.3245024329879814,1370.198543194432,4222.46,1
TXN_002668,527.15,bank_decline,alternate_payment,0.25713625280509655,135.54937566620663,0.0,0
TXN_002669,3141.01,network_error,retry_later,0.43452525145996435,1364.8481600882626,0.0,0
TXN_002670,3380.0,network_error,retry_later,0.715211923462102,2417.416301301905,3380.0,1
TXN_002671,900.75,insufficient_funds,retry_later,0.6453936445527695,581.3383253309071,900.75,1
TXN_002672,3235.78,authentication_failed,customer_followup,0.3097589810937964,1002.3119158436846,3235.78,1
TXN_002673,2345.94,network_error,retry,0.8749340839471031,2052.5428648948673,2345.94,1
TXN_002674,1054.85,network_error,retry,0.7114903120080136,750.5155556216531,1054.85,1
TXN_002675,659.48,authentication_failed,customer_followup,0.2728790640480695,179.95828515842086,0.0,0
TXN_002676,254.01,bank_decline,alternate_payment,0.3681203809067271,93.50625795411774,254.01,1
TXN_002677,2564.84,limit_exceeded,alternate_payment,0.4065412129565925,1042.7131646395867,2564.84,1
TXN_002678,378.11,bank_decline,alternate_payment,0.47186200812530077,178.41574389225747,378.11,1
TXN_002679,1988.91,limit_exceeded,alternate_payment,0.40079824823371124,797.1516438945107,1988.91,1
TXN_002680,1389.3,insufficient_funds,retry_later,0.6757292869956393,938.7906984230416,1389.3,1
TXN_002681,3565.8,network_error,retry_later,0.42795634980651776,1526.006752140081,3565.8,1
TXN_002682,1336.69,authentication_failed,customer_followup,0.24926417226853964,333.18892642963425,0.0,0
TXN_002683,1300.56,bank_decline,alternate_payment,0.7605568057270142,989.1497592563256,1300.56,1
TXN_002684,3758.86,authentication_failed,customer_followup,0.3098905881989255,1164.835336357413,3758.86,1
TXN_002685,2527.68,insufficient_funds,retry_later,0.7409276649261168,1872.828040080447,2527.68,1
TXN_002686,2480.35,insufficient_funds,retry_later,0.5639949823172281,1398.9049543905367,2480.35,1
TXN_002687,2890.74,bank_decline,alternate_payment,0.851031024399356,2460.109423472194,2890.74,1
TXN_002688,389.33,network_error,retry,0.8577225170680688,333.9371075701112,389.33,1
TXN_002689,3853.7,authentication_failed,customer_followup,0.5245392096623017,2021.416752275612,3853.7,1
TXN_002690,3335.8,network_error,retry,0.8009078170099673,2671.668295981849,3335.8,1
TXN_002691,654.14,bank_decline,alternate_payment,0.4956343009500649,324.21422162347545,654.14,1
TXN_002692,1416.46,insufficient_funds,retry_later,0.43192302094526486,611.8016822481299,1416.46,1
TXN_002693,1738.35,insufficient_funds,retry_later,0.4901996283347672,852.1385239157426,1738.35,1
TXN_002694,1580.51,limit_exceeded,alternate_payment,0.4783667300084022,756.0634004455798,1580.51,1
TXN_002695,2524.66,bank_decline,alternate_payment,0.4182541918951358,1055.9496281099734,0.0,0
TXN_002696,7565.6,limit_exceeded,alternate_payment,0.42194007497180563,3192.229831206693,7565.6,1
TXN_002697,5333.52,insufficient_funds,retry_later,0.5438982314027747,2900.8920951513273,5333.52,1
TXN_002698,486.76,card_expired,customer_followup,0.6690471644851507,325.66539778479194,486.76,1
TXN_002699,3367.99,insufficient_funds,retry_later,0.8131818345228154,2738.788286854497,3367.99,1
TXN_002700,6829.0,card_expired,customer_followup,0.6797760158870972,4642.190412492987,6829.0,1
TXN_002701,2661.93,card_expired,customer_followup,0.39661141618549534,1055.7518270866556,2661.93,1
TXN_002702,5382.89,card_expired,customer_followup,0.3579444666665241,1926.7756901745659,0.0,0
TXN_002703,13524.67,limit_exceeded,alternate_payment,0.39188204574379076,5300.075347609674,13524.67,1
TXN_002704,5032.69,network_error,retry,0.5783581681865377,2910.6973694507064,5032.69,1
TXN_002705,2319.97,bank_decline,alternate_payment,0.5547681932057753,1287.0455651916025,2319.97,1
TXN_002706,5141.44,bank_decline,alternate_payment,0.40443238163159034,2079.364824215924,0.0,0
TXN_002707,2089.93,bank_decline,alternate_payment,0.8124311852302728,1697.9243069483039,2089.93,1
TXN_002708,1851.78,limit_exceeded,alternate_payment,0.4433261054594687,820.942415567735,1851.78,1
TXN_002709,1272.31,limit_exceeded,alternate_payment,0.255897434208377,325.58086451766013,1272.31,1
TXN_002710,8633.57,card_expired,customer_followup,0.3109945622280127,2684.9933226149033,8633.57,1
TXN_002711,797.57,card_expired,customer_followup,0.32223020577149253,257.0011452171693,0.0,0
TXN_002712,8369.65,card_expired,customer_followup,0.7052521683977313,5902.713811230072,8369.65,1
TXN_002713,2980.55,insufficient_funds,retry_later,0.4746205578655198,1414.6303037460752,2980.55,1
TXN_002714,446.17,limit_exceeded,alternate_payment,0.4777762418395226,213.16942582153982,446.17,1
TXN_002715,2611.42,authentication_failed,customer_followup,0.6145238469814944,1604.7798644844142,2611.42,1
TXN_002716,221.4,authentication_failed,customer_followup,0.5182721388456611,114.74545154042939,221.4,1
TXN_002717,3379.58,insufficient_funds,retry_later,0.30209832551212856,1020.9654589342795,0.0,0
TXN_002718,4381.87,authentication_failed,customer_followup,0.45681366276754953,2001.6980844712423,0.0,0
TXN_002719,999.89,authentication_failed,customer_followup,0.2891784025357915,289.1465929115126,0.0,0
TXN_002720,2045.81,limit_exceeded,alternate_payment,0.5916360634051376,1210.3749748748646,2045.81,1
TXN_002721,12761.11,network_error,retry_later,0.4451242196658343,5680.279130819875,0.0,0
TXN_002722,1090.35,authentication_failed,customer_followup,0.3130403970458597,341.32359691895306,0.0,0
TXN_002723,627.09,insufficient_funds,retry_later,0.5668321106076277,355.4547482409373,0.0,0
TXN_002724,7955.85,card_expired,customer_followup,0.8741876138058491,6954.905527297265,7955.85,1
TXN_002725,12869.14,network_error,retry,0.8902464634131312,11456.706372168463,12869.14,1
TXN_002726,1814.74,authentication_failed,customer_followup,0.5018932209090425,910.8057037124759,1814.74,1
TXN_002727,4971.43,insufficient_funds,retry_later,0.6034361325362746,2999.9404923748116,4971.43,1
TXN_002728,6915.19,bank_decline,alternate_payment,0.48085850973798805,3325.2279579550373,6915.19,1
TXN_002729,860.5,bank_decline,alternate_payment,0.4331837942119982,372.75465491942447,860.5,1
TXN_002730,1112.87,limit_exceeded,alternate_payment,0.42353939264778984,471.3442838959458,1112.87,1
TXN_002731,6191.14,limit_exceeded,alternate_payment,0.598758155034861,3706.995563962529,6191.14,1
TXN_002732,9749.92,network_error,retry,0.7803850624038788,7608.691927632826,9749.92,1
TXN_002733,3174.42,limit_exceeded,alternate_payment,0.3939851918547552,1250.674472727572,3174.42,1
TXN_002734,750.08,limit_exceeded,alternate_payment,0.4844721347087224,363.39285880231853,0.0,0
TXN_002735,13187.98,bank_decline,alternate_payment,0.7547580291912233,9953.733793813268,0.0,0
TXN_002736,1063.19,insufficient_funds,retry_later,0.4369828525704872,464.5957990244163,0.0,0
TXN_002737,1293.18,limit_exceeded,alternate_payment,0.30356909391409065,392.56948086782376,0.0,0
TXN_002738,2546.15,bank_decline,alternate_payment,0.36705787933813183,934.5844194767844,2546.15,1
TXN_002739,8554.05,bank_decline,alternate_payment,0.6218520292686218,5319.353350965254,0.0,0
TXN_002740,4247.03,authentication_failed,customer_followup,0.4076913533564205,1731.4774084453184,4247.03,1
TXN_002741,2737.68,insufficient_funds,retry_later,0.35401415917040197,969.177483277626,2737.68,1
TXN_002742,2873.51,insufficient_funds,retry_later,0.3565484437582277,1024.545518623705,2873.51,1
TXN_002743,1888.46,insufficient_funds,retry_later,0.6480848815834609,1223.8823754751027,1888.46,1
TXN_002744,3159.41,limit_exceeded,alternate_payment,0.45861290087515044,1448.946185153959,3159.41,1
TXN_002745,144.09,limit_exceeded,alternate_payment,0.4496616766007542,64.79175098140267,144.09,1
TXN_002746,1343.98,card_expired,customer_followup,0.526278452077469,707.3077140230769,1343.98,1
TXN_002747,2301.51,insufficient_funds,retry_later,0.5160397670837743,1187.6706843409775,2301.51,1
TXN_002748,571.91,authentication_failed,customer_followup,0.33004959681758694,188.75866491594613,571.91,1
TXN_002749,2660.64,bank_decline,alternate_payment,0.4956267184008314,1318.6842720459879,2660.64,1
TXN_002750,1473.7,bank_decline,alternate_payment,0.45296774058199313,667.5385592956833,1473.7,1
TXN_002751,10461.69,bank_decline,alternate_payment,0.3464656578926095,3624.6163085185344,10461.69,1
TXN_002752,8716.91,insufficient_funds,retry_later,0.5867652944135058,5114.780262526033,8716.91,1
TXN_002753,1134.78,insufficient_funds,retry_later,0.6330898646728715,718.4177166334812,1134.78,1
TXN_002754,1554.89,network_error,retry,0.7059349522634499,1097.6511979249158,1554.89,1
TXN_002755,1679.17,limit_exceeded,alternate_payment,0.2965808883776911,498.0097303371676,0.0,0
TXN_002756,1150.95,network_error,retry_later,0.4046005449051699,465.6749971586053,1150.95,1
TXN_002757,2197.39,network_error,retry,0.8265046536596183,1816.1530609051085,2197.39,1
TXN_002758,847.01,card_expired,customer_followup,0.40094499019325935,339.60441614359263,0.0,0
TXN_002759,583.7,network_error,retry,0.6783379599458019,395.9458672203646,583.7,1
TXN_002760,3370.15,authentication_failed,customer_followup,0.7067316243840074,2381.7915839177626,3370.15,1
TXN_002761,3393.2,insufficient_funds,retry_later,0.5015516406024809,1701.8650268923382,3393.2,1
TXN_002762,808.91,limit_exceeded,alternate_payment,0.7448129259177667,602.4866239041406,808.91,1
TXN_002763,4426.46,card_expired,customer_followup,0.4743437378906089,2099.6635820232646,4426.46,1
TXN_002764,961.43,authentication_failed,customer_followup,0.7359176486753649,707.5333049659561,961.43,1
TXN_002765,2328.93,bank_decline,alternate_payment,0.27488396807415244,640.1855197669358,2328.93,1
TXN_002766,4106.57,network_error,retry_later,0.3085054271103049,1266.8991318083647,0.0,0
TXN_002767,1748.28,network_error,retry_later,0.7010356711889824,1225.606643226274,1748.28,1
TXN_002768,2849.05,insufficient_funds,retry_later,0.28478320716126343,811.3615963627976,2849.05,1
TXN_002769,1078.76,authentication_failed,customer_followup,0.2418644378243192,260.9136809473626,1078.76,1
TXN_002770,1485.54,authentication_failed,customer_followup,0.5128019618211602,761.7878263638063,1485.54,1
TXN_002771,1471.65,limit_exceeded,alternate_payment,0.3257064609323056,479.3259132310276,1471.65,1
TXN_002772,856.99,limit_exceeded,alternate_payment,0.7582605072069002,649.8216720712414,856.99,1
TXN_002773,1515.08,limit_exceeded,alternate_payment,0.27904067031397317,422.76893877929444,0.0,0
TXN_002774,384.28,limit_exceeded,alternate_payment,0.3341234031178116,128.39694135011263,384.28,1
TXN_002775,1106.38,network_error,retry,0.8720086798609319,964.7729632245379,1106.38,1
TXN_002776,1359.84,network_error,retry_later,0.4808037665360757,653.8161938864172,1359.84,1
TXN_002777,1399.43,authentication_failed,customer_followup,0.3336028918964778,466.85389500668794,1399.43,1
TXN_002778,1420.13,authentication_failed,customer_followup,0.4614000581168506,655.2480645334831,1420.13,1
TXN_002779,1699.75,bank_decline,alternate_payment,0.5768925047402353,980.573034932215,1699.75,1
TXN_002780,2920.3,network_error,retry,0.9095623781649333,2656.195012955055,2920.3,1
TXN_002781,4335.17,network_error,retry_later,0.6561918606634771,2844.703268592486,4335.17,1
TXN_002782,944.1,authentication_failed,customer_followup,0.4296350134095148,405.61841615992296,0.0,0
TXN_002783,542.83,limit_exceeded,alternate_payment,0.3026426479003185,164.28350855972988,0.0,0
TXN_002784,637.76,limit_exceeded,alternate_payment,0.2759190572581887,175.97013795698243,0.0,0
TXN_002785,1110.76,insufficient_funds,retry_later,0.33694926033420697,374.26976040882374,0.0,0
TXN_002786,1271.66,authentication_failed,customer_followup,0.44704676765310825,568.4914925537516,1271.66,1
TXN_002787,837.15,network_error,retry_later,0.4345521962095962,363.7853710568634,0.0,0
TXN_002788,494.67,bank_decline,alternate_payment,0.7337614172072673,362.9697602499189,494.67,1
TXN_002789,1145.82,network_error,retry,0.693851426799513,795.0288418554179,0.0,0
TXN_002790,2167.71,card_expired,customer_followup,0.4767454126899715,1033.4457985421782,0.0,0
TXN_002791,3278.13,limit_exceeded,alternate_payment,0.38287097478042603,1255.100828556958,0.0,0
TXN_002792,1035.44,network_error,retry,0.8454934217596592,875.4577086268216,0.0,0
TXN_002793,1196.32,network_error,retry,0.6597233927997004,789.2402892741375,1196.32,1
TXN_002794,715.73,network_error,retry_later,0.29127127004717857,208.47158611086712,715.73,1
TXN_002795,1752.08,authentication_failed,customer_followup,0.3019529904747693,529.0457955510338,1752.08,1
TXN_002796,774.0,insufficient_funds,retry_later,0.8026465899888608,621.2484606513783,774.0,1
TXN_002797,3207.12,network_error,retry_later,0.575092489141915,1844.3906237768185,3207.12,1
TXN_002798,303.12,network_error,retry,0.7003184695946211,212.28053450352155,303.12,1
TXN_002799,1261.9,network_error,retry,0.708179331092015,893.6514979050138,0.0,0
TXN_002800,2443.31,network_error,retry,0.7501777940641776,1832.9169060149459,2443.31,1
TXN_002801,2172.94,network_error,retry_later,0.6501564515499532,1412.7509598309553,0.0,0
TXN_002802,26716.42,bank_decline,alternate_payment,0.5485059199580913,14654.114530086748,0.0,0
TXN_002803,2565.22,limit_exceeded,alternate_payment,0.4134928222478539,1060.7000574866397,0.0,0
TXN_002804,662.45,authentication_failed,customer_followup,0.7229045495411763,478.8881188435523,0.0,0
TXN_002805,1643.42,authentication_failed,customer_followup,0.7185167200640858,1180.82474808772,1643.42,1
TXN_002806,306.05,network_error,retry_later,0.5360863380133638,164.06922374899,0.0,0
TXN_002807,1668.03,limit_exceeded,alternate_payment,0.2943115813441746,490.92054702952356,0.0,0
TXN_002808,785.99,bank_decline,alternate_payment,0.41157701365298455,323.4954169611093,785.99,1
TXN_002809,4516.04,card_expired,customer_followup,0.4864730770460367,2196.9318748629835,4516.04,1
TXN_002810,1043.63,card_expired,customer_followup,0.5942903681745575,620.2192569380135,1043.63,1
TXN_002811,1608.78,bank_decline,alternate_payment,0.5347555561636044,860.3040436448834,1608.78,1
TXN_002812,957.61,limit_exceeded,alternate_payment,0.34319285854951936,328.64491327560523,957.61,1
TXN_002813,10289.21,card_expired,customer_followup,0.4183796654433416,4304.796237476285,10289.21,1
TXN_002814,1311.28,authentication_failed,customer_followup,0.5854912948928015,767.7430251670328,1311.28,1
TXN_002815,11299.99,card_expired,customer_followup,0.4800986728513831,5425.1102022339,11299.99,1
TXN_002816,4081.22,limit_exceeded,alternate_payment,0.47961142805601875,1957.3997524107847,4081.22,1
TXN_002817,2927.98,network_error,retry,0.6712157485894423,1965.3062875549153,2927.98,1
TXN_002818,2614.25,limit_exceeded,alternate_payment,0.42462487263660487,1110.0755732902442,2614.25,1
TXN_002819,2680.6,insufficient_funds,retry_later,0.42334697111598696,1134.8238907735147,2680.6,1
TXN_002820,263.05,bank_decline,alternate_payment,0.5381343402712442,141.55623820835078,263.05,1
TXN_002821,1368.02,insufficient_funds,retry_later,0.23500576680871016,321.49258910965165,0.0,0
TXN_002822,4209.75,limit_exceeded,alternate_payment,0.2916942192356824,1227.959739427414,4209.75,1
TXN_002823,1721.76,bank_decline,alternate_payment,0.29154743991080234,501.974720140823,0.0,0
TXN_002824,443.55,bank_decline,alternate_payment,0.3653948437672552,162.07088295296603,443.55,1
TXN_002825,1715.73,bank_decline,alternate_payment,0.5574910876423338,956.5041838005814,1715.73,1
TXN_002826,9937.85,limit_exceeded,alternate_payment,0.36038230152278616,3581.4252551882205,0.0,0
TXN_002827,6291.1,authentication_failed,customer_followup,0.3162512310877166,1989.568119895934,0.0,0
TXN_002828,1699.34,authentication_failed,customer_followup,0.6480795647200968,1101.3075275114493,1699.34,1
TXN_002829,4681.85,bank_decline,alternate_payment,0.7719247910016491,3614.0360827510713,4681.85,1
TXN_002830,1253.25,network_error,retry_later,0.5700546717336625,714.4210173502125,1253.25,1
TXN_002831,329.02,card_expired,customer_followup,0.5934489635525865,195.256577988072,329.02,1
TXN_002832,717.33,limit_exceeded,alternate_payment,0.6385402721537019,458.044093424015,717.33,1
TXN_002833,8629.04,network_error,retry_later,0.3460280985244518,2985.890303291436,8629.04,1
TXN_002834,1374.72,authentication_failed,customer_followup,0.2827491493752515,388.7009106291457,1374.72,1
TXN_002835,1417.45,limit_exceeded,alternate_payment,0.49145464321127597,696.6123840198231,1417.45,1
TXN_002836,1339.65,limit_exceeded,alternate_payment,0.44070626151637493,590.3921432404118,0.0,0
TXN_002837,12138.49,bank_decline,alternate_payment,0.46982958932882046,5703.021771771993,0.0,0
TXN_002838,9190.81,authentication_failed,customer_followup,0.34800515770659723,3198.4492835013707,9190.81,1
TXN_002839,16626.95,card_expired,customer_followup,0.5812987918477921,9665.225947113648,16626.95,1
TXN_002840,1542.18,insufficient_funds,retry_later,0.8493765623977627,1309.8915469985818,1542.18,1
TXN_002841,2429.95,insufficient_funds,retry_later,0.600743827545267,1459.7774637436214,2429.95,1
TXN_002842,396.77,network_error,retry,0.812205833416411,322.25890852462936,396.77,1
TXN_002843,7918.32,limit_exceeded,alternate_payment,0.4695815022156795,3718.296600624459,0.0,0
TXN_002844,562.4,bank_decline,alternate_payment,0.48535222581135223,272.9620917963045,0.0,0
TXN_002845,2245.71,authentication_failed,customer_followup,0.769095206422489,1727.1647960150476,2245.71,1
TXN_002846,603.47,network_error,retry_later,0.47731218171746065,288.043582301036,603.47,1
TXN_002847,1003.38,network_error,retry_later,0.45114187566064917,452.66673520038216,0.0,0
TXN_002848,782.69,network_error,retry_later,0.4722711057175361,369.6418717340584,782.69,1
TXN_002849,984.49,card_expired,customer_followup,0.2587654308536901,254.75197902114934,984.49,1
TXN_002850,1054.56,limit_exceeded,alternate_payment,0.36611640041202886,386.09171121850915,1054.56,1
TXN_002851,1044.96,network_error,retry,0.7580187196136534,792.0992412474833,1044.96,1
TXN_002852,4160.26,bank_decline,alternate_payment,0.3437753649566536,1430.1948998145679,4160.26,1
TXN_002853,598.93,card_expired,customer_followup,0.4042029098630864,242.0892488042983,598.93,1
TXN_002854,2254.18,insufficient_funds,retry_later,0.5698448846293365,1284.5329420337575,0.0,0
TXN_002855,6111.69,insufficient_funds,retry_later,0.5404735782983183,3303.206963750049,6111.69,1
TXN_002856,1082.26,insufficient_funds,retry_later,0.3946519614029376,427.1160317479433,1082.26,1
TXN_002857,881.9,limit_exceeded,alternate_payment,0.4831233972789041,426.0665240602655,881.9,1
TXN_002858,1435.8,bank_decline,alternate_payment,0.35815563127720407,514.2398553878096,1435.8,1
TXN_002859,5882.43,limit_exceeded,alternate_payment,0.23218345393918247,1365.8029149554652,5882.43,1
TXN_002860,2195.37,bank_decline,alternate_payment,0.5990709901130924,1315.1824795645796,2195.37,1
TXN_002861,1062.93,card_expired,customer_followup,0.66971258735305,711.8576004751774,0.0,0
TXN_002862,2933.28,insufficient_funds,retry_later,0.5128872413611459,1504.4418873398222,2933.28,1
TXN_002863,600.47,card_expired,customer_followup,0.32943105448213583,197.8134652848881,0.0,0
TXN_002864,3573.71,insufficient_funds,retry_later,0.8034616118902214,2871.338797028203,3573.71,1
TXN_002865,2720.6,insufficient_funds,retry_later,0.667640371942607,1816.3823959070564,2720.6,1
TXN_002866,1329.01,limit_exceeded,alternate_payment,0.7637586927109887,1015.0429401998312,1329.01,1
TXN_002867,781.66,insufficient_funds,retry_later,0.5099038680500807,398.57145750002604,781.66,1
TXN_002868,744.95,limit_exceeded,alternate_payment,0.3455188192742139,257.3942444183257,744.95,1
TXN_002869,3086.57,insufficient_funds,retry_later,0.606924985328899,1873.31645196662,3086.57,1
TXN_002870,6179.42,card_expired,customer_followup,0.4195361268947989,2592.489933256258,6179.42,1
TXN_002871,955.94,limit_exceeded,alternate_payment,0.4673621079655982,446.770133488634,0.0,0
TXN_002872,2859.46,bank_decline,alternate_payment,0.7687061653052771,2198.084531443828,0.0,0
TXN_002873,224.3,insufficient_funds,retry_later,0.6254164280007857,140.28090480057622,0.0,0
TXN_002874,1007.66,network_error,retry_later,0.5073350413790765,511.2212277960402,1007.66,1
TXN_002875,1752.75,authentication_failed,customer_followup,0.32471418780562106,569.1427926763023,0.0,0
TXN_002876,728.01,bank_decline,alternate_payment,0.33865266653517667,246.54252776427396,728.01,1
TXN_002877,708.74,bank_decline,alternate_payment,0.28891069398621483,204.7625652557899,0.0,0
TXN_002878,927.25,card_expired,customer_followup,0.3093133185604722,286.81077463519784,927.25,1
TXN_002879,2421.62,authentication_failed,customer_followup,0.3207453449309444,776.7233421916736,2421.62,1
TXN_002880,1499.18,card_expired,customer_followup,0.3597542900737957,539.3364365928331,1499.18,1
TXN_002881,192.82,bank_decline,alternate_payment,0.37256708371027325,71.83838508101489,192.82,1
TXN_002882,216.87,insufficient_funds,retry_later,0.5043083631121962,109.36935470814198,0.0,0
TXN_002883,985.49,limit_exceeded,alternate_payment,0.32452300759865776,319.8141787584012,985.49,1
TXN_002884,2857.45,limit_exceeded,alternate_payment,0.2873297982751275,821.030532081263,2857.45,1
TXN_002885,115.87,limit_exceeded,alternate_payment,0.36915885106968593,42.77443607344451,115.87,1
TXN_002886,1096.93,insufficient_funds,retry_later,0.47572610546808725,521.838236871109,0.0,0
TXN_002887,1068.22,card_expired,customer_followup,0.4396757844651857,469.67046648140064,1068.22,1
TXN_002888,7246.96,bank_decline,alternate_payment,0.7440148942118944,5391.84617775783,7246.96,1
TXN_002889,1230.26,bank_decline,alternate_payment,0.4605029584233793,566.5383696299466,0.0,0
TXN_002890,2651.79,limit_exceeded,alternate_payment,0.35071718530388185,930.0283248169808,0.0,0
TXN_002891,2082.36,bank_decline,alternate_payment,0.6535200876222176,1360.8640896610011,2082.36,1
TXN_002892,214.74,network_error,retry_later,0.5801665613589195,124.58496738621439,0.0,0
TXN_002893,3897.95,limit_exceeded,alternate_payment,0.584119551041081,2276.8688039805816,3897.95,1
TXN_002894,2242.61,insufficient_funds,retry_later,0.5603502122502132,1256.6469894944507,2242.61,1
TXN_002895,3005.71,card_expired,customer_followup,0.3547259884872622,1066.203450856049,3005.71,1
TXN_002896,91696.34,limit_exceeded,alternate_payment,0.5535386888489068,50757.471815843564,0.0,0
TXN_002897,224.95,card_expired,customer_followup,0.5865711115988038,131.94917155415092,224.95,1
TXN_002898,10144.6,insufficient_funds,retry_later,0.6680724165161576,6777.327436589812,10144.6,1
TXN_002899,1356.35,card_expired,customer_followup,0.6173970846713948,837.4065357940462,1356.35,1
TXN_002900,2409.87,card_expired,customer_followup,0.7478095146284738,1802.12371501772,2409.87,1
TXN_002901,1727.6,card_expired,customer_followup,0.6877162695256591,1188.0986272325285,1727.6,1
TXN_002902,1182.95,card_expired,customer_followup,0.6556896563365646,775.6480789633391,1182.95,1
TXN_002903,1022.66,limit_exceeded,alternate_payment,0.5471981496812283,559.5976597530049,1022.66,1
TXN_002904,2513.69,card_expired,customer_followup,0.2718576001926692,683.3657310283106,2513.69,1
TXN_002905,396.56,bank_decline,alternate_payment,0.2915078275318438,115.60034408602797,396.56,1
TXN_002906,3829.84,network_error,retry_later,0.42355350915505774,1622.1421715024064,3829.84,1
TXN_002907,1192.5,authentication_failed,customer_followup,0.3719947915318914,443.6037889017805,0.0,0
TXN_002908,584.02,limit_exceeded,alternate_payment,0.5850963189394959,341.7079521870444,584.02,1
TXN_002909,1152.84,limit_exceeded,alternate_payment,0.21958016295969762,253.1407950664578,1152.84,1
TXN_002910,6355.97,bank_decline,alternate_payment,0.7035950897119674,4472.029282356573,6355.97,1
TXN_002911,1058.56,bank_decline,alternate_payment,0.41891436119893094,443.4459861907403,1058.56,1
TXN_002912,2587.52,limit_exceeded,alternate_payment,0.29699028164999725,768.4682935750009,2587.52,1
TXN_002913,870.48,bank_decline,alternate_payment,0.2608719497634274,227.08381483006832,0.0,0
TXN_002914,3858.07,bank_decline,alternate_payment,0.7831407221845401,3021.4117260385087,0.0,0
TXN_002915,3588.57,card_expired,customer_followup,0.4913113707443047,1763.1052457118897,3588.57,1
TXN_002916,11482.84,authentication_failed,customer_followup,0.7937281792782049,9114.253686142943,11482.84,1
TXN_002917,1516.92,authentication_failed,customer_followup,0.3763321381042557,570.8657469331076,1516.92,1
TXN_002918,3528.59,card_expired,customer_followup,0.4894989305502555,1727.2410313503262,0.0,0
TXN_002919,1994.34,limit_exceeded,alternate_payment,0.5928472198853968,1182.3389245062422,1994.34,1
TXN_002920,6606.91,card_expired,customer_followup,0.314817247556326,2079.969221052366,6606.91,1
TXN_002921,881.1,authentication_failed,customer_followup,0.2709078263295652,238.69688577897992,881.1,1
TXN_002922,3808.56,bank_decline,alternate_payment,0.7027604532372353,2676.505351781205,3808.56,1
TXN_002923,1488.17,card_expired,customer_followup,0.2941683695377658,437.772542495017,0.0,0
TXN_002924,1695.63,bank_decline,alternate_payment,0.6237889495881841,1057.7152565902127,1695.63,1
TXN_002925,1981.78,bank_decline,alternate_payment,0.6447592542786746,1277.7709949443918,1981.78,1
TXN_002926,2326.78,limit_exceeded,alternate_payment,0.5062575772420911,1177.9500055753529,0.0,0
TXN_002927,1609.65,card_expired,customer_followup,0.5592256695000423,900.1575989107431,0.0,0
TXN_002928,2241.08,card_expired,customer_followup,0.31771279592896606,712.0197927004872,0.0,0
TXN_002929,8761.46,limit_exceeded,alternate_payment,0.5467611402977626,4790.425860273234,8761.46,1
TXN_002930,4843.78,authentication_failed,customer_followup,0.7618436430829366,3690.2030014922666,4843.78,1
TXN_002931,4311.99,card_expired,customer_followup,0.6303221662376608,2717.942877595131,4311.99,1
TXN_002932,1146.49,insufficient_funds,retry_later,0.25746818730123344,295.18470205899115,0.0,0
TXN_002933,743.05,limit_exceeded,alternate_payment,0.3015585868228192,224.0731079386958,743.05,1
TXN_002934,4699.92,bank_decline,alternate_payment,0.7752298165521199,3643.5181194096394,4699.92,1
TXN_002935,4341.81,bank_decline,alternate_payment,0.37966278801570963,1648.4236896344885,0.0,0
TXN_002936,7884.63,limit_exceeded,alternate_payment,0.232541811164206,1833.5061405596336,7884.63,1
TXN_002937,988.33,network_error,retry,0.6473353826023472,639.7809786873779,988.33,1
TXN_002938,1437.2,bank_decline,alternate_payment,0.6896512572376412,991.1667869019379,1437.2,1
TXN_002939,350.91,insufficient_funds,retry_later,0.4178698973384933,146.63472567505067,0.0,0
TXN_002940,1221.13,bank_decline,alternate_payment,0.6602382775220267,806.2367678304726,1221.13,1
TXN_002941,4897.94,limit_exceeded,alternate_payment,0.47758392479755535,2339.177408622938,4897.94,1
TXN_002942,1134.0,bank_decline,alternate_payment,0.7831717561957334,888.1167715259617,1134.0,1
TXN_002943,3430.56,network_error,retry_later,0.470918728376586,1615.514952819581,3430.56,1
TXN_002944,1494.43,bank_decline,alternate_payment,0.8367320767885293,1250.437517515082,1494.43,1
TXN_002945,2500.03,insufficient_funds,retry_later,0.6837643640452806,1709.431423044123,2500.03,1
TXN_002946,573.82,card_expired,customer_followup,0.3312169525844478,190.05891173200783,573.82,1
TXN_002947,1968.86,card_expired,customer_followup,0.42673364616649445,840.1788065913643,1968.86,1
TXN_002948,90.82,bank_decline,alternate_payment,0.5081479888912177,46.15000035110039,90.82,1
TXN_002949,1499.83,limit_exceeded,alternate_payment,0.5191397367633276,778.6213513897416,1499.83,1
TXN_002950,354.08,card_expired,customer_followup,0.6099974053117898,215.98788127279852,0.0,0
TXN_002951,6039.0,authentication_failed,customer_followup,0.44120930425857496,2664.4629884175342,6039.0,1
TXN_002952,3933.98,authentication_failed,customer_followup,0.2757248510475944,1084.6960495242156,0.0,0
TXN_002953,2883.24,insufficient_funds,retry_later,0.4743476439919965,1367.6581010634839,2883.24,1
TXN_002954,8275.1,bank_decline,alternate_payment,0.7191463657989718,5951.008091623072,8275.1,1
TXN_002955,700.0,card_expired,customer_followup,0.7536660651859812,527.5662456301868,700.0,1
TXN_002956,10377.17,card_expired,customer_followup,0.41898988319218,4347.929246165395,0.0,0
TXN_002957,4592.55,insufficient_funds,retry_later,0.5628670142557034,2584.9949063200306,4592.55,1
TXN_002958,1427.16,authentication_failed,customer_followup,0.3528834486627809,503.6211425935744,0.0,0
TXN_002959,5628.62,bank_decline,alternate_payment,0.6975275083117226,3926.117283833528,5628.62,1
TXN_002960,598.07,authentication_failed,customer_followup,0.5483318597870706,327.9408353828533,0.0,0
TXN_002961,792.73,insufficient_funds,retry_later,0.4725713237267767,374.6214654579277,792.73,1
TXN_002962,983.79,bank_decline,alternate_payment,0.39849526357158876,392.0356553490933,983.79,1
TXN_002963,1065.31,insufficient_funds,retry_later,0.6799812667508247,724.390843282321,1065.31,1
TXN_002964,628.57,insufficient_funds,retry_later,0.6747196903546662,424.10855576623254,0.0,0
TXN_002965,6143.09,card_expired,customer_followup,0.2607033913074702,1601.5243961070073,0.0,0
TXN_002966,1395.69,authentication_failed,customer_followup,0.37919074613805565,529.2327324774229,1395.69,1
TXN_002967,2572.17,insufficient_funds,retry_later,0.7131565857713906,1834.359975223598,2572.17,1
TXN_002968,1022.13,limit_exceeded,alternate_payment,0.346477310736699,354.14485362330214,1022.13,1
TXN_002969,292.77,insufficient_funds,retry_later,0.5177197749039324,151.5728184986243,0.0,0
TXN_002970,2368.61,limit_exceeded,alternate_payment,0.6791577480555484,1608.6598336218526,2368.61,1
TXN_002971,267.13,bank_decline,alternate_payment,0.4525867258544043,120.89949207748701,267.13,1
TXN_002972,1688.11,bank_decline,alternate_payment,0.37616974638634193,635.0159105722477,1688.11,1
TXN_002973,460.21,authentication_failed,customer_followup,0.31781305172004465,146.26074453208173,0.0,0
TXN_002974,13190.81,authentication_failed,customer_followup,0.3420934566259079,4512.489788595592,0.0,0
TXN_002975,4497.89,limit_exceeded,alternate_payment,0.5616328195754607,2526.162642840269,4497.89,1
TXN_002976,2009.73,authentication_failed,customer_followup,0.3256773420451701,654.5235246284398,2009.73,1
TXN_002977,6397.78,limit_exceeded,alternate_payment,0.27886116626554325,1784.0923923103671,0.0,0
TXN_002978,775.64,limit_exceeded,alternate_payment,0.340807001846153,264.34354291195007,775.64,1
TXN_002979,3113.43,card_expired,customer_followup,0.2771824455289575,862.9881413832221,0.0,0
TXN_002980,2207.93,card_expired,customer_followup,0.36353799553006605,802.6664464706987,0.0,0
TXN_002981,2354.35,insufficient_funds,retry_later,0.4141252941359048,974.9958862488675,2354.35,1
TXN_002982,6453.34,bank_decline,alternate_payment,0.5939863948424593,3833.1961612926366,6453.34,1
TXN_002983,3761.2,card_expired,customer_followup,0.28007636408853254,1053.4232206097886,0.0,0
TXN_002984,2413.24,network_error,retry_later,0.436194241868082,1052.64139224573,0.0,0
TXN_002985,345.54,authentication_failed,customer_followup,0.5664514487048625,195.73163358547822,345.54,1
TXN_002986,692.25,bank_decline,alternate_payment,0.4499566289553808,311.4824763943624,0.0,0
TXN_002987,1599.25,limit_exceeded,alternate_payment,0.381049940932484,609.394118036275,1599.25,1
TXN_002988,1985.0,insufficient_funds,retry_later,0.3872910015335683,768.7726380441331,1985.0,1
TXN_002989,583.94,bank_decline,alternate_payment,0.40027874138078184,233.73876824189378,0.0,0
TXN_002990,20164.45,bank_decline,alternate_payment,0.3557027606170011,7172.550531323489,0.0,0
TXN_002991,8237.02,insufficient_funds,retry_later,0.2853487695226809,2350.423521533713,8237.02,1
TXN_002992,3301.45,card_expired,customer_followup,0.2857727204705688,943.4643479975592,0.0,0
TXN_002993,1943.09,network_error,retry,0.8085833492532633,1571.1502201005233,1943.09,1
TXN_002994,1462.34,limit_exceeded,alternate_payment,0.47753186147920523,698.313942315501,1462.34,1
TXN_002995,697.9,card_expired,customer_followup,0.2894139302246357,201.98198190377323,697.9,1
TXN_002996,1953.7,limit_exceeded,alternate_payment,0.6251726565873843,1221.3998191747728,1953.7,1
TXN_002997,2339.64,authentication_failed,customer_followup,0.44452497941138275,1040.0284228300475,2339.64,1
TXN_002998,522.3,limit_exceeded,alternate_payment,0.39930923887560443,208.55921546472817,522.3,1
TXN_002999,2525.45,network_error,retry,0.646898380287324,1633.7095144966224,2525.45,1
TXN_003000,1548.03,network_error,retry_later,0.5561196445151635,860.8898932988085,0.0,0
TXN_003001,268.32,card_expired,customer_followup,0.40402799098968856,108.40879054235323,268.32,1
TXN_003002,764.8,card_expired,customer_followup,0.48953490936530075,374.39629868258197,0.0,0
TXN_003003,1195.59,authentication_failed,customer_followup,0.7469719582161876,893.0722035236917,1195.59,1
TXN_003004,11940.46,authentication_failed,customer_followup,0.4235927270965173,5057.89201418688,11940.46,1
TXN_003005,3154.4,limit_exceeded,alternate_payment,0.2757248002530857,869.7463099183336,0.0,0
TXN_003006,475.57,bank_decline,alternate_payment,0.6977733003547597,331.8400484497131,0.0,0
TXN_003007,2939.62,insufficient_funds,retry_later,0.40400348661980123,1187.6167293373,0.0,0
TXN_003008,384.79,card_expired,customer_followup,0.41239920753284653,158.68709106656402,384.79,1
TXN_003009,5338.45,limit_exceeded,alternate_payment,0.5146336548607533,2747.3460347913883,5338.45,1
TXN_003010,1128.76,insufficient_funds,retry_later,0.7038878885424582,794.5204930711851,1128.76,1
TXN_003011,1646.43,card_expired,customer_followup,0.49918294162913485,821.8697705864565,1646.43,1
TXN_003012,6807.61,network_error,retry,0.911470661268569,6204.936788358523,6807.61,1
TXN_003013,499.11,limit_exceeded,alternate_payment,0.469496913630277,234.33060456200758,499.11,1
TXN_003014,447.14,authentication_failed,customer_followup,0.5457921210399833,244.04548900181814,447.14,1
TXN_003015,1008.68,network_error,retry,0.6134288945353278,618.7534573398945,1008.68,1
TXN_003016,5107.06,card_expired,customer_followup,0.5727881817108063,2925.2636112879904,5107.06,1
TXN_003017,395.7,limit_exceeded,alternate_payment,0.2990492745058969,118.3337979219834,0.0,0
TXN_003018,106.47,authentication_failed,customer_followup,0.2863848758554289,30.491397732327513,106.47,1
TXN_003019,1151.52,bank_decline,alternate_payment,0.3656757111155736,421.08289486380534,1151.52,1
TXN_003020,3139.26,authentication_failed,customer_followup,0.4227713273003577,1327.189116940921,0.0,0
TXN_003021,6004.48,authentication_failed,customer_followup,0.3075392936868865,1846.613538157036,6004.48,1
TXN_003022,1137.78,limit_exceeded,alternate_payment,0.2637086122607519,300.04238485803825,1137.78,1
TXN_003023,1198.2,card_expired,customer_followup,0.4309431715636326,516.3561081675446,1198.2,1
TXN_003024,5732.46,insufficient_funds,retry_later,0.3358375231450988,1925.175167928353,5732.46,1
TXN_003025,278.73,authentication_failed,customer_followup,0.24640857835091867,68.68146304375156,278.73,1
TXN_003026,1225.96,card_expired,customer_followup,0.36105375045300325,442.6374559053639,1225.96,1
TXN_003027,2187.3,limit_exceeded,alternate_payment,0.26356553389216253,576.4968922823272,0.0,0
TXN_003028,2833.36,authentication_failed,customer_followup,0.4077480443224927,1155.296998861578,0.0,0
TXN_003029,1085.93,card_expired,customer_followup,0.43201167839468413,469.13444191913936,1085.93,1
TXN_003030,1871.4,network_error,retry_later,0.6427912186028222,1202.9194864933215,0.0,0
TXN_003031,150.16,limit_exceeded,alternate_payment,0.7114450951837659,106.83059549279427,150.16,1
TXN_003032,936.13,card_expired,customer_followup,0.4364485324461306,408.5725646787962,936.13,1
TXN_003033,2845.54,network_error,retry_later,0.606557402972477,1725.9833524543021,0.0,0
TXN_003034,677.02,network_error,retry_later,0.47703835674657047,322.9645082845631,677.02,1
TXN_003035,1917.9,insufficient_funds,retry_later,0.4000158908285943,767.190477020161,1917.9,1
TXN_003036,2826.72,network_error,retry,0.8297202955441317,2345.386953820508,2826.72,1
TXN_003037,1283.63,card_expired,customer_followup,0.38285343036624186,491.4421488210191,1283.63,1
TXN_003038,2144.08,insufficient_funds,retry_later,0.548504180000766,1176.0368422560423,0.0,0
TXN_003039,690.4,insufficient_funds,retry_later,0.590739379320544,407.84646748290356,690.4,1
TXN_003040,1470.55,insufficient_funds,retry_later,0.83164473928179,1222.9751713508363,1470.55,1
TXN_003041,3328.3,network_error,retry_later,0.567090703878684,1887.447989719424,3328.3,1
TXN_003042,2115.34,card_expired,customer_followup,0.824074434857593,1743.197615031661,0.0,0
TXN_003043,1005.73,authentication_failed,customer_followup,0.533279659095147,536.3353515417622,1005.73,1
TXN_003044,2262.48,authentication_failed,customer_followup,0.4477098482044698,1012.9345773656488,2262.48,1
TXN_003045,3694.53,insufficient_funds,retry_later,0.7230335687778415,2671.269210856799,0.0,0
TXN_003046,232.77,bank_decline,alternate_payment,0.7792143002873669,181.3777126778904,232.77,1
TXN_003047,5762.2,limit_exceeded,alternate_payment,0.39731831491843855,2289.4275942230265,5762.2,1
TXN_003048,1291.74,limit_exceeded,alternate_payment,0.31637124405323586,408.6693907933269,1291.74,1
TXN_003049,2766.92,authentication_failed,customer_followup,0.24127225182270345,667.5810190132746,2766.92,1
TXN_003050,5986.41,card_expired,customer_followup,0.34061637641290704,2039.0692819219908,5986.41,1
TXN_003051,458.67,insufficient_funds,retry_later,0.8170463133955022,374.754632565115,458.67,1
TXN_003052,889.41,bank_decline,alternate_payment,0.5367050275064313,477.3508185144951,889.41,1
TXN_003053,1354.86,card_expired,customer_followup,0.6821824674295591,924.2617378216124,1354.86,1
TXN_003054,825.71,limit_exceeded,alternate_payment,0.5371956195244865,443.56779499756374,825.71,1
TXN_003055,10249.01,bank_decline,alternate_payment,0.3848814427805306,3944.653755872086,10249.01,1
TXN_003056,767.57,authentication_failed,customer_followup,0.6580425429495957,505.0937146918212,0.0,0
TXN_003057,1037.38,bank_decline,alternate_payment,0.3367089892665638,349.295171285348,1037.38,1
TXN_003058,2218.06,network_error,retry,0.8493024052635834,1883.8036930189437,2218.06,1
TXN_003059,543.4,network_error,retry_later,0.6935444110332164,376.87203295544975,543.4,1
TXN_003060,1217.21,insufficient_funds,retry_later,0.73277090672183,891.9360753708787,0.0,0
TXN_003061,2483.57,limit_exceeded,alternate_payment,0.4718614268200074,1171.900883807366,2483.57,1
TXN_003062,1296.13,network_error,retry_later,0.4686443555906934,607.4240086117654,1296.13,1
TXN_003063,1646.84,bank_decline,alternate_payment,0.8075157964234521,1329.8493141819977,1646.84,1
TXN_003064,1064.93,network_error,retry_later,0.5600203491856897,596.3824704583166,0.0,0
TXN_003065,397.63,limit_exceeded,alternate_payment,0.4438694320398279,176.49580226199677,397.63,1
TXN_003066,2493.88,insufficient_funds,retry_later,0.3272274608864086,816.0660201553967,2493.88,1
TXN_003067,10456.02,authentication_failed,customer_followup,0.23812039268920776,2489.7915883662104,10456.02,1
TXN_003068,1841.62,insufficient_funds,retry_later,0.8015180206416246,1476.0916171740287,0.0,0
TXN_003069,2264.85,insufficient_funds,retry_later,0.4354026520341512,986.1216964595473,2264.85,1
TXN_003070,3614.55,bank_decline,alternate_payment,0.3233690383841987,1168.8335576916056,0.0,0
TXN_003071,508.1,limit_exceeded,alternate_payment,0.5845755721419232,297.0228482053112,508.1,1
TXN_003072,9922.05,limit_exceeded,alternate_payment,0.4305852194133377,4272.288076280107,9922.05,1
TXN_003073,2213.5,bank_decline,alternate_payment,0.8593940439184931,1902.2687162135844,2213.5,1
TXN_003074,9245.17,card_expired,customer_followup,0.3971577194756723,3671.790633364901,9245.17,1
TXN_003075,868.67,limit_exceeded,alternate_payment,0.3197439273711968,277.7519573895375,868.67,1
TXN_003076,11137.38,network_error,retry_later,0.5176415904130433,5765.17109623442,0.0,0
TXN_003077,3925.13,authentication_failed,customer_followup,0.36818764824936323,1445.1843837730232,0.0,0
TXN_003078,3143.34,card_expired,customer_followup,0.4503812509101958,1415.701401236055,3143.34,1
TXN_003079,2284.78,bank_decline,alternate_payment,0.7660071571629834,1750.1578325428413,2284.78,1
TXN_003080,1410.18,authentication_failed,customer_followup,0.5379216878217954,758.5664057325395,0.0,0
TXN_003081,6006.1,bank_decline,alternate_payment,0.6089990480399714,3657.7091824328722,0.0,0
TXN_003082,2080.49,network_error,retry,0.5708099611141043,1187.5644159982828,0.0,0
TXN_003083,252.88,insufficient_funds,retry_later,0.7035883494023052,177.92342179685494,252.88,1
TXN_003084,591.59,authentication_failed,customer_followup,0.36944544238721966,218.56022926185528,591.59,1
TXN_003085,1501.4,authentication_failed,customer_followup,0.36763007052021024,551.9597878790437,0.0,0
TXN_003086,2465.13,card_expired,customer_followup,0.714246932180961,1760.7115399272525,2465.13,1
TXN_003087,1708.57,authentication_failed,customer_followup,0.3436988468733527,587.2335388024043,1708.57,1
TXN_003088,6117.88,authentication_failed,customer_followup,0.214145871716127,1310.118745654659,6117.88,1
TXN_003089,256.95,bank_decline,alternate_payment,0.7545614034745723,193.88455262279135,256.95,1
TXN_003090,2087.22,network_error,retry_later,0.5779336807562531,1206.2747371480664,2087.22,1
TXN_003091,293.54,card_expired,customer_followup,0.36061647697037585,105.85536064988413,293.54,1
TXN_003092,3864.98,bank_decline,alternate_payment,0.42218393879292365,1631.732479755874,0.0,0
TXN_003093,1645.08,card_expired,customer_followup,0.43468834843249043,715.0971082393213,1645.08,1
TXN_003094,2750.7,card_expired,customer_followup,0.6791893557896731,1868.2461609706536,2750.7,1
TXN_003095,762.13,network_error,retry_later,0.43035515356181364,327.98657318406504,762.13,1
TXN_003096,6499.4,network_error,retry_later,0.48144180845606627,3129.082889879357,0.0,0
TXN_003097,5124.17,limit_exceeded,alternate_payment,0.5317033085946221,2724.5381428013047,0.0,0
TXN_003098,3240.7,insufficient_funds,retry_later,0.8595856437795505,2785.659195796389,3240.7,1
TXN_003099,1588.4,bank_decline,alternate_payment,0.5444885934102504,864.8656817728418,1588.4,1
TXN_003100,3228.77,network_error,retry,0.8628017911525431,2785.7885392195963,3228.77,1
TXN_003101,891.68,card_expired,customer_followup,0.3290007114854092,293.36335441730967,891.68,1
TXN_003102,4253.75,card_expired,customer_followup,0.2674161422551603,1137.5214151178882,0.0,0
TXN_003103,9409.55,card_expired,customer_followup,0.7339352278622581,6906.00022333131,0.0,0
TXN_003104,5274.35,bank_decline,alternate_payment,0.35307787452715994,1862.2562875123263,5274.35,1
TXN_003105,871.66,limit_exceeded,alternate_payment,0.7940738244430603,692.162389814038,871.66,1
TXN_003106,2595.2,authentication_failed,customer_followup,0.33235028563864755,862.515461289418,2595.2,1
TXN_003107,496.14,insufficient_funds,retry_later,0.8564246682682277,424.90653491459847,496.14,1
TXN_003108,3204.75,card_expired,customer_followup,0.6391588962937871,2048.344472897514,3204.75,1
TXN_003109,2837.29,insufficient_funds,retry_later,0.30366300973781507,861.5800208990053,0.0,0
TXN_003110,278.71,authentication_failed,customer_followup,0.5381618688709251,149.99109447301552,278.71,1
TXN_003111,565.79,insufficient_funds,retry_later,0.5576124235071618,315.49153309611705,565.79,1
TXN_003112,1362.21,bank_decline,alternate_payment,0.490704897219156,668.4431180409065,1362.21,1
TXN_003113,1338.28,bank_decline,alternate_payment,0.5855241117258774,783.5952082405072,1338.28,1
TXN_003114,539.44,limit_exceeded,alternate_payment,0.5206988163721187,280.88576950377575,539.44,1
TXN_003115,2667.72,limit_exceeded,alternate_payment,0.3787511497812636,1010.4020172944726,2667.72,1
TXN_003116,2325.0,card_expired,customer_followup,0.35392375574732604,822.8727321125331,0.0,0
TXN_003117,1488.81,insufficient_funds,retry_later,0.6278382556952089,934.731873461584,1488.81,1
TXN_003118,849.13,network_error,retry_later,0.4656436371310704,395.39198159710577,849.13,1
TXN_003119,5160.08,authentication_failed,customer_followup,0.33144309405447764,1710.272880768629,5160.08,1
TXN_003120,9465.48,bank_decline,alternate_payment,0.684374186145455,6477.93017147608,9465.48,1
TXN_003121,1114.81,bank_decline,alternate_payment,0.3265557510569853,364.0476168358378,1114.81,1
TXN_003122,980.27,authentication_failed,customer_followup,0.35973366519947986,352.6361199850941,980.27,1
TXN_003123,2954.86,network_error,retry_later,0.4225238393464138,1248.4987919311443,2954.86,1
TXN_003124,1263.92,network_error,retry,0.47532481680041583,600.7725424503816,1263.92,1
TXN_003125,1572.78,card_expired,customer_followup,0.560927816834194,882.2160517604837,1572.78,1
TXN_003126,3788.23,authentication_failed,customer_followup,0.5186371156180131,1964.7166804976257,3788.23,1
TXN_003127,267.91,limit_exceeded,alternate_payment,0.38064804290168136,101.97941717378946,0.0,0
TXN_003128,6756.78,network_error,retry,0.7963351187318666,5380.661203545102,6756.78,1
TXN_003129,1944.35,network_error,retry_later,0.5652073287899428,1098.9608697327253,0.0,0
TXN_003130,1198.12,bank_decline,alternate_payment,0.7274126773480913,871.5276769842951,1198.12,1
TXN_003131,1653.69,insufficient_funds,retry_later,0.3832303660471692,633.7442240285433,0.0,0
TXN_003132,1741.37,authentication_failed,customer_followup,0.2698949496206709,469.9869684209477,0.0,0
TXN_003133,320.15,authentication_failed,customer_followup,0.519618000108147,166.35570273462324,0.0,0
TXN_003134,8062.17,bank_decline,alternate_payment,0.4660860501192406,3757.664970689838,8062.17,1
TXN_003135,1884.33,card_expired,customer_followup,0.43618032802861106,821.9076775141526,1884.33,1
TXN_003136,2815.8,bank_decline,alternate_payment,0.7883609431712622,2219.8667437816403,2815.8,1
TXN_003137,4682.32,card_expired,customer_followup,0.5957044697356882,2789.2789527328077,4682.32,1
TXN_003138,651.21,insufficient_funds,retry_later,0.6442327380111049,419.53080132021165,0.0,0
TXN_003139,2902.92,bank_decline,alternate_payment,0.6594842932406038,1914.4301445340136,2902.92,1
TXN_003140,1383.48,authentication_failed,customer_followup,0.34922952892182557,483.15206867276726,1383.48,1
TXN_003141,4216.54,network_error,retry_later,0.5184751523825982,2186.1712190273206,4216.54,1
TXN_003142,215.46,insufficient_funds,retry_later,0.5790323116162486,124.75830186083692,0.0,0
TXN_003143,1637.47,bank_decline,alternate_payment,0.7958555838706489,1303.1896429206715,1637.47,1
TXN_003144,989.48,limit_exceeded,alternate_payment,0.3069847371735984,303.7552577385322,989.48,1
TXN_003145,2785.72,limit_exceeded,alternate_payment,0.3346674491332168,932.2898063993846,2785.72,1
TXN_003146,2892.99,authentication_failed,customer_followup,0.4695948887158452,1358.533317106053,2892.99,1
TXN_003147,891.03,authentication_failed,customer_followup,0.5578186594558435,497.03316013494026,0.0,0
TXN_003148,886.98,limit_exceeded,alternate_payment,0.4825245497945054,427.9896251767304,886.98,1
TXN_003149,1618.63,authentication_failed,customer_followup,0.3103460256646728,502.33538752160933,0.0,0
TXN_003150,737.57,network_error,retry_later,0.6696211733911774,493.8924888581308,737.57,1
TXN_003151,4196.41,authentication_failed,customer_followup,0.31577404320602837,1325.1173526502093,4196.41,1
TXN_003152,1249.87,network_error,retry,0.8696454412150749,1086.9437476114856,1249.87,1
TXN_003153,98.79,bank_decline,alternate_payment,0.4230789456417183,41.79596903994535,0.0,0
TXN_003154,1242.87,card_expired,customer_followup,0.26697065488255434,331.8098178338803,1242.87,1
TXN_003155,639.99,insufficient_funds,retry_later,0.4106880545852764,262.83624805403105,639.99,1
TXN_003156,353.8,insufficient_funds,retry_later,0.8284426554305144,293.103011491316,353.8,1
TXN_003157,524.57,bank_decline,alternate_payment,0.692076444822702,363.0425406606448,0.0,0
TXN_003158,2017.08,bank_decline,alternate_payment,0.4582919517212493,924.4115299778975,2017.08,1
TXN_003159,6827.0,authentication_failed,customer_followup,0.40901579223585943,2792.3508135942125,0.0,0
TXN_003160,2472.99,authentication_failed,customer_followup,0.3765317151018389,931.1591661296966,2472.99,1
TXN_003161,985.84,bank_decline,alternate_payment,0.7758913862476161,764.9047642183499,985.84,1
TXN_003162,2852.37,insufficient_funds,retry_later,0.7123639798348171,2031.9256451614374,2852.37,1
TXN_003163,1142.43,bank_decline,alternate_payment,0.38842750028838346,443.751229154458,1142.43,1
TXN_003164,902.71,authentication_failed,customer_followup,0.335593112006919,302.9432581397659,902.71,1
TXN_003165,570.0,bank_decline,alternate_payment,0.48627659642203325,277.17765996055897,570.0,1
TXN_003166,313.62,authentication_failed,customer_followup,0.6600929361944348,207.01834664929862,313.62,1
TXN_003167,1224.24,insufficient_funds,retry_later,0.454218872026792,556.0729118900798,0.0,0
TXN_003168,2117.63,limit_exceeded,alternate_payment,0.3548974110185995,751.5414044953169,2117.63,1
TXN_003169,1641.52,card_expired,customer_followup,0.2949623631629954,484.1866183793202,0.0,0
TXN_003170,1192.77,insufficient_funds,retry_later,0.8264615442650267,985.7785361529959,1192.77,1
TXN_003171,702.23,limit_exceeded,alternate_payment,0.5643847334672989,396.3278913827413,702.23,1
TXN_003172,3321.75,network_error,retry_later,0.5428589037695077,1803.2415635963623,3321.75,1
TXN_003173,484.38,authentication_failed,customer_followup,0.3847258924912288,186.3535278049014,484.38,1
TXN_003174,3928.56,bank_decline,alternate_payment,0.7928128983246229,3114.6130398421806,3928.56,1
TXN_003175,663.67,bank_decline,alternate_payment,0.631638736218207,419.1996800659374,663.67,1
TXN_003176,851.98,authentication_failed,customer_followup,0.42023609884505314,358.0327514940084,851.98,1
TXN_003177,417.05,network_error,retry_later,0.5841613462922497,243.62448947118276,0.0,0
TXN_003178,1095.1,authentication_failed,customer_followup,0.3933930820898166,430.80476419655815,0.0,0
TXN_003179,4794.92,bank_decline,alternate_payment,0.6050501194343789,2901.1669186782924,0.0,0
TXN_003180,3027.91,card_expired,customer_followup,0.6262953901148129,1896.366074682543,3027.91,1
TXN_003181,4809.85,network_error,retry_later,0.7544072290496486,3628.5856106444526,4809.85,1
TXN_003182,3047.7,bank_decline,alternate_payment,0.4080890209641629,1243.7329091924792,3047.7,1
TXN_003183,599.64,insufficient_funds,retry_later,0.5867348050512224,351.829658500915,599.64,1
TXN_003184,1298.82,network_error,retry,0.8815405431646778,1144.9624882731468,1298.82,1
TXN_003185,828.65,authentication_failed,customer_followup,0.34179308442172845,283.22683940606527,828.65,1
TXN_003186,6840.22,insufficient_funds,retry_later,0.6120213317589511,4186.360553924213,6840.22,1
TXN_003187,546.32,limit_exceeded,alternate_payment,0.7873319638155682,430.1351984717213,546.32,1
TXN_003188,4419.13,limit_exceeded,alternate_payment,0.485088669592447,2143.6698924560706,4419.13,1
TXN_003189,4415.84,card_expired,customer_followup,0.3537688965184578,1562.1868440020667,0.0,0
TXN_003190,11266.85,card_expired,customer_followup,0.650815546080377,7332.641135355695,0.0,0
TXN_003191,1200.28,authentication_failed,customer_followup,0.33951590212497773,407.5141470025683,1200.28,1
TXN_003192,3686.09,limit_exceeded,alternate_payment,0.3724333389624981,1372.8228064162747,0.0,0
TXN_003193,17705.88,limit_exceeded,alternate_payment,0.561832026672065,9947.730444412382,0.0,0
TXN_003194,974.92,authentication_failed,customer_followup,0.4744742535205514,462.57443924225595,974.92,1
TXN_003195,389.54,insufficient_funds,retry_later,0.5961094413060581,232.2084717663619,389.54,1
TXN_003196,275.89,bank_decline,alternate_payment,0.620798413478015,171.27207429444954,275.89,1
TXN_003197,3687.53,network_error,retry_later,0.6688129445796918,2466.2677975259508,0.0,0
TXN_003198,275.02,network_error,retry,0.6288406378036207,172.94375220875173,0.0,0
TXN_003199,1245.98,insufficient_funds,retry_later,0.3879359547404834,483.36044088754755,1245.98,1
TXN_003200,2799.83,authentication_failed,customer_followup,0.2749696375723676,769.868240364242,2799.83,1
TXN_003201,2175.85,authentication_failed,customer_followup,0.6939568660634443,1509.9460470241452,2175.85,1
TXN_003202,2766.79,bank_decline,alternate_payment,0.6227235857686579,1722.945389868865,2766.79,1
TXN_003203,2258.12,card_expired,customer_followup,0.8045193264166527,1816.7011813679717,2258.12,1
TXN_003204,6495.51,card_expired,customer_followup,0.8721946711253602,5665.349208241489,6495.51,1
TXN_003205,697.63,insufficient_funds,retry_later,0.5511100931248072,384.47093426665924,697.63,1
TXN_003206,918.74,insufficient_funds,retry_later,0.6960907631940654,639.5264277769156,0.0,0
TXN_003207,834.92,card_expired,customer_followup,0.3359087132114302,280.45690283448727,0.0,0
TXN_003208,4147.21,limit_exceeded,alternate_payment,0.3389963994508918,1405.8892577667332,0.0,0
TXN_003209,4448.84,bank_decline,alternate_payment,0.5055615299494658,2249.1623569003814,4448.84,1
TXN_003210,2839.05,bank_decline,alternate_payment,0.843648517304265,2395.160323052674,2839.05,1
TXN_003211,5904.64,insufficient_funds,retry_later,0.45451134815003813,2683.7258867406413,5904.64,1
TXN_003212,556.66,network_error,retry_later,0.5982437119321293,333.0183446841391,0.0,0
TXN_003213,9578.0,network_error,retry_later,0.5524052825160819,5290.937795939032,9578.0,1
TXN_003214,8293.59,card_expired,customer_followup,0.7671691861561937,6362.586690613146,8293.59,1
TXN_003215,3772.99,authentication_failed,customer_followup,0.2957273758016892,1115.7764316260152,3772.99,1
TXN_003216,10740.74,authentication_failed,customer_followup,0.262753800265471,2822.1702526633553,10740.74,1
TXN_003217,344.94,network_error,retry_later,0.43816813848864666,151.14171769027377,344.94,1
TXN_003218,1070.15,bank_decline,alternate_payment,0.6348416042496192,679.37574278773,1070.15,1
TXN_003219,866.7,card_expired,customer_followup,0.3854825174415934,334.097697866629,0.0,0
TXN_003220,3720.0,insufficient_funds,retry_later,0.5750558839257138,2139.2078882036553,3720.0,1
TXN_003221,632.61,authentication_failed,customer_followup,0.31882668444245066,201.69294884513872,632.61,1
TXN_003222,3856.42,network_error,retry,0.7600673848303677,2931.1390642075266,3856.42,1
TXN_003223,7119.1,authentication_failed,customer_followup,0.5673464435835047,4038.9960665153285,7119.1,1
TXN_003224,3623.53,limit_exceeded,alternate_payment,0.3369181678257347,1220.8330886615845,3623.53,1
TXN_003225,2401.27,bank_decline,alternate_payment,0.24118885725296343,579.1595672558235,2401.27,1
TXN_003226,673.26,bank_decline,alternate_payment,0.3668290470226382,246.9713241984614,0.0,0
TXN_003227,775.22,authentication_failed,customer_followup,0.25995959992131684,201.52588105100324,775.22,1
TXN_003228,6308.28,bank_decline,alternate_payment,0.6768552075265799,4269.792168535773,6308.28,1
TXN_003229,3941.63,insufficient_funds,retry_later,0.5132590745962133,2023.0773662006725,3941.63,1
TXN_003230,1738.85,insufficient_funds,retry_later,0.7454280661666415,1296.1875928538645,1738.85,1
TXN_003231,1190.45,network_error,retry_later,0.418141991195767,497.77713341900085,1190.45,1
TXN_003232,238.46,card_expired,customer_followup,0.4630891965283649,110.4282498041539,238.46,1
TXN_003233,619.65,bank_decline,alternate_payment,0.6232475805248989,386.1953632722536,619.65,1
TXN_003234,12227.21,limit_exceeded,alternate_payment,0.480614621500177,5876.575906153178,12227.21,1
TXN_003235,502.47,card_expired,customer_followup,0.5840939105340779,293.48966722605815,502.47,1
TXN_003236,2185.24,authentication_failed,customer_followup,0.2864959284452372,626.0623626756701,2185.24,1
TXN_003237,4951.49,network_error,retry,0.7502698919971276,3714.953867524857,4951.49,1
TXN_003238,515.47,bank_decline,alternate_payment,0.7081956441521694,365.05360869111877,0.0,0
TXN_003239,2174.84,limit_exceeded,alternate_payment,0.7211899278774194,1568.472702744927,2174.84,1
TXN_003240,4618.92,insufficient_funds,retry_later,0.8348018724563784,3855.8830647262153,4618.92,1
TXN_003241,1830.78,authentication_failed,customer_followup,0.3001221520644147,549.4576335564892,1830.78,1
TXN_003242,31837.59,insufficient_funds,retry_later,0.22175831845836763,7060.250422166941,31837.59,1
TXN_003243,340.84,authentication_failed,customer_followup,0.3929342852593517,133.92772178779742,340.84,1
TXN_003244,5212.05,limit_exceeded,alternate_payment,0.5174079595040708,2696.7561553331925,5212.05,1
TXN_003245,1521.11,limit_exceeded,alternate_payment,0.3764574641034961,572.633213222469,1521.11,1
TXN_003246,3912.45,insufficient_funds,retry_later,0.4067878923379815,1591.5372893777358,3912.45,1
TXN_003247,2811.03,limit_exceeded,alternate_payment,0.8586685358705978,2413.7430143883266,2811.03,1
TXN_003248,868.57,insufficient_funds,retry_later,0.735306161580691,638.6648727641408,868.57,1
TXN_003249,2273.32,network_error,retry_later,0.4402888136294538,1000.91736580011,0.0,0
TXN_003250,282.05,network_error,retry,0.6577531559705935,185.5192776415059,282.05,1
TXN_003251,3305.18,bank_decline,alternate_payment,0.4241426258954628,1401.8677242571657,3305.18,1
TXN_003252,2436.11,insufficient_funds,retry_later,0.7874866190246743,1918.4040274721995,2436.11,1
TXN_003253,3424.33,card_expired,customer_followup,0.2919626910935567,999.776601992399,3424.33,1
TXN_003254,5208.87,authentication_failed,customer_followup,0.2986368012352171,1555.560274850085,5208.87,1
TXN_003255,2611.34,limit_exceeded,alternate_payment,0.3470474770783135,906.2589587936833,2611.34,1
TXN_003256,2096.64,bank_decline,alternate_payment,0.6249607460249986,1310.317698545853,2096.64,1
TXN_003257,749.14,network_error,retry_later,0.3684500005864415,276.0206334393268,0.0,0
TXN_003258,886.94,authentication_failed,customer_followup,0.36446607350908267,323.2595392381458,886.94,1
TXN_003259,5923.81,authentication_failed,customer_followup,0.24138451242617678,1429.9159885553104,5923.81,1
TXN_003260,7603.28,limit_exceeded,alternate_payment,0.301298555937409,2290.8572843877832,0.0,0
TXN_003261,1424.95,network_error,retry,0.849251135751432,1210.140405889003,1424.95,1
TXN_003262,1893.16,bank_decline,alternate_payment,0.28227032570033506,534.3828898028463,1893.16,1
TXN_003263,731.71,card_expired,customer_followup,0.7069633871595247,517.2921800184959,731.71,1
TXN_003264,5841.58,card_expired,customer_followup,0.29019684390028644,1695.2080793910352,5841.58,1
TXN_003265,3517.19,network_error,retry_later,0.4229235485716625,1487.5024758007655,0.0,0
TXN_003266,12597.04,authentication_failed,customer_followup,0.3762612592859693,4739.778133675727,12597.04,1
TXN_003267,751.2,network_error,retry,0.6310855980453904,474.0715012516973,751.2,1
TXN_003268,1238.92,authentication_failed,customer_followup,0.3247578341298973,402.34897586021236,1238.92,1
TXN_003269,2278.89,insufficient_funds,retry_later,0.7092108491441557,1616.2135120061248,2278.89,1
TXN_003270,3451.24,limit_exceeded,alternate_payment,0.48512317308720165,1674.2764998854736,3451.24,1
TXN_003271,1457.29,authentication_failed,customer_followup,0.5397081989388539,786.5113612316025,1457.29,1
TXN_003272,755.24,insufficient_funds,retry_later,0.6353670353813146,479.85459980138404,755.24,1
TXN_003273,4365.15,authentication_failed,customer_followup,0.33958039012414776,1482.3193399504235,0.0,0
TXN_003274,3718.72,insufficient_funds,retry_later,0.5250299064466484,1952.43921370128,3718.72,1
TXN_003275,723.23,limit_exceeded,alternate_payment,0.3485305616812206,252.06775812470917,0.0,0
TXN_003276,7012.45,bank_decline,alternate_payment,0.7821735073792615,5484.952611821702,7012.45,1
TXN_003277,5826.66,card_expired,customer_followup,0.3463074343188374,2017.8156752481973,0.0,0
TXN_003278,2067.92,insufficient_funds,retry_later,0.5816654123136119,1202.8375394315644,2067.92,1
TXN_003279,1957.84,authentication_failed,customer_followup,0.3418424457624336,669.272814011523,1957.84,1
TXN_003280,3146.54,insufficient_funds,retry_later,0.3560342207324323,1120.2759169034275,0.0,0
TXN_003281,763.79,authentication_failed,customer_followup,0.31934722098187607,243.91421391374712,763.79,1
TXN_003282,1863.16,card_expired,customer_followup,0.4128766467921485,769.2552532372595,1863.16,1
TXN_003283,210.11,bank_decline,alternate_payment,0.36042328589940065,75.72853660032308,0.0,0
TXN_003284,4343.59,insufficient_funds,retry_later,0.6674959741411082,2899.3288383195763,0.0,0
TXN_003285,379.37,authentication_failed,customer_followup,0.7899132936088951,299.6694061964065,379.37,1
TXN_003286,8130.84,card_expired,customer_followup,0.3402623022464929,2766.6183375978744,8130.84,1
TXN_003287,1299.69,limit_exceeded,alternate_payment,0.5365573123379754,697.3581732725434,1299.69,1
TXN_003288,1463.13,network_error,retry_later,0.7029182535233843,1028.4607842776693,0.0,0
TXN_003289,965.13,limit_exceeded,alternate_payment,0.5509189157777183,531.7083731845493,0.0,0
TXN_003290,1355.55,network_error,retry,0.6442098979830531,873.2587272109275,1355.55,1
TXN_003291,7469.11,insufficient_funds,retry_later,0.35274902223907423,2634.721249496092,7469.11,1
TXN_003292,150.23,limit_exceeded,alternate_payment,0.44678253802353773,67.12014068727606,0.0,0
TXN_003293,6483.17,limit_exceeded,alternate_payment,0.32988748252085276,2138.716630054717,6483.17,1
TXN_003294,2535.19,limit_exceeded,alternate_payment,0.8001362222043886,2028.497349170344,2535.19,1
TXN_003295,540.76,card_expired,customer_followup,0.6498212663179503,351.3973479740948,0.0,0
TXN_003296,616.89,limit_exceeded,alternate_payment,0.43674977608859367,269.42656937129254,616.89,1
TXN_003297,9666.22,insufficient_funds,retry_later,0.8651317477171914,8362.553802418868,9666.22,1
TXN_003298,702.39,authentication_failed,customer_followup,0.28381031048421196,199.34552398100564,702.39,1
TXN_003299,570.58,authentication_failed,customer_followup,0.2902731427811841,165.62404980808805,570.58,1
TXN_003300,5638.17,network_error,retry_later,0.4274117342634671,2409.8200177722524,0.0,0
TXN_003301,2536.53,authentication_failed,customer_followup,0.26013994125050094,659.8527651801332,2536.53,1
TXN_003302,707.74,limit_exceeded,alternate_payment,0.319843357779926,226.36593803516485,0.0,0
TXN_003303,2245.37,authentication_failed,customer_followup,0.38780455421814636,870.7647119047992,2245.37,1
TXN_003304,648.23,insufficient_funds,retry_later,0.5273036315889255,341.8140331048892,648.23,1
TXN_003305,5436.12,network_error,retry_later,0.6167025886681541,3352.4692763107255,5436.12,1
TXN_003306,5225.84,bank_decline,alternate_payment,0.38310086100555074,2002.0238034772474,5225.84,1
TXN_003307,3077.91,authentication_failed,customer_followup,0.29534988335050194,909.0603594633434,3077.91,1
TXN_003308,2595.83,network_error,retry,0.6879533563381612,1785.809960983289,2595.83,1
TXN_003309,10521.63,limit_exceeded,alternate_payment,0.42102023476979955,4429.819132760966,10521.63,1
TXN_003310,1807.48,bank_decline,alternate_payment,0.5325505617698444,962.5744893877584,1807.48,1
TXN_003311,554.53,bank_decline,alternate_payment,0.5460367612306019,302.7937652052056,0.0,0
TXN_003312,2834.08,limit_exceeded,alternate_payment,0.5555183909489425,1574.3835614205789,2834.08,1
TXN_003313,14560.2,network_error,retry_later,0.5488535327612647,7991.417207710567,0.0,0
TXN_003314,655.4,insufficient_funds,retry_later,0.6935161129634311,454.5304604362327,655.4,1
TXN_003315,1259.58,network_error,retry,0.6380625999874958,803.6908896922499,1259.58,1
TXN_003316,2742.01,bank_decline,alternate_payment,0.6909870511289273,1894.69340406603,2742.01,1
TXN_003317,1713.16,bank_decline,alternate_payment,0.3542351319163618,606.8614585938344,1713.16,1
TXN_003318,677.02,bank_decline,alternate_payment,0.40820351454759873,276.3619434190153,677.02,1
TXN_003319,5551.69,limit_exceeded,alternate_payment,0.5255085016507041,2917.460293529197,0.0,0
TXN_003320,18398.8,network_error,retry_later,0.4595136469418434,8454.499687353587,0.0,0
TXN_003321,2199.82,authentication_failed,customer_followup,0.6665164780907051,1466.2162788334952,2199.82,1
TXN_003322,732.11,bank_decline,alternate_payment,0.6055784060376057,443.3500068441915,732.11,1
TXN_003323,384.15,network_error,retry,0.6644219634373968,255.23769725447596,384.15,1
TXN_003324,2340.16,insufficient_funds,retry_later,0.801869470107327,1876.5028591663622,2340.16,1
TXN_003325,5452.76,authentication_failed,customer_followup,0.2944616566322614,1605.62874281813,0.0,0
TXN_003326,2907.85,card_expired,customer_followup,0.5877323266486352,1709.0374460452338,2907.85,1
TXN_003327,1803.7,insufficient_funds,retry_later,0.7625936724581099,1375.490207012693,1803.7,1
TXN_003328,1002.98,authentication_failed,customer_followup,0.623524631754244,625.3827351568716,1002.98,1
TXN_003329,606.58,limit_exceeded,alternate_payment,0.2483103203704058,150.62007413028076,606.58,1
TXN_003330,4166.17,insufficient_funds,retry_later,0.33554354306145867,1397.9314427963573,0.0,0
TXN_003331,4508.73,card_expired,customer_followup,0.2701926912128684,1218.2258926521959,0.0,0
TXN_003332,385.4,bank_decline,alternate_payment,0.4879012028703562,188.03712358623528,385.4,1
TXN_003333,8864.76,insufficient_funds,retry_later,0.3593860672886291,3185.871233857548,8864.76,1
TXN_003334,3210.14,insufficient_funds,retry_later,0.7525562379549025,2415.8108817085504,3210.14,1
TXN_003335,7329.0,limit_exceeded,alternate_payment,0.4575507878884098,3353.3897244341556,0.0,0
TXN_003336,472.42,limit_exceeded,alternate_payment,0.2994729203533609,141.47699703333478,0.0,0
TXN_003337,461.36,authentication_failed,customer_followup,0.44552967158681567,205.5495692832933,0.0,0
TXN_003338,1557.8,limit_exceeded,alternate_payment,0.28248286038236886,440.05179990365417,0.0,0
TXN_003339,2989.27,network_error,retry_later,0.6319649345951014,1889.1138200370988,0.0,0
TXN_003340,10898.29,authentication_failed,customer_followup,0.2864843865491137,3122.1899250843403,0.0,0
TXN_003341,3663.15,network_error,retry_later,0.5982610486390421,2191.519960322107,0.0,0
TXN_003342,1418.45,card_expired,customer_followup,0.3284238304441206,465.8527822934629,1418.45,1
TXN_003343,647.83,authentication_failed,customer_followup,0.4118001618073343,266.7764988236454,647.83,1
TXN_003344,6185.73,limit_exceeded,alternate_payment,0.24587050456190934,1520.8885561837394,6185.73,1
TXN_003345,689.04,insufficient_funds,retry_later,0.3294833034657555,227.02717542004416,689.04,1
TXN_003346,9213.9,card_expired,customer_followup,0.21922708232343643,2019.936413819911,0.0,0
TXN_003347,1360.51,authentication_failed,customer_followup,0.26281498664568803,357.56241748132504,1360.51,1
TXN_003348,8871.35,bank_decline,alternate_payment,0.6292541665961433,5582.333950832696,8871.35,1
TXN_003349,3565.04,card_expired,customer_followup,0.43408210561213895,1547.5200697914997,3565.04,1
TXN_003350,1576.57,bank_decline,alternate_payment,0.20356711452160092,320.93780574132035,1576.57,1
TXN_003351,1075.57,authentication_failed,customer_followup,0.5290196698941392,568.9976863480392,1075.57,1
TXN_003352,1285.74,authentication_failed,customer_followup,0.44397249004023487,570.8331893443316,1285.74,1
TXN_003353,2774.75,authentication_failed,customer_followup,0.2925559533300409,811.7696315025311,0.0,0
TXN_003354,1953.07,network_error,retry_later,0.305654220984722,596.964089378631,0.0,0
TXN_003355,998.43,card_expired,customer_followup,0.2761487065618505,275.71515309254835,998.43,1
TXN_003356,1532.06,card_expired,customer_followup,0.1888518662348162,289.3323901837125,1532.06,1
TXN_003357,1955.84,limit_exceeded,alternate_payment,0.2962319391072146,579.3822757834546,0.0,0
TXN_003358,215.14,bank_decline,alternate_payment,0.36395692046283634,78.3016918683746,215.14,1
TXN_003359,2858.83,limit_exceeded,alternate_payment,0.6592607691815803,1884.714464759377,2858.83,1
TXN_003360,678.77,limit_exceeded,alternate_payment,0.3653770373663686,248.00697165317,678.77,1
TXN_003361,570.59,bank_decline,alternate_payment,0.5471406963266495,312.19300991702295,570.59,1
TXN_003362,334.51,limit_exceeded,alternate_payment,0.5510075185923584,184.3175250443298,334.51,1
TXN_003363,300.7,bank_decline,alternate_payment,0.5389164530893173,162.05217744395773,300.7,1
TXN_003364,466.17,card_expired,customer_followup,0.35338473423739014,164.73736155944417,466.17,1
TXN_003365,889.78,limit_exceeded,alternate_payment,0.41076629758216077,365.491636262655,0.0,0
TXN_003366,12749.65,bank_decline,alternate_payment,0.7626635118533555,9723.692843901134,12749.65,1
TXN_003367,1068.62,insufficient_funds,retry_later,0.4900648188147474,523.6930666818153,1068.62,1
TXN_003368,2159.76,limit_exceeded,alternate_payment,0.7490318298122411,1617.728984755286,2159.76,1
TXN_003369,2698.58,authentication_failed,customer_followup,0.2905430637185414,784.0537008895814,2698.58,1
TXN_003370,2061.24,limit_exceeded,alternate_payment,0.34142782596816984,703.7646919986304,2061.24,1
TXN_003371,1673.31,bank_decline,alternate_payment,0.43143218982754167,721.9197975603237,1673.31,1
TXN_003372,547.14,insufficient_funds,retry_later,0.47823375646154764,261.66081751037115,547.14,1
TXN_003373,7715.04,bank_decline,alternate_payment,0.3879253772230292,2992.8598022907595,7715.04,1
TXN_003374,11017.02,limit_exceeded,alternate_payment,0.26294852295307275,2896.909136344462,0.0,0
TXN_003375,336.08,authentication_failed,customer_followup,0.2809979697203783,94.43779766362475,0.0,0
TXN_003376,649.35,insufficient_funds,retry_later,0.6488873015878442,421.35496928606665,649.35,1
TXN_003377,1366.75,authentication_failed,customer_followup,0.25444771927086063,347.76642031344875,0.0,0
TXN_003378,689.15,limit_exceeded,alternate_payment,0.2998967441852079,206.67384125523603,689.15,1
TXN_003379,2998.79,network_error,retry,0.8724273533430389,2616.2264229315715,2998.79,1
TXN_003380,872.82,limit_exceeded,alternate_payment,0.4560637852119172,398.0615930086656,872.82,1
TXN_003381,15757.25,authentication_failed,customer_followup,0.28999469178621146,4569.51885714828,15757.25,1
TXN_003382,5946.44,card_expired,customer_followup,0.603562370614972,3589.0474231196936,5946.44,1
TXN_003383,2236.29,authentication_failed,customer_followup,0.5536169676472947,1238.0480885799686,2236.29,1
TXN_003384,5049.21,network_error,retry_later,0.6351255361480815,3206.882208374255,5049.21,1
TXN_003385,5463.8,bank_decline,alternate_payment,0.7520992225106946,4109.319731953933,5463.8,1
TXN_003386,1028.7,card_expired,customer_followup,0.4686608567568954,482.1114233458183,0.0,0
TXN_003387,799.34,limit_exceeded,alternate_payment,0.27490393216166564,219.74170913410583,799.34,1
TXN_003388,1955.0,network_error,retry_later,0.41574379361131697,812.7791165101247,0.0,0
TXN_003389,4279.69,authentication_failed,customer_followup,0.4735796438586015,2026.7740660252182,4279.69,1
TXN_003390,2077.79,network_error,retry_later,0.6756515531598422,1403.8620406399884,0.0,0
TXN_003391,373.53,bank_decline,alternate_payment,0.5463779819791197,204.08856760866055,373.53,1
TXN_003392,810.11,card_expired,customer_followup,0.6876082910525219,557.0383526645585,0.0,0
TXN_003393,1679.12,insufficient_funds,retry_later,0.5922485904891127,994.4564532620789,0.0,0
TXN_003394,1676.28,network_error,retry_later,0.3925327087686847,657.9947290547707,1676.28,1
TXN_003395,12997.89,limit_exceeded,alternate_payment,0.362534865102121,4712.188297762207,0.0,0
TXN_003396,452.15,limit_exceeded,alternate_payment,0.29186460572812295,131.96658147997078,0.0,0
TXN_003397,2997.67,network_error,retry,0.5300016066502794,1588.7699162073432,0.0,0
TXN_003398,8015.34,authentication_failed,customer_followup,0.33025936781635495,2647.1411212331427,0.0,0
TXN_003399,17526.16,card_expired,customer_followup,0.32006674701878185,5609.541018930694,17526.16,1
TXN_003400,1206.65,insufficient_funds,retry_later,0.45527348426432246,549.3557497875447,1206.65,1
TXN_003401,2955.52,network_error,retry_later,0.6586249895883487,1946.5793292281564,2955.52,1
TXN_003402,3196.34,insufficient_funds,retry_later,0.4924586047263929,1574.0651366311588,3196.34,1
TXN_003403,2198.39,insufficient_funds,retry_later,0.6283491978303096,1381.3565930181744,0.0,0
TXN_003404,1637.87,bank_decline,alternate_payment,0.31416580132460337,514.5627410155281,1637.87,1
TXN_003405,2796.08,authentication_failed,customer_followup,0.2737362860205164,765.3885546162455,0.0,0
TXN_003406,143.7,insufficient_funds,retry_later,0.7806226402870202,112.1754734092448,143.7,1
TXN_003407,3576.25,authentication_failed,customer_followup,0.3403267273354135,1217.0934586332726,0.0,0
TXN_003408,2051.2,bank_decline,alternate_payment,0.6501291724792848,1333.544958589509,0.0,0
TXN_003409,1447.4,insufficient_funds,retry_later,0.6418608541478331,929.0294002935738,1447.4,1
TXN_003410,14000.69,authentication_failed,customer_followup,0.3698715932601025,5178.457517040784,14000.69,1
TXN_003411,920.64,card_expired,customer_followup,0.8261564975155928,760.5927178727554,920.64,1
TXN_003412,1208.24,authentication_failed,customer_followup,0.8212999500932261,992.3274517006395,1208.24,1
TXN_003413,13247.36,card_expired,customer_followup,0.26233935084829885,3475.3038228537202,13247.36,1
TXN_003414,786.77,bank_decline,alternate_payment,0.29012195681955466,228.25925196692103,786.77,1
TXN_003415,1043.03,bank_decline,alternate_payment,0.35738254495461175,372.76071586400866,0.0,0
TXN_003416,1560.83,limit_exceeded,alternate_payment,0.31847821012059024,497.09034470252084,1560.83,1
TXN_003417,4191.17,card_expired,customer_followup,0.7712149721498325,3232.2930548252134,4191.17,1
TXN_003418,2225.65,network_error,retry,0.7528181425083449,1675.509698873698,2225.65,1
TXN_003419,496.4,insufficient_funds,retry_later,0.5669681951777934,281.44301208625666,496.4,1
TXN_003420,1061.92,insufficient_funds,retry_later,0.5044937832006465,535.7320382564305,1061.92,1
TXN_003421,985.0,card_expired,customer_followup,0.3323350234954119,327.3499981429807,0.0,0
TXN_003422,1673.68,insufficient_funds,retry_later,0.7920231613037408,1325.593324610845,1673.68,1
TXN_003423,2767.9,bank_decline,alternate_payment,0.4094339942828351,1133.2723527754592,0.0,0
TXN_003424,2746.84,limit_exceeded,alternate_payment,0.567947414158549,1560.0606751072687,2746.84,1
TXN_003425,306.12,limit_exceeded,alternate_payment,0.3892471406532001,119.15633469675761,0.0,0
TXN_003426,5239.29,network_error,retry,0.6337533448207598,3320.417561985959,5239.29,1
TXN_003427,2327.54,card_expired,customer_followup,0.5721651731183764,1331.737327039946,2327.54,1
TXN_003428,7219.44,bank_decline,alternate_payment,0.5219140759032649,3767.9273561390664,7219.44,1
TXN_003429,2819.17,bank_decline,alternate_payment,0.5021397747515797,1415.6173887864109,0.0,0
TXN_003430,5438.85,card_expired,customer_followup,0.3117189555699301,1695.3926415015146,5438.85,1
TXN_003431,2882.88,card_expired,customer_followup,0.7376228380966972,2126.4781274922066,2882.88,1
TXN_003432,6948.12,authentication_failed,customer_followup,0.22062848612817643,1532.953197036905,0.0,0
TXN_003433,3048.03,bank_decline,alternate_payment,0.6832721574925196,2082.6340342019244,0.0,0
TXN_003434,1639.4,insufficient_funds,retry_later,0.602661910421687,988.0039359453137,1639.4,1
TXN_003435,17543.43,limit_exceeded,alternate_payment,0.3252167558730979,5705.4173914867815,0.0,0
TXN_003436,4398.58,network_error,retry,0.7587484997585192,3337.415976067827,4398.58,1
TXN_003437,3209.1,authentication_failed,customer_followup,0.6931666923515933,2224.441232425498,3209.1,1
TXN_003438,504.56,bank_decline,alternate_payment,0.7405674127189641,373.6606937614805,504.56,1
TXN_003439,498.54,card_expired,customer_followup,0.5649638886827685,281.65709706390743,0.0,0
TXN_003440,2422.89,limit_exceeded,alternate_payment,0.3199763272447122,775.2674435179407,0.0,0
TXN_003441,2091.26,network_error,retry_later,0.4685144143505817,979.7854541547977,2091.26,1
TXN_003442,978.36,network_error,retry,0.4516195938111889,441.84654580111476,978.36,1
TXN_003443,2081.79,bank_decline,alternate_payment,0.43178193683470184,898.8793182831139,2081.79,1
TXN_003444,8854.02,insufficient_funds,retry_later,0.6660388631017083,5897.121414679788,0.0,0
TXN_003445,3624.25,network_error,retry,0.36798816236731324,1333.681097459735,0.0,0
TXN_003446,577.66,bank_decline,alternate_payment,0.21658557550659813,125.11282354714147,0.0,0
TXN_003447,1617.26,network_error,retry,0.5435249947766474,879.0212330524807,0.0,0
TXN_003448,808.38,insufficient_funds,retry_later,0.40991234663156917,331.3649427700279,0.0,0
TXN_003449,1226.97,authentication_failed,customer_followup,0.5015083567346427,615.3357084627045,1226.97,1
TXN_003450,1195.58,bank_decline,alternate_payment,0.4633916689855329,554.0218116057234,1195.58,1
TXN_003451,1121.42,bank_decline,alternate_payment,0.47127511419874346,528.497338564755,1121.42,1
TXN_003452,515.36,authentication_failed,customer_followup,0.26495399651603646,136.54669164450456,0.0,0
TXN_003453,1591.36,limit_exceeded,alternate_payment,0.42479564768855094,676.0028019056524,1591.36,1
TXN_003454,1032.14,limit_exceeded,alternate_payment,0.3717934904514464,383.7429332345559,1032.14,1
TXN_003455,96.6,card_expired,customer_followup,0.47966776953317936,46.33590653690512,0.0,0
TXN_003456,14086.5,bank_decline,alternate_payment,0.7352850199948779,10357.592434157848,14086.5,1
TXN_003457,5371.0,limit_exceeded,alternate_payment,0.5849853572495851,3141.9563537875215,5371.0,1
TXN_003458,1241.03,card_expired,customer_followup,0.4552193284787729,564.9408432220115,1241.03,1
TXN_003459,1842.39,bank_decline,alternate_payment,0.6367328173190687,1173.110175300479,1842.39,1
TXN_003460,560.23,limit_exceeded,alternate_payment,0.7272144790783103,407.4073676140418,560.23,1
TXN_003461,9854.89,network_error,retry,0.5534480930384365,5454.170077603557,9854.89,1
TXN_003462,12055.65,insufficient_funds,retry_later,0.2934820851489544,3538.117299825992,12055.65,1
TXN_003463,2114.75,network_error,retry_later,0.338944813151409,716.7835436119422,0.0,0
TXN_003464,5031.79,bank_decline,alternate_payment,0.33368612425605926,1679.0385031703963,5031.79,1
TXN_003465,2154.44,card_expired,customer_followup,0.27632008630283966,595.3150467342899,2154.44,1
TXN_003466,474.98,card_expired,customer_followup,0.2933618321053959,139.34100301342096,0.0,0
TXN_003467,1197.72,authentication_failed,customer_followup,0.719969149636847,862.3214499030444,1197.72,1
TXN_003468,2063.02,authentication_failed,customer_followup,0.6798770045379767,1402.5998579019367,2063.02,1
TXN_003469,1147.63,limit_exceeded,alternate_payment,0.3242746841434185,372.14735576351137,0.0,0
TXN_003470,1452.94,authentication_failed,customer_followup,0.6290047303722162,913.9061329470078,1452.94,1
TXN_003471,1650.12,limit_exceeded,alternate_payment,0.2758827190119546,455.2395922960065,1650.12,1
TXN_003472,1667.57,insufficient_funds,retry_later,0.5250307909979315,875.5255961444205,0.0,0
TXN_003473,1905.04,limit_exceeded,alternate_payment,0.5538868953487879,1055.176691115255,1905.04,1
TXN_003474,626.03,authentication_failed,customer_followup,0.24263682605729162,151.89793221664627,0.0,0
TXN_003475,882.7,card_expired,customer_followup,0.7731711163520256,682.478144403933,882.7,1
TXN_003476,500.4,limit_exceeded,alternate_payment,0.4403891408846495,220.3707260986786,500.4,1
TXN_003477,4806.94,network_error,retry,0.7407056954704567,3560.527835784757,0.0,0
TXN_003478,220.16,bank_decline,alternate_payment,0.3606348259132707,79.39736327306566,220.16,1
TXN_003479,5730.68,authentication_failed,customer_followup,0.362136910828739,2075.2907521480383,5730.68,1
TXN_003480,7232.57,insufficient_funds,retry_later,0.5033756584651984,3640.6996861456396,7232.57,1
TXN_003481,1336.51,network_error,retry,0.8302591444178293,1109.649649105873,1336.51,1
TXN_003482,133.87,limit_exceeded,alternate_payment,0.46655577696270145,62.45782186199685,133.87,1
TXN_003483,1259.78,card_expired,customer_followup,0.430813422249526,542.7301330815079,1259.78,1
TXN_003484,1695.64,insufficient_funds,retry_later,0.525130541254199,890.43235097227,0.0,0
TXN_003485,658.13,bank_decline,alternate_payment,0.7040583037538387,463.36189144951385,658.13,1
TXN_003486,1080.07,limit_exceeded,alternate_payment,0.3475759743784728,375.4063826469571,1080.07,1
TXN_003487,8351.49,limit_exceeded,alternate_payment,0.4549989881843784,3799.919499831954,8351.49,1
TXN_003488,3515.47,limit_exceeded,alternate_payment,0.6420588278405372,2257.1385475085735,3515.47,1
TXN_003489,717.26,authentication_failed,customer_followup,0.7979770201137752,572.3569974468064,717.26,1
TXN_003490,365.91,bank_decline,alternate_payment,0.575245873167319,210.4882174506537,365.91,1
TXN_003491,1303.73,bank_decline,alternate_payment,0.7041067940016738,917.9651505438021,1303.73,1
TXN_003492,1460.51,card_expired,customer_followup,0.23123238615325925,337.71721230069664,0.0,0
TXN_003493,2969.65,network_error,retry,0.88567677627688,2630.1500386706366,2969.65,1
TXN_003494,1058.58,authentication_failed,customer_followup,0.3084397246313927,326.5081237002996,0.0,0
TXN_003495,3015.44,card_expired,customer_followup,0.3829053438829258,1154.6280901583298,0.0,0
TXN_003496,12520.89,network_error,retry_later,0.40986212988089976,5131.838643404459,12520.89,1
TXN_003497,4086.73,network_error,retry_later,0.5978840032480384,2443.390492593856,0.0,0
TXN_003498,1723.15,insufficient_funds,retry_later,0.32798878289756345,565.1738712499365,0.0,0
TXN_003499,1505.45,card_expired,customer_followup,0.4527209414919321,681.5487413690292,1505.45,1
TXN_003500,1265.63,card_expired,customer_followup,0.2808390774006367,355.4383615305678,0.0,0
TXN_003501,5887.82,network_error,retry_later,0.6812615234668152,4011.1452230983837,5887.82,1
TXN_003502,965.54,authentication_failed,customer_followup,0.6427726315949995,620.6226867102358,965.54,1
TXN_003503,1891.68,insufficient_funds,retry_later,0.4756115597647851,899.7048753758487,0.0,0
TXN_003504,1903.02,limit_exceeded,alternate_payment,0.5126422982521199,975.5685464197493,1903.02,1
TXN_003505,1094.68,limit_exceeded,alternate_payment,0.2698249773404495,295.3720061950433,0.0,0
TXN_003506,458.3,limit_exceeded,alternate_payment,0.5662488758653733,259.5118598091006,458.3,1
TXN_003507,2497.32,authentication_failed,customer_followup,0.24198531841459603,604.314775383139,0.0,0
TXN_003508,1701.04,bank_decline,alternate_payment,0.4283875252089457,728.7043158814249,1701.04,1
TXN_003509,2981.67,network_error,retry,0.8636745151365957,2575.192391547333,2981.67,1
TXN_003510,1060.4,limit_exceeded,alternate_payment,0.30068139783673764,318.8425542660766,1060.4,1
TXN_003511,6129.21,limit_exceeded,alternate_payment,0.6271641785460635,3844.0209547863183,6129.21,1
TXN_003512,752.37,bank_decline,alternate_payment,0.3961845706136707,298.0773853926074,752.37,1
TXN_003513,10017.01,authentication_failed,customer_followup,0.26911522806857274,2695.729930715174,0.0,0
TXN_003514,314.93,limit_exceeded,alternate_payment,0.3406118488827638,107.2688895686488,0.0,0
TXN_003515,2792.72,insufficient_funds,retry_later,0.6566773982983644,1833.9161037758079,0.0,0
TXN_003516,2908.61,network_error,retry,0.581727782764538,1692.0192462267628,0.0,0
TXN_003517,816.02,network_error,retry_later,0.3305850862544432,269.76404208535075,816.02,1
TXN_003518,2763.89,limit_exceeded,alternate_payment,0.47846557369180004,1322.4262144710292,2763.89,1
TXN_003519,6499.75,insufficient_funds,retry_later,0.6273095264741815,4077.355094700561,6499.75,1
TXN_003520,197.0,limit_exceeded,alternate_payment,0.35906155265251316,70.7351258725451,197.0,1
TXN_003521,2989.15,limit_exceeded,alternate_payment,0.32600165185944197,974.467837655651,2989.15,1
TXN_003522,149.42,card_expired,customer_followup,0.6887145359147269,102.90772595637848,149.42,1
TXN_003523,688.38,limit_exceeded,alternate_payment,0.8436724926346768,580.7672704798588,688.38,1
TXN_003524,9220.33,authentication_failed,customer_followup,0.3557177626643982,3279.8351586274307,9220.33,1
TXN_003525,1010.52,network_error,retry_later,0.4839264669152241,489.0173733471723,1010.52,1
TXN_003526,558.98,network_error,retry_later,0.6421092750370665,358.92624256021946,558.98,1
TXN_003527,1483.36,bank_decline,alternate_payment,0.5893898040536054,874.2772597409561,0.0,0
TXN_003528,14298.45,bank_decline,alternate_payment,0.5661122114982056,8094.527150496518,0.0,0
TXN_003529,289.55,insufficient_funds,retry_later,0.5267958366775995,152.53373450999896,0.0,0
TXN_003530,631.87,insufficient_funds,retry_later,0.6952780757676238,439.32535773528843,631.87,1
TXN_003531,8082.3,limit_exceeded,alternate_payment,0.4440010009041426,3588.5492896075516,8082.3,1
TXN_003532,11587.73,card_expired,customer_followup,0.34778714426903967,4030.063525260679,0.0,0
TXN_003533,1630.38,limit_exceeded,alternate_payment,0.27022502171486495,440.56947090348154,1630.38,1
TXN_003534,523.71,network_error,retry_later,0.6418171980652447,336.12608479874933,523.71,1
TXN_003535,14703.54,authentication_failed,customer_followup,0.2964222127999219,4358.455862792164,14703.54,1
TXN_003536,8905.66,card_expired,customer_followup,0.3901322950940861,3474.3855751275987,8905.66,1
TXN_003537,3565.1,authentication_failed,customer_followup,0.37630847313512084,1341.5773375740193,3565.1,1
TXN_003538,802.39,authentication_failed,customer_followup,0.7716219011041006,619.1416972269193,802.39,1
TXN_003539,1721.53,limit_exceeded,alternate_payment,0.3339701071685174,574.9395585938178,0.0,0
TXN_003540,1540.16,limit_exceeded,alternate_payment,0.5082464103526344,782.7807913687135,1540.16,1
TXN_003541,2517.07,network_error,retry,0.7634652172469336,1921.6953943757394,2517.07,1
TXN_003542,7715.61,insufficient_funds,retry_later,0.8326537906613515,6424.43191376463,7715.61,1
TXN_003543,4356.47,insufficient_funds,retry_later,0.6191490093562859,2697.304084790379,4356.47,1
TXN_003544,615.62,insufficient_funds,retry_later,0.7495997494517521,461.46859775748766,615.62,1
TXN_003545,7161.66,authentication_failed,customer_followup,0.7751241418376268,5551.175561632858,7161.66,1
TXN_003546,2472.86,limit_exceeded,alternate_payment,0.4633266334385703,1145.741898764903,2472.86,1
TXN_003547,3594.16,card_expired,customer_followup,0.2756696289085786,990.8007534380569,3594.16,1
TXN_003548,7836.45,insufficient_funds,retry_later,0.43514004407179496,3409.9531983664174,7836.45,1
TXN_003549,594.92,limit_exceeded,alternate_payment,0.28549393890169383,169.84605413139568,594.92,1
TXN_003550,1744.41,network_error,retry,0.8738891778511833,1524.4210207353826,1744.41,1
TXN_003551,1062.68,limit_exceeded,alternate_payment,0.5205344467413787,553.1615458631284,0.0,0
TXN_003552,376.96,bank_decline,alternate_payment,0.2596566791935503,97.88018178880071,376.96,1
TXN_003553,2557.31,limit_exceeded,alternate_payment,0.20746664855985297,530.5565350285976,0.0,0
TXN_003554,22282.49,bank_decline,alternate_payment,0.5465787387051775,12179.135279410732,22282.49,1
TXN_003555,287.13,card_expired,customer_followup,0.5220625584811229,149.89982241668483,287.13,1
TXN_003556,1750.61,bank_decline,alternate_payment,0.5496634597403507,962.2463492560553,1750.61,1
TXN_003557,3430.78,bank_decline,alternate_payment,0.7477078889095218,2565.221271113009,3430.78,1
TXN_003558,2044.85,bank_decline,alternate_payment,0.73713203177147,1507.3244351678904,2044.85,1
TXN_003559,1614.65,bank_decline,alternate_payment,0.821401454920119,1326.27585918677,1614.65,1
TXN_003560,493.14,limit_exceeded,alternate_payment,0.2717289158716075,134.00039757292453,493.14,1
TXN_003561,2281.95,bank_decline,alternate_payment,0.7076656804543664,1614.8576995128412,2281.95,1
TXN_003562,848.3,insufficient_funds,retry_later,0.5303490891222838,449.89513230243335,0.0,0
TXN_003563,202.37,authentication_failed,customer_followup,0.29663218289115606,60.029454851683255,202.37,1
TXN_003564,5970.54,network_error,retry,0.9089739447040311,5427.065295813206,5970.54,1
TXN_003565,4714.44,network_error,retry_later,0.6839394684867965,3224.391587812893,4714.44,1
TXN_003566,1903.9,network_error,retry_later,0.6282491331396575,1196.123524584594,0.0,0
TXN_003567,2273.5,bank_decline,alternate_payment,0.5077554681800905,1154.3820569074358,2273.5,1
TXN_003568,5293.94,card_expired,customer_followup,0.6722325522770247,3558.758797801432,5293.94,1
TXN_003569,2262.76,authentication_failed,customer_followup,0.597305456073163,1351.5588937841105,0.0,0
TXN_003570,4464.97,network_error,retry_later,0.4819688010641683,2151.9762376874796,0.0,0
TXN_003571,1342.81,network_error,retry,0.86404802697433,1160.2523311014002,1342.81,1
TXN_003572,6714.23,insufficient_funds,retry_later,0.3870944337576331,2599.0410599685124,6714.23,1
TXN_003573,2491.86,limit_exceeded,alternate_payment,0.713692558989421,1778.4219400433785,2491.86,1
TXN_003574,2195.25,network_error,retry_later,0.7110946847072535,1561.0306066035982,0.0,0
TXN_003575,507.72,authentication_failed,customer_followup,0.7805588818388285,396.30535548721,0.0,0
TXN_003576,2408.97,limit_exceeded,alternate_payment,0.6861367366936074,1652.8828145927994,2408.97,1
TXN_003577,786.86,limit_exceeded,alternate_payment,0.3100801977466931,243.98970439896294,786.86,1
TXN_003578,955.01,card_expired,customer_followup,0.4698169933326254,448.67992680259056,955.01,1
TXN_003579,800.01,insufficient_funds,retry_later,0.48962078400229947,391.70152340967957,0.0,0
TXN_003580,622.51,authentication_failed,customer_followup,0.3734585236613365,232.48166556441856,622.51,1
TXN_003581,15135.09,network_error,retry_later,0.7818724108144326,11833.70930619341,15135.09,1
TXN_003582,6845.45,insufficient_funds,retry_later,0.32168224188926076,2202.05970274084,0.0,0
TXN_003583,12337.12,card_expired,customer_followup,0.7090682045817676,8747.859528109817,12337.12,1
TXN_003584,532.25,authentication_failed,customer_followup,0.3871532301395065,206.0623067417523,0.0,0
TXN_003585,1941.57,card_expired,customer_followup,0.7611640481548982,1477.8532809761057,1941.57,1
TXN_003586,495.96,card_expired,customer_followup,0.24272664908445027,120.38270887992395,495.96,1
TXN_003587,901.72,bank_decline,alternate_payment,0.6453971780192757,581.9675433635413,901.72,1
TXN_003588,721.89,authentication_failed,customer_followup,0.36759543430960356,265.3634680737597,0.0,0
TXN_003589,6245.3,limit_exceeded,alternate_payment,0.27068562246839856,1690.5129180018896,6245.3,1
TXN_003590,1216.55,network_error,retry,0.9184238059279092,1117.3084811015979,1216.55,1
TXN_003591,5262.59,insufficient_funds,retry_later,0.6282467170085937,3306.204890462255,0.0,0
TXN_003592,3308.07,authentication_failed,customer_followup,0.3123967861845002,1033.4304364733596,3308.07,1
TXN_003593,18099.48,authentication_failed,customer_followup,0.5074829096750845,9185.176774005997,18099.48,1
TXN_003594,411.81,insufficient_funds,retry_later,0.6907468748549881,284.45647053403263,411.81,1
TXN_003595,6369.23,authentication_failed,customer_followup,0.2929909390268032,1866.1266785776854,6369.23,1
TXN_003596,5689.86,authentication_failed,customer_followup,0.27343060937325214,1555.7818870484923,0.0,0
TXN_003597,683.09,insufficient_funds,retry_later,0.7026496030899525,479.9729173747157,683.09,1
TXN_003598,4949.95,authentication_failed,customer_followup,0.24497782247192965,1212.6279723449281,4949.95,1
TXN_003599,2530.43,limit_exceeded,alternate_payment,0.33320424957787337,843.150029259338,2530.43,1
TXN_003600,1440.18,insufficient_funds,retry_later,0.3993513176719607,575.1377806848044,1440.18,1
TXN_003601,793.19,insufficient_funds,retry_later,0.763193658658439,605.3575781112872,793.19,1
TXN_003602,880.85,network_error,retry,0.7113261431172344,626.5716331648159,880.85,1
TXN_003603,14042.06,authentication_failed,customer_followup,0.22793122810669372,3200.6239809478793,14042.06,1
TXN_003604,1809.28,network_error,retry_later,0.4288433041378068,775.8976133104511,1809.28,1
TXN_003605,3952.6,network_error,retry,0.8864378933081585,3503.7344170898273,3952.6,1
TXN_003606,819.83,network_error,retry_later,0.7376316506844466,604.7325561806299,819.83,1
TXN_003607,828.94,bank_decline,alternate_payment,0.7081849306204115,587.042816388484,828.94,1
TXN_003608,5334.68,card_expired,customer_followup,0.7907048769862892,4218.157493161218,5334.68,1
TXN_003609,468.92,limit_exceeded,alternate_payment,0.5344925462068537,250.63424476731785,0.0,0
TXN_003610,1193.67,authentication_failed,customer_followup,0.6709075133626377,800.8421714755798,0.0,0
TXN_003611,1870.62,network_error,retry,0.8174809496206531,1529.196213979386,1870.62,1
TXN_003612,2021.05,limit_exceeded,alternate_payment,0.7522256151775354,1520.285579554558,2021.05,1
TXN_003613,1511.57,bank_decline,alternate_payment,0.3459608078092977,522.9439782603001,1511.57,1
TXN_003614,2686.03,bank_decline,alternate_payment,0.3227122094354994,866.8146759100345,0.0,0
TXN_003615,3615.03,authentication_failed,customer_followup,0.2983367541447181,1078.4963163357804,3615.03,1
TXN_003616,3769.27,authentication_failed,customer_followup,0.7041891846419736,2654.2791679954516,3769.27,1
TXN_003617,674.65,card_expired,customer_followup,0.6366058220042781,429.48611781518616,674.65,1
TXN_003618,1360.82,card_expired,customer_followup,0.4515590094757983,614.4905312748558,0.0,0
TXN_003619,5971.56,bank_decline,alternate_payment,0.3416718743359705,2040.3140979097082,0.0,0
TXN_003620,4423.33,insufficient_funds,retry_later,0.44490679297757046,1967.9695645814768,4423.33,1
TXN_003621,458.12,network_error,retry_later,0.45491128116891466,208.4039561291032,0.0,0
TXN_003622,2569.53,authentication_failed,customer_followup,0.3687088577906622,947.4084713588403,2569.53,1
TXN_003623,250.08,authentication_failed,customer_followup,0.36777649275704766,91.97354530868249,250.08,1
TXN_003624,1894.93,card_expired,customer_followup,0.4193866731300354,794.708388514298,0.0,0
TXN_003625,12061.42,network_error,retry,0.8510815615509435,10265.25216812178,12061.42,1
TXN_003626,700.72,authentication_failed,customer_followup,0.2279858654721686,159.754255653658,700.72,1
TXN_003627,784.99,card_expired,customer_followup,0.5438688600037911,426.931616414376,784.99,1
TXN_003628,3881.71,insufficient_funds,retry_later,0.7422230377439063,2881.0945878408984,0.0,0
TXN_003629,386.53,network_error,retry_later,0.4823728170604953,186.45156497839324,0.0,0
TXN_003630,960.3,network_error,retry_later,0.6272920443156695,602.3885501563374,0.0,0
TXN_003631,3282.76,card_expired,customer_followup,0.38552340478851543,1265.580812303547,0.0,0
TXN_003632,958.83,card_expired,customer_followup,0.5450991367559117,522.6574052956709,958.83,1
TXN_003633,1428.0,bank_decline,alternate_payment,0.7718675284277706,1102.2268305948564,1428.0,1
TXN_003634,3805.44,authentication_failed,customer_followup,0.27920499253014597,1062.4978467739186,3805.44,1
TXN_003635,2756.03,insufficient_funds,retry_later,0.26328499069435224,725.6213329033557,2756.03,1
TXN_003636,2360.95,card_expired,customer_followup,0.3443424621965575,812.9753361229624,2360.95,1
TXN_003637,1288.04,bank_decline,alternate_payment,0.36334644069050565,468.0047494669989,0.0,0
TXN_003638,2617.73,authentication_failed,customer_followup,0.4380811077810739,1146.7780582717505,2617.73,1
TXN_003639,1597.62,network_error,retry_later,0.4813552615211788,769.0227929114657,1597.62,1
TXN_003640,2857.79,network_error,retry_later,0.7440162884780601,2126.2423090497155,2857.79,1
TXN_003641,1100.0,bank_decline,alternate_payment,0.32843188131598977,361.27506944758875,1100.0,1
TXN_003642,1506.33,insufficient_funds,retry_later,0.7197935839053339,1084.2466692441214,0.0,0
TXN_003643,671.85,authentication_failed,customer_followup,0.5547730661041929,372.724284462102,671.85,1
TXN_003644,1745.84,bank_decline,alternate_payment,0.5657248223061107,987.6650237749002,1745.84,1
TXN_003645,803.52,network_error,retry,0.8305578666567348,667.3698570160195,803.52,1
TXN_003646,593.45,card_expired,customer_followup,0.29472126756993217,174.90233623937627,593.45,1
TXN_003647,2341.77,network_error,retry,0.8449293371586346,1978.6301738779757,2341.77,1
TXN_003648,2236.66,insufficient_funds,retry_later,0.2979413441314331,666.3934867650111,2236.66,1
TXN_003649,3955.55,network_error,retry_later,0.48485250525282175,1917.8583271527991,0.0,0
TXN_003650,1174.82,insufficient_funds,retry_later,0.5912063201393689,694.5610090261333,0.0,0
TXN_003651,2719.09,network_error,retry_later,0.5498691033557038,1495.1435802434607,0.0,0
TXN_003652,3136.3,network_error,retry_later,0.4822364484214545,1512.438173184208,3136.3,1
TXN_003653,2820.79,insufficient_funds,retry_later,0.41294274765361416,1164.8247731538384,0.0,0
TXN_003654,791.83,insufficient_funds,retry_later,0.8380424765278354,663.5871741890359,791.83,1
TXN_003655,2099.31,insufficient_funds,retry_later,0.8018147087671401,1683.257636261945,2099.31,1
TXN_003656,2602.27,network_error,retry,0.8082100509738628,2103.180769347754,2602.27,1
TXN_003657,1821.07,insufficient_funds,retry_later,0.37007748029588433,673.936997042426,1821.07,1
TXN_003658,224.42,limit_exceeded,alternate_payment,0.7969957164202336,178.86177867902882,224.42,1
TXN_003659,2122.8,authentication_failed,customer_followup,0.31803608408848344,675.1269993030327,2122.8,1
TXN_003660,16523.37,card_expired,customer_followup,0.28011297674684643,4628.410356589539,0.0,0
TXN_003661,1261.38,bank_decline,alternate_payment,0.8402983984151857,1059.935593792947,1261.38,1
TXN_003662,872.99,network_error,retry_later,0.4692403733369123,409.6421535193911,0.0,0
TXN_003663,2626.35,insufficient_funds,retry_later,0.7163518964022624,1881.3908031160818,2626.35,1
TXN_003664,2471.0,insufficient_funds,retry_later,0.6283655103588952,1552.69117609683,2471.0,1
TXN_003665,5959.46,authentication_failed,customer_followup,0.75765902672161,4515.238663386366,5959.46,1
TXN_003666,513.95,network_error,retry,0.7142113362852212,367.06891628378946,513.95,1
TXN_003667,3757.02,bank_decline,alternate_payment,0.8212203722384539,3085.341362907316,3757.02,1
TXN_003668,3263.06,network_error,retry,0.8095478069192892,2641.6030668460558,3263.06,1
TXN_003669,1568.47,limit_exceeded,alternate_payment,0.3489771822071488,547.3602409764467,1568.47,1
TXN_003670,2536.87,card_expired,customer_followup,0.6742904599446036,1710.5872391196665,2536.87,1
TXN_003671,5061.7,network_error,retry,0.6324357671792619,3201.20012273127,5061.7,1
TXN_003672,4325.64,bank_decline,alternate_payment,0.2600066742724318,1124.6952704998018,4325.64,1
TXN_003673,576.5,card_expired,customer_followup,0.5231587939636498,301.6010447200441,0.0,0
TXN_003674,4105.81,limit_exceeded,alternate_payment,0.25925816929700857,1064.464784081351,4105.81,1
TXN_003675,1694.79,card_expired,customer_followup,0.6663910119599601,1129.3928231596208,1694.79,1
TXN_003676,1944.72,bank_decline,alternate_payment,0.515971963138049,1003.4209961538268,1944.72,1
TXN_003677,1945.35,authentication_failed,customer_followup,0.4722879792216741,918.7654203788836,1945.35,1
TXN_003678,1555.82,insufficient_funds,retry_later,0.3509849545989423,546.0694120641264,1555.82,1
TXN_003679,5953.34,authentication_failed,customer_followup,0.35019703104458705,2084.841992798982,0.0,0
TXN_003680,1662.84,card_expired,customer_followup,0.8442442689806791,1403.8431402318322,1662.84,1
TXN_003681,590.2,bank_decline,alternate_payment,0.5269497622997501,311.0057497093125,590.2,1
TXN_003682,1219.83,authentication_failed,customer_followup,0.2992569923821715,365.0426570175443,1219.83,1
TXN_003683,2161.8,authentication_failed,customer_followup,0.3312254367502763,716.0431491667474,0.0,0
TXN_003684,6180.87,insufficient_funds,retry_later,0.889385402147119,5497.1755505690635,6180.87,1
TXN_003685,3304.68,authentication_failed,customer_followup,0.35791465822628743,1182.7934127472474,3304.68,1
TXN_003686,772.37,network_error,retry,0.7702776148295659,594.9393213659118,772.37,1
TXN_003687,21702.66,limit_exceeded,alternate_payment,0.4173547148961084,9057.707476787176,0.0,0
TXN_003688,2356.13,bank_decline,alternate_payment,0.3918367796963874,923.2183917460493,2356.13,1
TXN_003689,6472.97,authentication_failed,customer_followup,0.2764039130479112,1789.1542370417376,6472.97,1
TXN_003690,1553.53,insufficient_funds,retry_later,0.7873249272129559,1223.1328941731433,1553.53,1
TXN_003691,3082.08,card_expired,customer_followup,0.6070406093538931,1870.947721277447,3082.08,1
TXN_003692,4185.86,network_error,retry_later,0.5189825584315695,2172.3883320363693,4185.86,1
TXN_003693,6113.13,network_error,retry,0.7392253380284698,4518.9805906619795,6113.13,1
TXN_003694,5204.97,insufficient_funds,retry_later,0.6350652311631672,3305.4954762473503,5204.97,1
TXN_003695,4325.13,card_expired,customer_followup,0.23895221418401402,1033.4993901337045,4325.13,1
TXN_003696,1319.37,authentication_failed,customer_followup,0.33815174159477795,446.14726330790216,1319.37,1
TXN_003697,1020.71,network_error,retry_later,0.6556323388307301,669.2104845679146,0.0,0
TXN_003698,2521.5,bank_decline,alternate_payment,0.2945978288365981,742.828425411482,0.0,0
TXN_003699,4596.86,network_error,retry,0.5738456146358806,2637.8879520950936,0.0,0
TXN_003700,1447.05,network_error,retry_later,0.4994113344938833,722.6731715793738,1447.05,1
TXN_003701,5245.74,network_error,retry,0.8022062131857391,4208.165220756959,5245.74,1
TXN_003702,7728.09,network_error,retry_later,0.4680155883534395,3616.866588198332,0.0,0
TXN_003703,723.2,card_expired,customer_followup,0.39849278885910056,288.18998490290153,723.2,1
TXN_003704,782.96,insufficient_funds,retry_later,0.2939855443631097,230.1789218145404,0.0,0
TXN_003705,1571.25,network_error,retry_later,0.6872387585209625,1079.8238993260622,0.0,0
TXN_003706,2459.25,authentication_failed,customer_followup,0.7946946515713655,1954.3528218768806,2459.25,1
TXN_003707,1070.02,insufficient_funds,retry_later,0.4202250218634604,449.64917789433986,1070.02,1
TXN_003708,6989.77,network_error,retry,0.5837645912485642,4080.3802269714765,6989.77,1
TXN_003709,2762.98,network_error,retry,0.783447721376224,2164.6503852080796,2762.98,1
TXN_003710,1880.79,limit_exceeded,alternate_payment,0.5692987532837036,1070.731402188457,0.0,0
TXN_003711,430.13,bank_decline,alternate_payment,0.7494129085806414,322.3449743677913,430.13,1
TXN_003712,485.02,card_expired,customer_followup,0.4518276766702706,219.14545973861462,485.02,1
TXN_003713,2394.69,insufficient_funds,retry_later,0.670116185778862,1604.7205289227832,2394.69,1
TXN_003714,214.31,network_error,retry,0.6511735865450672,139.55301133247335,214.31,1
TXN_003715,4977.27,insufficient_funds,retry_later,0.8351688472292138,4156.86084824855,0.0,0
TXN_003716,1543.56,card_expired,customer_followup,0.377500253242427,582.6942908948805,1543.56,1
TXN_003717,46309.06,insufficient_funds,retry_later,0.5417547779828081,25088.15451889254,46309.06,1
TXN_003718,18177.07,bank_decline,alternate_payment,0.6245978042515645,11353.358009726986,18177.07,1
TXN_003719,1508.02,insufficient_funds,retry_later,0.6276274179287842,946.4746987849651,1508.02,1
TXN_003720,1625.65,insufficient_funds,retry_later,0.5360037208562856,871.3544488100207,1625.65,1
TXN_003721,4893.1,bank_decline,alternate_payment,0.5792770227523687,2834.4604000296154,4893.1,1
TXN_003722,9928.58,card_expired,customer_followup,0.7980621287208267,7923.623689975026,9928.58,1
TXN_003723,351.42,authentication_failed,customer_followup,0.6549117239064988,230.14907801522182,0.0,0
TXN_003724,302.97,card_expired,customer_followup,0.4785410262539184,144.9835747241497,302.97,1
TXN_003725,970.65,network_error,retry_later,0.5553599104215099,539.0600970506385,970.65,1
TXN_003726,3238.09,network_error,retry_later,0.39612919361578103,1282.7019805553246,0.0,0
TXN_003727,2971.65,bank_decline,alternate_payment,0.7577747567384696,2251.841355861873,2971.65,1
TXN_003728,5269.93,insufficient_funds,retry_later,0.43285570838722,2281.1192833010623,5269.93,1
TXN_003729,544.74,bank_decline,alternate_payment,0.5360302051912117,291.99709397586065,544.74,1
TXN_003730,178.37,insufficient_funds,retry_later,0.808264903707987,144.17021087439363,178.37,1
TXN_003731,4264.22,limit_exceeded,alternate_payment,0.5539579963479095,2362.1987671866827,4264.22,1
TXN_003732,789.82,network_error,retry,0.9085569998970745,717.5964896587075,0.0,0
TXN_003733,240.21,limit_exceeded,alternate_payment,0.5234751983933484,125.74397740606624,240.21,1
TXN_003734,2090.3,network_error,retry_later,0.5684084130715311,1188.1441058434216,2090.3,1
TXN_003735,3996.51,insufficient_funds,retry_later,0.8316574373033858,3323.7272647573545,3996.51,1
TXN_003736,1600.29,authentication_failed,customer_followup,0.23368554591550064,373.9646422731165,1600.29,1
TXN_003737,1143.85,limit_exceeded,alternate_payment,0.26436390052718917,302.3926476180253,0.0,0
TXN_003738,1541.7,limit_exceeded,alternate_payment,0.40068573605720836,617.7371992793982,1541.7,1
TXN_003739,1248.15,authentication_failed,customer_followup,0.6524819536965396,814.395350506336,1248.15,1
TXN_003740,469.63,network_error,retry,0.8602022832814176,403.97679829745215,469.63,1
TXN_003741,884.76,card_expired,customer_followup,0.778241354274267,688.5568206077005,884.76,1
TXN_003742,3045.07,bank_decline,alternate_payment,0.5456154605913452,1661.4372705828878,0.0,0
TXN_003743,2494.09,bank_decline,alternate_payment,0.726457961243564,1811.8515365579606,2494.09,1
TXN_003744,2138.93,card_expired,customer_followup,0.36396133168999273,778.4878111916761,2138.93,1
TXN_003745,668.38,bank_decline,alternate_payment,0.36847420461762115,246.28078888232562,668.38,1
TXN_003746,1507.94,limit_exceeded,alternate_payment,0.5168659261881505,779.4028047361597,1507.94,1
TXN_003747,204.98,insufficient_funds,retry_later,0.5034561256826978,103.19843664243939,204.98,1
TXN_003748,2161.32,insufficient_funds,retry_later,0.4845646648910741,1047.2993015223763,2161.32,1
TXN_003749,7546.64,authentication_failed,customer_followup,0.3601972345191127,2718.2788579113167,7546.64,1
TXN_003750,414.0,insufficient_funds,retry_later,0.5746482238351462,237.90436466775054,0.0,0
TXN_003751,1006.34,card_expired,customer_followup,0.4267762360610903,429.4819973977176,0.0,0
TXN_003752,2512.68,limit_exceeded,alternate_payment,0.3965638219351214,996.4379840999408,0.0,0
TXN_003753,6328.65,bank_decline,alternate_payment,0.7167261271790961,4535.908804771986,6328.65,1
TXN_003754,1154.91,insufficient_funds,retry_later,0.7571155756184987,874.4003494375604,1154.91,1
TXN_003755,904.83,bank_decline,alternate_payment,0.747549126919171,676.4048765102735,904.83,1
TXN_003756,252.42,insufficient_funds,retry_later,0.5582156032938357,140.90478258343,252.42,1
TXN_003757,2005.08,authentication_failed,customer_followup,0.24368594432821059,488.6098132536085,2005.08,1
TXN_003758,13933.84,authentication_failed,customer_followup,0.7440190570481351,10367.042497859587,13933.84,1
TXN_003759,2385.96,limit_exceeded,alternate_payment,0.3879251708862949,925.5739407278642,2385.96,1
TXN_003760,1768.21,insufficient_funds,retry_later,0.6646136903002138,1175.176573325741,1768.21,1
TXN_003761,2495.1,bank_decline,alternate_payment,0.7253874706697006,1809.9142780679697,2495.1,1
TXN_003762,1788.1,network_error,retry,0.8956956306251056,1601.5933571207513,1788.1,1
TXN_003763,801.9,bank_decline,alternate_payment,0.3923120122259457,314.59500260398585,801.9,1
TXN_003764,4118.65,authentication_failed,customer_followup,0.4815530925105894,1983.348644468739,4118.65,1
TXN_003765,2265.98,authentication_failed,customer_followup,0.6933550483133493,1571.1286723770831,2265.98,1
TXN_003766,1840.17,authentication_failed,customer_followup,0.8708955036007437,1602.5957788609808,1840.17,1
TXN_003767,681.73,bank_decline,alternate_payment,0.4120844256851041,280.93031552230605,0.0,0
TXN_003768,6657.56,network_error,retry_later,0.7074524895139899,4709.907396088759,6657.56,1
TXN_003769,3514.68,authentication_failed,customer_followup,0.3668427107131256,1289.3347384892081,3514.68,1
TXN_003770,1040.11,network_error,retry_later,0.5611446244442945,583.6521353307551,1040.11,1
TXN_003771,4923.75,insufficient_funds,retry_later,0.40592074477373374,1998.6522670796714,4923.75,1
TXN_003772,1099.3,bank_decline,alternate_payment,0.4312167041927706,474.03652291911266,0.0,0
TXN_003773,827.16,authentication_failed,customer_followup,0.6210339926417299,513.6944773535332,827.16,1
TXN_003774,845.81,insufficient_funds,retry_later,0.6387127226081118,540.229607909167,845.81,1
TXN_003775,307.64,card_expired,customer_followup,0.3425730223403093,105.38916459277274,307.64,1
TXN_003776,2897.32,network_error,retry_later,0.7306422603005929,2116.9044336141137,0.0,0
TXN_003777,289.7,authentication_failed,customer_followup,0.48780424397279243,141.31688947891797,0.0,0
TXN_003778,529.3,network_error,retry_later,0.38547311905523207,204.03092191593433,0.0,0
TXN_003779,226.88,insufficient_funds,retry_later,0.6686912456407812,151.71266981098043,0.0,0
TXN_003780,1658.93,authentication_failed,customer_followup,0.28266630424041267,468.92361209354783,0.0,0
TXN_003781,1555.7,bank_decline,alternate_payment,0.6645468433996222,1033.8355242767923,1555.7,1
TXN_003782,1304.15,insufficient_funds,retry_later,0.2618681002584198,341.5152829520182,1304.15,1
TXN_003783,637.42,card_expired,customer_followup,0.3798904673972808,242.1497817283747,637.42,1
TXN_003784,559.9,authentication_failed,customer_followup,0.3262482281042312,182.66638291555904,0.0,0
TXN_003785,2876.62,limit_exceeded,alternate_payment,0.21976696806985324,632.1860556891012,0.0,0
TXN_003786,1042.57,authentication_failed,customer_followup,0.30242606463948013,315.3003422111828,1042.57,1
TXN_003787,2480.85,insufficient_funds,retry_later,0.5412803623207955,1342.8353868635454,2480.85,1
TXN_003788,746.02,network_error,retry_later,0.5608834527168203,418.43027339580226,746.02,1
TXN_003789,2166.92,card_expired,customer_followup,0.3186812768901343,690.5568325187699,2166.92,1
TXN_003790,6656.03,card_expired,customer_followup,0.5523866653771,3676.7022163499387,0.0,0
TXN_003791,3249.21,authentication_failed,customer_followup,0.4097467682689996,1331.3532969273163,3249.21,1
TXN_003792,1197.01,bank_decline,alternate_payment,0.3024613019821798,362.04920308568904,1197.01,1
TXN_003793,2338.35,authentication_failed,customer_followup,0.4184350993303051,978.4477145190189,2338.35,1
TXN_003794,1421.31,bank_decline,alternate_payment,0.7609513850527236,1081.5478130892866,1421.31,1
TXN_003795,1822.35,bank_decline,alternate_payment,0.5373947385490099,979.3213017947882,1822.35,1
TXN_003796,1305.56,authentication_failed,customer_followup,0.31491341332714706,411.1383559033901,1305.56,1
TXN_003797,1534.05,insufficient_funds,retry_later,0.7332665726695105,1124.8675858036625,1534.05,1
TXN_003798,2235.22,bank_decline,alternate_payment,0.35005431249861524,782.4484003831546,2235.22,1
TXN_003799,669.57,insufficient_funds,retry_later,0.5191013851421706,347.57471444964324,669.57,1
TXN_003800,654.66,insufficient_funds,retry_later,0.6395966743599026,418.71835883645383,654.66,1
TXN_003801,451.0,limit_exceeded,alternate_payment,0.5100733796469399,230.0430942207699,451.0,1
TXN_003802,364.94,insufficient_funds,retry_later,0.6713737987191852,245.01115410457945,0.0,0
TXN_003803,535.24,card_expired,customer_followup,0.6996133587639441,374.4610541448135,535.24,1
TXN_003804,2120.62,authentication_failed,customer_followup,0.29182958681730004,618.8596583965028,0.0,0
TXN_003805,740.42,limit_exceeded,alternate_payment,0.33283236093251917,246.43573668165584,740.42,1
TXN_003806,3021.82,network_error,retry_later,0.6624627878540149,2001.8433015930195,0.0,0
TXN_003807,1871.91,insufficient_funds,retry_later,0.6170897436330088,1155.1364620040656,1871.91,1
TXN_003808,252.52,card_expired,customer_followup,0.41368771731666604,104.4644223768045,252.52,1
TXN_003809,3480.65,bank_decline,alternate_payment,0.4516218842081299,1571.9377112690272,3480.65,1
TXN_003810,4067.56,limit_exceeded,alternate_payment,0.40992266754944595,1667.3850456174243,4067.56,1
TXN_003811,669.24,authentication_failed,customer_followup,0.2926378021279767,195.84492269612713,0.0,0
TXN_003812,2752.3,limit_exceeded,alternate_payment,0.5818990741530564,1601.5608217914573,2752.3,1
TXN_003813,767.78,network_error,retry_later,0.6634364671114454,509.37325071882555,767.78,1
TXN_003814,1993.55,insufficient_funds,retry_later,0.7584199328125203,1511.9480570583999,1993.55,1
TXN_003815,510.56,card_expired,customer_followup,0.3289133604180673,167.93000529504843,510.56,1
TXN_003816,300.93,authentication_failed,customer_followup,0.3218919914946808,96.8669570004943,300.93,1
TXN_003817,1232.97,network_error,retry,0.7127810629325058,878.8376671638916,1232.97,1
TXN_003818,1597.62,limit_exceeded,alternate_payment,0.4243342679084383,677.9249130958792,0.0,0
TXN_003819,1214.78,limit_exceeded,alternate_payment,0.5354262640155059,650.4251170007562,1214.78,1
TXN_003820,553.34,authentication_failed,customer_followup,0.6317979915576929,349.5991006485338,553.34,1
TXN_003821,1212.09,network_error,retry_later,0.4662190683731926,565.099470584463,1212.09,1
TXN_003822,2366.8,network_error,retry,0.9181015640911009,2172.962781890818,2366.8,1
TXN_003823,1728.67,authentication_failed,customer_followup,0.7126821283900993,1231.9922148841129,1728.67,1
TXN_003824,2170.04,authentication_failed,customer_followup,0.6099608063138745,1323.6393481333603,2170.04,1
TXN_003825,925.08,network_error,retry_later,0.7230098928621241,668.8419916888938,925.08,1
TXN_003826,5835.52,limit_exceeded,alternate_payment,0.3432009882060695,2002.7562306962827,5835.52,1
TXN_003827,557.7,bank_decline,alternate_payment,0.3299798665443672,184.0297715717936,557.7,1
TXN_003828,2944.11,insufficient_funds,retry_later,0.40106388948301486,1180.776207665839,2944.11,1
TXN_003829,5895.18,insufficient_funds,retry_later,0.7644646747421728,4506.656861246563,5895.18,1
TXN_003830,2924.59,card_expired,customer_followup,0.2889585038640014,845.08515081562,2924.59,1
TXN_003831,1476.57,limit_exceeded,alternate_payment,0.7128552314403059,1052.5806490878124,1476.57,1
TXN_003832,1066.04,authentication_failed,customer_followup,0.3299908579915406,351.78345425330195,0.0,0
TXN_003833,5095.37,network_error,retry,0.6144413411788299,3130.8059766023744,5095.37,1
TXN_003834,435.73,limit_exceeded,alternate_payment,0.41697319706456476,181.68773115694282,435.73,1
TXN_003835,685.31,network_error,retry,0.7865550502234284,539.0340414686177,685.31,1
TXN_003836,1214.93,network_error,retry_later,0.6263113608069006,760.9244615851278,1214.93,1
TXN_003837,6233.25,limit_exceeded,alternate_payment,0.8321554315106388,5187.0328434636895,0.0,0
TXN_003838,2643.26,insufficient_funds,retry_later,0.6174692045510051,1632.1316496214897,2643.26,1
TXN_003839,686.74,card_expired,customer_followup,0.5807870910853218,398.8497269319339,0.0,0
TXN_003840,1325.7,card_expired,customer_followup,0.5982334555212127,793.0780919844716,1325.7,1
TXN_003841,978.16,network_error,retry,0.47141219791842137,461.116555515883,978.16,1
TXN_003842,889.1,network_error,retry,0.5044312144530291,448.48979277018816,889.1,1
TXN_003843,4812.1,network_error,retry_later,0.4452685460303186,2142.6767703524965,4812.1,1
TXN_003844,458.64,network_error,retry_later,0.5910040920007699,271.0581167552331,458.64,1
TXN_003845,9034.27,card_expired,customer_followup,0.38231750821536203,3453.959594944799,9034.27,1
TXN_003846,4139.08,authentication_failed,customer_followup,0.6450514604113335,2669.9195987593425,4139.08,1
TXN_003847,5382.25,card_expired,customer_followup,0.30494842300801583,1641.3086497348932,0.0,0
TXN_003848,1138.04,network_error,retry_later,0.4556912667232543,518.5948891817322,0.0,0
TXN_003849,1556.29,bank_decline,alternate_payment,0.39853972318515196,620.2433857958201,0.0,0
TXN_003850,431.32,authentication_failed,customer_followup,0.6909860815936606,298.0361167129777,431.32,1
TXN_003851,1069.92,bank_decline,alternate_payment,0.7160551120258418,766.1216854586887,1069.92,1
TXN_003852,2962.1,insufficient_funds,retry_later,0.28214892172610473,835.7533210448948,2962.1,1
TXN_003853,6608.18,network_error,retry,0.9274929303629356,6129.040232565744,6608.18,1
TXN_003854,597.55,limit_exceeded,alternate_payment,0.4133466860875516,246.99531227161643,0.0,0
TXN_003855,1254.5,bank_decline,alternate_payment,0.8663849733975787,1086.8799491272625,1254.5,1
TXN_003856,1554.18,network_error,retry_later,0.6848706755198253,1064.412306479402,1554.18,1
TXN_003857,447.74,network_error,retry_later,0.4686940155325429,209.85305851454078,447.74,1
TXN_003858,3266.09,insufficient_funds,retry_later,0.4263159205383364,1392.3861649110552,3266.09,1
TXN_003859,876.56,authentication_failed,customer_followup,0.3566140724264685,312.5936313261452,876.56,1
TXN_003860,1487.14,network_error,retry,0.819706700544258,1219.018622647388,1487.14,1
TXN_003861,1150.61,authentication_failed,customer_followup,0.7103653452935179,817.3534699481746,1150.61,1
TXN_003862,821.11,card_expired,customer_followup,0.3829768261228212,314.4661016977097,821.11,1
TXN_003863,1795.35,insufficient_funds,retry_later,0.6057982263100219,1087.6198456056977,1795.35,1
TXN_003864,1457.37,card_expired,customer_followup,0.785963774120831,1145.4400254904754,1457.37,1
TXN_003865,1246.56,insufficient_funds,retry_later,0.7770584008440623,968.6499201561743,1246.56,1
TXN_003866,872.65,bank_decline,alternate_payment,0.5206250781243174,454.3234744251855,872.65,1
TXN_003867,2488.72,bank_decline,alternate_payment,0.3277676511506863,815.7219087717359,2488.72,1
TXN_003868,9448.56,network_error,retry,0.8413166583184406,7949.230925121285,9448.56,1
TXN_003869,2079.51,authentication_failed,customer_followup,0.28756496476623067,597.9942198810244,0.0,0
TXN_003870,4895.73,limit_exceeded,alternate_payment,0.6321488770686003,3094.8302219310585,4895.73,1
TXN_003871,450.24,authentication_failed,customer_followup,0.7128007280634246,320.9313998032763,450.24,1
TXN_003872,2117.01,authentication_failed,customer_followup,0.46158104619284174,977.171690600708,2117.01,1
TXN_003873,603.43,limit_exceeded,alternate_payment,0.6101758475632577,368.1984116950966,603.43,1
TXN_003874,412.85,authentication_failed,customer_followup,0.5156571103395955,212.889038003702,412.85,1
TXN_003875,863.18,insufficient_funds,retry_later,0.5996072923443894,517.56902260583,863.18,1
TXN_003876,5954.48,limit_exceeded,alternate_payment,0.4970634714363912,2959.7544993985625,5954.48,1
TXN_003877,4675.15,network_error,retry,0.7141293263748378,3338.6617202013226,4675.15,1
TXN_003878,2305.39,authentication_failed,customer_followup,0.6223068440691668,1434.6599752486163,0.0,0
TXN_003879,390.45,network_error,retry_later,0.5275265314903832,205.9727342204201,0.0,0
TXN_003880,1485.82,network_error,retry_later,0.6101483408696916,906.5706078310052,1485.82,1
TXN_003881,2444.75,authentication_failed,customer_followup,0.3694250645427535,903.1519265408965,2444.75,1
TXN_003882,2154.98,network_error,retry,0.5523359647982932,1190.272957421026,2154.98,1
TXN_003883,286.06,limit_exceeded,alternate_payment,0.3961558546155657,113.32434377132871,0.0,0
TXN_003884,742.25,insufficient_funds,retry_later,0.7382777147658715,547.986633784968,742.25,1
TXN_003885,1695.82,network_error,retry_later,0.5099042806494243,864.7058772109067,0.0,0
TXN_003886,3091.13,authentication_failed,customer_followup,0.2475042438273362,765.0677932219938,0.0,0
TXN_003887,201.11,limit_exceeded,alternate_payment,0.41599568005807275,83.66089121647902,0.0,0
TXN_003888,1537.44,limit_exceeded,alternate_payment,0.47855353524206545,735.7473472225612,1537.44,1
TXN_003889,2086.09,network_error,retry,0.8365912551294494,1745.2046514129934,2086.09,1
TXN_003890,4228.54,network_error,retry,0.7714650261143502,3262.170721525574,4228.54,1
TXN_003891,3615.04,authentication_failed,customer_followup,0.7043563522624692,2546.2763876829167,3615.04,1
TXN_003892,3237.55,insufficient_funds,retry_later,0.7430542051727586,2405.6751419570646,3237.55,1
TXN_003893,812.45,authentication_failed,customer_followup,0.2550497009033068,207.21512949889163,0.0,0
TXN_003894,268.27,bank_decline,alternate_payment,0.3037929662289598,81.49853905024304,268.27,1
TXN_003895,1220.42,bank_decline,alternate_payment,0.8893927536556308,1085.432704416405,1220.42,1
TXN_003896,4922.8,network_error,retry,0.7443341162046568,3664.207987252285,4922.8,1
TXN_003897,7284.14,card_expired,customer_followup,0.31454619147216356,2291.198495150046,7284.14,1
TXN_003898,3679.56,bank_decline,alternate_payment,0.5679360597540367,2089.7548080285633,0.0,0
TXN_003899,2777.6,bank_decline,alternate_payment,0.5198317306963993,1443.8846151823186,2777.6,1
TXN_003900,2642.92,bank_decline,alternate_payment,0.30470149692328,805.3016802484752,0.0,0
TXN_003901,1036.79,card_expired,customer_followup,0.4203456352550944,435.8101511761293,1036.79,1
TXN_003902,1587.54,card_expired,customer_followup,0.3499728923778046,555.5959655654599,1587.54,1
TXN_003903,9595.69,insufficient_funds,retry_later,0.8627768529459288,8278.93922004472,0.0,0
TXN_003904,704.47,card_expired,customer_followup,0.40707986063588897,286.7755494221647,704.47,1
TXN_003905,9088.62,insufficient_funds,retry_later,0.47039066207238545,4275.201979124324,0.0,0
TXN_003906,1310.25,authentication_failed,customer_followup,0.6038122076955255,791.1449451330623,1310.25,1
TXN_003907,6805.13,limit_exceeded,alternate_payment,0.2904367542699291,1976.4598695849227,6805.13,1
TXN_003908,442.83,limit_exceeded,alternate_payment,0.3588874798356314,158.92614269561264,442.83,1
TXN_003909,3248.36,insufficient_funds,retry_later,0.389818397484258,1266.2704896519645,3248.36,1
TXN_003910,865.43,insufficient_funds,retry_later,0.5327350174055724,461.04486611330447,865.43,1
TXN_003911,439.1,bank_decline,alternate_payment,0.3361336477086395,147.5962847088636,439.1,1
TXN_003912,2249.66,network_error,retry,0.8786784571276505,1976.72777786179,2249.66,1
TXN_003913,4961.54,bank_decline,alternate_payment,0.6346839804340892,3149.009956282951,4961.54,1
TXN_003914,776.7,bank_decline,alternate_payment,0.667741855253219,518.6350989751753,0.0,0
TXN_003915,403.83,authentication_failed,customer_followup,0.42911406432934796,173.28913259812057,0.0,0
TXN_003916,1649.38,limit_exceeded,alternate_payment,0.7930489042505973,1308.0390016928502,1649.38,1
TXN_003917,1656.67,insufficient_funds,retry_later,0.27755673504170814,459.81991624154665,0.0,0
TXN_003918,3128.53,insufficient_funds,retry_later,0.7060347154958789,2208.850788470322,3128.53,1
TXN_003919,4673.18,bank_decline,alternate_payment,0.40036795689642957,1870.9915288092568,0.0,0
TXN_003920,1703.75,limit_exceeded,alternate_payment,0.4724679229901039,804.9672237943895,0.0,0
TXN_003921,11562.28,card_expired,customer_followup,0.27247907165348095,3150.47932059761,0.0,0
TXN_003922,2262.52,network_error,retry_later,0.7229759746372656,1635.747602136306,2262.52,1
TXN_003923,1278.67,bank_decline,alternate_payment,0.4778910635558713,611.064966236986,1278.67,1
TXN_003924,360.84,network_error,retry_later,0.3342769797522984,120.62050537381936,360.84,1
TXN_003925,1390.39,bank_decline,alternate_payment,0.31075436691269753,432.06976421174556,0.0,0
TXN_003926,1291.57,bank_decline,alternate_payment,0.48876380055444474,631.2726618821041,1291.57,1
TXN_003927,4723.5,authentication_failed,customer_followup,0.44376394563163973,2096.1189971910503,4723.5,1
TXN_003928,2871.2,bank_decline,alternate_payment,0.7261521390906394,2084.9280217570436,2871.2,1
TXN_003929,555.92,card_expired,customer_followup,0.36376447542890483,202.22394718043677,0.0,0
TXN_003930,2147.92,card_expired,customer_followup,0.2781786913092599,597.5055746369854,2147.92,1
TXN_003931,3538.76,limit_exceeded,alternate_payment,0.6724360017203743,2379.589625447992,0.0,0
TXN_003932,8333.44,insufficient_funds,retry_later,0.48902979980133726,4075.300494856456,8333.44,1
TXN_003933,4391.84,limit_exceeded,alternate_payment,0.31873617403969123,1399.8382785944775,4391.84,1
TXN_003934,3869.37,bank_decline,alternate_payment,0.62285194317749,2410.044623372685,3869.37,1
TXN_003935,1920.01,limit_exceeded,alternate_payment,0.4294116270694079,824.4746180895338,1920.01,1
TXN_003936,2665.94,insufficient_funds,retry_later,0.5225620219571598,1393.1189968164708,2665.94,1
TXN_003937,6307.56,insufficient_funds,retry_later,0.49672772511963625,3133.139929855613,6307.56,1
TXN_003938,476.86,network_error,retry,0.7972141929392484,380.15956004501004,476.86,1
TXN_003939,1274.82,limit_exceeded,alternate_payment,0.2514030047447582,320.49357850871263,1274.82,1
TXN_003940,835.0,authentication_failed,customer_followup,0.6861794765605416,572.9598629280522,835.0,1
TXN_003941,2641.63,limit_exceeded,alternate_payment,0.5197377703239152,1372.9548862207641,2641.63,1
TXN_003942,6187.1,network_error,retry,0.841013730102904,5203.436049519678,6187.1,1
TXN_003943,995.28,card_expired,customer_followup,0.43736188208790944,435.2975340044545,995.28,1
TXN_003944,165.62,network_error,retry_later,0.6043644109371755,100.09483373941501,165.62,1
TXN_003945,1197.25,authentication_failed,customer_followup,0.2827536898288504,338.52685514759116,1197.25,1
TXN_003946,4507.39,card_expired,customer_followup,0.3688322070481848,1662.470601726918,4507.39,1
TXN_003947,3095.27,network_error,retry_later,0.4223554355657412,1307.3041090435718,0.0,0
TXN_003948,2774.39,authentication_failed,customer_followup,0.4502056783704369,1249.0461320141565,2774.39,1
TXN_003949,1366.5,bank_decline,alternate_payment,0.6847708041340477,935.7393038491762,1366.5,1
TXN_003950,503.19,bank_decline,alternate_payment,0.3942243982697675,198.36977496536431,503.19,1
TXN_003951,3026.9,insufficient_funds,retry_later,0.6121872039521171,1853.0294476426634,3026.9,1
TXN_003952,785.03,network_error,retry_later,0.572015664316939,449.0494569587266,0.0,0
TXN_003953,16060.16,card_expired,customer_followup,0.7854348221048031,12614.208912574673,0.0,0
TXN_003954,3198.72,insufficient_funds,retry_later,0.8386769447184412,2682.692716609772,3198.72,1
TXN_003955,1011.66,limit_exceeded,alternate_payment,0.8631895576202493,873.2543478621013,1011.66,1
TXN_003956,981.04,network_error,retry,0.9064344487511484,889.2484516028267,981.04,1
TXN_003957,1647.57,limit_exceeded,alternate_payment,0.6217919268347105,1024.445724895064,0.0,0
TXN_003958,1422.97,card_expired,customer_followup,0.2907442691019523,413.72037260400504,1422.97,1
TXN_003959,5523.87,bank_decline,alternate_payment,0.7859806991684171,4341.655204715444,5523.87,1
TXN_003960,2178.55,insufficient_funds,retry_later,0.3593026551966283,782.7587994786146,2178.55,1
TXN_003961,869.89,card_expired,customer_followup,0.6769194249002761,588.8454385265012,869.89,1
TXN_003962,11973.37,network_error,retry,0.8363691735802843,10014.157571870968,11973.37,1
TXN_003963,1899.43,insufficient_funds,retry_later,0.5265068340701344,1000.0628758378355,1899.43,1
TXN_003964,3900.42,card_expired,customer_followup,0.43529907599663314,1697.849221998788,3900.42,1
TXN_003965,984.15,network_error,retry_later,0.590522545504613,581.1627631583649,984.15,1
TXN_003966,2599.61,limit_exceeded,alternate_payment,0.3624250066039694,942.163671417745,0.0,0
TXN_003967,2467.87,card_expired,customer_followup,0.6766869004463506,1669.9753010045351,2467.87,1
TXN_003968,273.24,insufficient_funds,retry_later,0.6865305498908105,187.5876074521651,273.24,1
TXN_003969,13565.36,network_error,retry,0.7272168627842848,9864.958541739426,13565.36,1
TXN_003970,6572.47,authentication_failed,customer_followup,0.3175929848931055,2087.370365420389,6572.47,1
TXN_003971,1215.37,insufficient_funds,retry_later,0.37204038151158625,452.16671847773654,0.0,0
TXN_003972,600.48,card_expired,customer_followup,0.5372006813049283,322.5782651099833,600.48,1
TXN_003973,2559.49,authentication_failed,customer_followup,0.3318554170994118,849.3806215117735,2559.49,1
TXN_003974,1971.79,network_error,retry_later,0.7333920036805216,1446.0950189372156,0.0,0
TXN_003975,2580.32,bank_decline,alternate_payment,0.4460006759371016,1150.824464134022,2580.32,1
TXN_003976,2189.83,card_expired,customer_followup,0.770058459653137,1686.297116702229,0.0,0
TXN_003977,2999.62,limit_exceeded,alternate_payment,0.4992524644692895,1497.5676774713702,2999.62,1
TXN_003978,7687.15,card_expired,customer_followup,0.5792041594277625,4452.429254145124,7687.15,1
TXN_003979,3191.04,insufficient_funds,retry_later,0.25329449931533615,808.2728790952102,3191.04,1
TXN_003980,632.92,bank_decline,alternate_payment,0.3739506252089516,236.68082970724964,632.92,1
TXN_003981,7062.56,insufficient_funds,retry_later,0.47401927058043447,3347.7895396305535,0.0,0
TXN_003982,9326.5,authentication_failed,customer_followup,0.4961617642055369,4627.452693862941,0.0,0
TXN_003983,42279.46,bank_decline,alternate_payment,0.38086146687394506,16102.617154238285,42279.46,1
TXN_003984,587.87,bank_decline,alternate_payment,0.7706106743344253,453.01889712097864,587.87,1
TXN_003985,2305.11,insufficient_funds,retry_later,0.413955996108464,954.2141061895816,0.0,0
TXN_003986,225.41,bank_decline,alternate_payment,0.3112002449469449,70.14764721349086,0.0,0
TXN_003987,3143.68,card_expired,customer_followup,0.50504806718529,1587.7095078490524,3143.68,1
TXN_003988,1045.03,network_error,retry,0.6200621088483054,647.9835056097445,1045.03,1
TXN_003989,12375.15,limit_exceeded,alternate_payment,0.6547862329840874,8103.077851113029,12375.15,1
TXN_003990,833.29,insufficient_funds,retry_later,0.3072916458643608,256.0630555823132,0.0,0
TXN_003991,333.89,authentication_failed,customer_followup,0.25264165256081555,84.3545213735307,333.89,1
TXN_003992,1128.6,limit_exceeded,alternate_payment,0.5295501811429312,597.6503344379121,1128.6,1
TXN_003993,250.76,insufficient_funds,retry_later,0.7124937400692039,178.66493025975356,0.0,0
TXN_003994,3831.84,insufficient_funds,retry_later,0.63107374497613,2418.173618949334,3831.84,1
TXN_003995,229.27,authentication_failed,customer_followup,0.6364103080119545,145.9097913179008,229.27,1
TXN_003996,1860.23,authentication_failed,customer_followup,0.6651605528224827,1237.351615176967,1860.23,1
TXN_003997,226.37,authentication_failed,customer_followup,0.3444498885782578,77.97312127746022,226.37,1
TXN_003998,1312.52,network_error,retry,0.8409160798393207,1103.7191731107052,1312.52,1
TXN_003999,9352.31,authentication_failed,customer_followup,0.2937569604886206,2747.306159147331,9352.31,1
TXN_004000,2593.2,authentication_failed,customer_followup,0.33018039423115536,856.223798320232,2593.2,1
TXN_004001,762.43,bank_decline,alternate_payment,0.7942922154159644,605.5922137995937,762.43,1
TXN_004002,1752.5,insufficient_funds,retry_later,0.35550336531264276,623.0196477104064,0.0,0
TXN_004003,1840.91,authentication_failed,customer_followup,0.6635491641968672,1221.5342918616548,1840.91,1
TXN_004004,2900.48,authentication_failed,customer_followup,0.33461665633833887,970.5489193762252,2900.48,1
TXN_004005,460.88,network_error,retry_later,0.42364605323458715,195.2499930147565,460.88,1
TXN_004006,3270.07,authentication_failed,customer_followup,0.35729129733230003,1168.3675526674344,3270.07,1
TXN_004007,120.98,network_error,retry,0.550368935647457,66.58363383462935,120.98,1
TXN_004008,963.06,authentication_failed,customer_followup,0.25101374857529396,241.7413007029226,963.06,1
TXN_004009,1109.57,card_expired,customer_followup,0.3513532882521735,389.8510680459641,0.0,0
TXN_004010,3406.11,card_expired,customer_followup,0.8350454519015145,2844.2566641762673,3406.11,1
TXN_004011,1849.43,bank_decline,alternate_payment,0.6006037280246214,1110.7745527205755,1849.43,1
TXN_004012,443.38,bank_decline,alternate_payment,0.8551169634243699,379.1417592430971,443.38,1
TXN_004013,675.2,network_error,retry,0.8089717849792188,546.2177492179686,675.2,1
TXN_004014,2205.43,card_expired,customer_followup,0.24889175718829393,548.913348055779,2205.43,1
TXN_004015,1670.59,network_error,retry_later,0.611625987109979,1021.7762578060597,1670.59,1
TXN_004016,1013.21,card_expired,customer_followup,0.2863848646117879,290.16800867330966,1013.21,1
TXN_004017,1117.85,limit_exceeded,alternate_payment,0.8166188376429862,912.857367659212,0.0,0
TXN_004018,3627.02,authentication_failed,customer_followup,0.293817199375599,1065.6808584792852,0.0,0
TXN_004019,1077.4,bank_decline,alternate_payment,0.47010103378347523,506.48685379831625,1077.4,1
TXN_004020,1655.58,authentication_failed,customer_followup,0.69566661717012,1151.7317380545073,1655.58,1
TXN_004021,15834.34,limit_exceeded,alternate_payment,0.33026217365420485,5229.483546779722,15834.34,1
TXN_004022,435.42,limit_exceeded,alternate_payment,0.8202816632934288,357.16704183122476,435.42,1
TXN_004023,283.77,network_error,retry_later,0.3371794894425308,95.68142371910696,0.0,0
TXN_004024,3958.38,card_expired,customer_followup,0.6470054701986145,2561.093513124792,3958.38,1
TXN_004025,917.23,limit_exceeded,alternate_payment,0.44445570575866744,407.66810699302255,917.23,1
TXN_004026,1315.22,network_error,retry,0.878780129616256,1155.7892020738923,1315.22,1
TXN_004027,827.86,network_error,retry,0.694055890281681,574.5811093285924,827.86,1
TXN_004028,1394.37,card_expired,customer_followup,0.5537563371877137,772.1412238844323,1394.37,1
TXN_004029,8942.21,bank_decline,alternate_payment,0.4469025994390242,3996.2968937296364,0.0,0
TXN_004030,4032.45,card_expired,customer_followup,0.6433717835272277,2594.364548484369,4032.45,1
TXN_004031,4282.21,bank_decline,alternate_payment,0.4784321738011844,2048.7470389731698,4282.21,1
TXN_004032,438.68,authentication_failed,customer_followup,0.47374620864408956,207.82298680798922,438.68,1
TXN_004033,571.83,network_error,retry_later,0.5405153339367998,309.0828834050803,571.83,1
TXN_004034,105.73,authentication_failed,customer_followup,0.3769932965255667,39.85950124164817,0.0,0
TXN_004035,804.82,bank_decline,alternate_payment,0.523269390806167,421.1376711086193,804.82,1
TXN_004036,4706.52,authentication_failed,customer_followup,0.2371282921473372,1116.0490495572856,0.0,0
TXN_004037,3031.91,insufficient_funds,retry_later,0.716530308782779,2172.4554085015952,0.0,0
TXN_004038,1448.79,bank_decline,alternate_payment,0.4818842448611382,698.1490751123683,0.0,0
TXN_004039,1768.17,bank_decline,alternate_payment,0.3415456449344886,603.9107630038147,1768.17,1
TXN_004040,907.88,card_expired,customer_followup,0.3870021522529385,351.3515139873978,907.88,1
TXN_004041,2218.88,limit_exceeded,alternate_payment,0.5328289457360508,1182.2834911148084,0.0,0
TXN_004042,3888.89,limit_exceeded,alternate_payment,0.5471450512738951,2127.786918448538,3888.89,1
TXN_004043,359.28,bank_decline,alternate_payment,0.36669570289472486,131.74643213601675,359.28,1
TXN_004044,2439.74,authentication_failed,customer_followup,0.5011132138193887,1222.5859522837152,2439.74,1
TXN_004045,4593.67,limit_exceeded,alternate_payment,0.48208502871050496,2214.539533836585,4593.67,1
TXN_004046,1193.8,network_error,retry_later,0.425656081178997,508.1482297114866,1193.8,1
TXN_004047,3643.5,network_error,retry,0.9076919548755745,3307.175637589156,3643.5,1
TXN_004048,30171.54,card_expired,customer_followup,0.6872145592953687,20734.321564362588,30171.54,1
TXN_004049,1628.9,insufficient_funds,retry_later,0.5932120608907013,966.2831259848634,0.0,0
TXN_004050,2679.29,limit_exceeded,alternate_payment,0.23278130102960032,623.6886120355979,2679.29,1
TXN_004051,864.32,limit_exceeded,alternate_payment,0.6350384947794991,548.8764718078168,0.0,0
TXN_004052,2167.33,authentication_failed,customer_followup,0.41094761329118207,890.6590907143776,2167.33,1
TXN_004053,2864.85,insufficient_funds,retry_later,0.7870144312061278,2254.678293240875,2864.85,1
TXN_004054,2196.99,insufficient_funds,retry_later,0.7153317903747863,1571.5767901355016,2196.99,1
TXN_004055,652.17,bank_decline,alternate_payment,0.2641587476667439,172.27641046582036,0.0,0
TXN_004056,2222.44,limit_exceeded,alternate_payment,0.3864871697975739,858.9445456449201,2222.44,1
TXN_004057,7802.47,network_error,retry_later,0.6955974361331072,5427.378127505485,0.0,0
TXN_004058,2831.71,bank_decline,alternate_payment,0.3246758158513774,919.3877545045038,2831.71,1
TXN_004059,4731.45,authentication_failed,customer_followup,0.34057222557664757,1611.400456704629,0.0,0
TXN_004060,1426.51,insufficient_funds,retry_later,0.3691887324516917,526.6514187296627,0.0,0
TXN_004061,3827.24,card_expired,customer_followup,0.5201097209349803,1990.584728351194,3827.24,1
TXN_004062,2390.52,card_expired,customer_followup,0.2402591291998876,574.3442535349153,2390.52,1
TXN_004063,698.61,insufficient_funds,retry_later,0.3151947153970442,220.19818012352906,0.0,0
TXN_004064,2486.23,insufficient_funds,retry_later,0.6480303651859534,1611.152534836273,2486.23,1
TXN_004065,670.69,insufficient_funds,retry_later,0.5155851186548583,345.797783230627,0.0,0
TXN_004066,960.18,card_expired,customer_followup,0.4262141340782341,409.2422872592388,960.18,1
TXN_004067,2184.91,card_expired,customer_followup,0.7090665951877327,1549.2466944916291,2184.91,1
TXN_004068,2433.89,bank_decline,alternate_payment,0.28753102087579,699.8188763993766,0.0,0
TXN_004069,550.47,card_expired,customer_followup,0.3624379476417094,199.51121703833178,550.47,1
TXN_004070,5187.39,bank_decline,alternate_payment,0.2629272747554337,1363.9063157935893,0.0,0
TXN_004071,3203.52,authentication_failed,customer_followup,0.28509202873729184,913.2980159004892,3203.52,1
TXN_004072,893.61,insufficient_funds,retry_later,0.8634895551023355,771.622901334998,893.61,1
TXN_004073,388.55,limit_exceeded,alternate_payment,0.41495251641801684,161.22980025422044,388.55,1
TXN_004074,1564.15,authentication_failed,customer_followup,0.5808807810438548,908.5846736697455,1564.15,1
TXN_004075,1157.54,limit_exceeded,alternate_payment,0.21380920966616443,247.49271255697195,0.0,0
TXN_004076,2024.63,limit_exceeded,alternate_payment,0.29252007419190457,592.2449178111558,2024.63,1
TXN_004077,1257.5,card_expired,customer_followup,0.3897361380910489,490.09319364949397,1257.5,1
TXN_004078,242.87,limit_exceeded,alternate_payment,0.763582282150786,185.4512288659614,242.87,1
TXN_004079,1226.17,network_error,retry,0.8430344381792021,1033.7035370621923,1226.17,1
TXN_004080,1331.93,network_error,retry,0.5647673263746549,752.2305450181941,1331.93,1
TXN_004081,3407.25,card_expired,customer_followup,0.7547991861674367,2571.7895270689987,3407.25,1
TXN_004082,899.47,network_error,retry_later,0.612820184836792,551.2133716551493,899.47,1
TXN_004083,9688.3,limit_exceeded,alternate_payment,0.41210902707807495,3992.6358870405134,9688.3,1
TXN_004084,267.3,authentication_failed,customer_followup,0.30035955153162963,80.2861081244046,0.0,0
TXN_004085,6708.75,bank_decline,alternate_payment,0.4240165266735127,2844.6208733209282,6708.75,1
TXN_004086,1444.73,network_error,retry_later,0.6874001009838072,993.1075478943358,1444.73,1
TXN_004087,4270.92,authentication_failed,customer_followup,0.6699978922796663,2861.5073980950724,4270.92,1
TXN_004088,1958.24,bank_decline,alternate_payment,0.6048700048857754,1184.4806383675207,1958.24,1
TXN_004089,5650.82,limit_exceeded,alternate_payment,0.5614605839690149,3172.7126971037883,0.0,0
TXN_004090,1227.38,network_error,retry,0.7744357390314408,950.5269373724099,1227.38,1
TXN_004091,602.68,limit_exceeded,alternate_payment,0.3844669471049001,231.71053968118116,0.0,0
TXN_004092,7483.86,authentication_failed,customer_followup,0.5400658902591633,4041.7775134749418,7483.86,1
TXN_004093,1614.08,network_error,retry,0.8123818261616593,1311.249257971011,1614.08,1
TXN_004094,2256.47,limit_exceeded,alternate_payment,0.5613542388861628,1266.6789994194596,0.0,0
TXN_004095,6215.19,authentication_failed,customer_followup,0.556944389821108,3461.5152021722524,6215.19,1
TXN_004096,644.22,authentication_failed,customer_followup,0.5470463565505065,352.4182038169673,644.22,1
TXN_004097,3279.65,card_expired,customer_followup,0.5454545851401728,1788.9001301549677,3279.65,1
TXN_004098,1002.35,insufficient_funds,retry_later,0.6411484197097423,642.6551184960603,1002.35,1
TXN_004099,1584.19,card_expired,customer_followup,0.25385285280180586,402.1511508800928,1584.19,1
TXN_004100,1943.56,limit_exceeded,alternate_payment,0.30957451809444847,601.6766503876463,1943.56,1
TXN_004101,403.34,card_expired,customer_followup,0.45936126825303303,185.27877393717833,403.34,1
TXN_004102,829.78,network_error,retry,0.9032339125098205,749.4854359223989,829.78,1
TXN_004103,6981.88,card_expired,customer_followup,0.3773679631725163,2634.7378347149283,6981.88,1
TXN_004104,4386.08,card_expired,customer_followup,0.30856887280211803,1353.4077616199138,4386.08,1
TXN_004105,1698.26,network_error,retry,0.8078290264704627,1371.903722493728,1698.26,1
TXN_004106,2305.66,authentication_failed,customer_followup,0.6331821161312724,1459.9026778792295,2305.66,1
TXN_004107,1347.16,insufficient_funds,retry_later,0.3433544469992867,462.5533768195591,0.0,0
TXN_004108,7020.46,network_error,retry,0.8672665467626148,6088.610100885067,7020.46,1
TXN_004109,1479.78,network_error,retry_later,0.6294380428471807,931.4298270444011,0.0,0
TXN_004110,2279.8,limit_exceeded,alternate_payment,0.33242463013396817,757.8616717794207,2279.8,1
TXN_004111,5687.52,authentication_failed,customer_followup,0.5900123867257467,3355.7072497504196,5687.52,1
TXN_004112,831.0,insufficient_funds,retry_later,0.4017057983757478,333.81751845024644,831.0,1
TXN_004113,8593.74,card_expired,customer_followup,0.4266757964159809,3666.740858691872,8593.74,1
TXN_004114,391.33,bank_decline,alternate_payment,0.45269403632936767,177.15275723677144,391.33,1
TXN_004115,9224.72,limit_exceeded,alternate_payment,0.5110676476651219,4714.455950769403,9224.72,1
TXN_004116,1245.54,card_expired,customer_followup,0.4284119038415828,533.604162710845,1245.54,1
TXN_004117,1418.42,limit_exceeded,alternate_payment,0.45939725688650096,651.6182571129507,0.0,0
TXN_004118,273.14,authentication_failed,customer_followup,0.3889389356926305,106.2347808950851,273.14,1
TXN_004119,1147.34,insufficient_funds,retry_later,0.5716925289024469,655.9257061109334,1147.34,1
TXN_004120,639.18,network_error,retry,0.5879098460309204,375.7802153860437,639.18,1
TXN_004121,984.72,insufficient_funds,retry_later,0.6738601637620563,663.5635804597721,984.72,1
TXN_004122,1576.07,limit_exceeded,alternate_payment,0.699132427887039,1101.8816456199256,1576.07,1
TXN_004123,4711.64,authentication_failed,customer_followup,0.30439846626268907,1434.2159895819364,0.0,0
TXN_004124,2225.2,insufficient_funds,retry_later,0.2490571781122708,554.202032735425,0.0,0
TXN_004125,2459.41,limit_exceeded,alternate_payment,0.5602016340477947,1377.7655007934866,0.0,0
TXN_004126,604.55,authentication_failed,customer_followup,0.6839515811008758,413.48292835453447,604.55,1
TXN_004127,749.38,insufficient_funds,retry_later,0.32962309160575,247.01295238751692,0.0,0
TXN_004128,10924.08,limit_exceeded,alternate_payment,0.3357991803369523,3668.2971099352935,0.0,0
TXN_004129,866.79,insufficient_funds,retry_later,0.6015478877006345,521.415693580033,866.79,1
TXN_004130,9473.07,insufficient_funds,retry_later,0.8143009615438837,7713.930009772517,9473.07,1
TXN_004131,1417.91,limit_exceeded,alternate_payment,0.36414240833252665,516.3211621987729,1417.91,1
TXN_004132,1812.18,bank_decline,alternate_payment,0.6518530200257628,1181.275005830287,1812.18,1
TXN_004133,5273.05,network_error,retry_later,0.6423049380126874,3386.9060533878014,0.0,0
TXN_004134,6450.37,limit_exceeded,alternate_payment,0.6120869805807356,3948.1874969285595,6450.37,1
TXN_004135,1618.39,bank_decline,alternate_payment,0.3700932264933503,598.9551768245732,1618.39,1
TXN_004136,1226.3,insufficient_funds,retry_later,0.6347756418497582,778.4253696003584,1226.3,1
TXN_004137,1709.71,network_error,retry_later,0.5127345566360764,876.6273988262661,0.0,0
TXN_004138,2535.02,card_expired,customer_followup,0.6236057879059189,1580.8531444572625,2535.02,1
TXN_004139,4408.56,insufficient_funds,retry_later,0.37001970933438355,1631.25408978319,0.0,0
TXN_004140,1815.71,insufficient_funds,retry_later,0.6025220587266114,1094.0053272504956,1815.71,1
TXN_004141,3357.28,network_error,retry,0.7028748482754572,2359.747670618227,3357.28,1
TXN_004142,9305.49,card_expired,customer_followup,0.5251801243992824,4887.058395796278,9305.49,1
TXN_004143,2647.34,limit_exceeded,alternate_payment,0.4355541830765619,1153.0600110259054,2647.34,1
TXN_004144,2469.21,limit_exceeded,alternate_payment,0.500600981597527,1236.0889497704295,0.0,0
TXN_004145,395.87,limit_exceeded,alternate_payment,0.6067545853727291,240.19593771150227,0.0,0
TXN_004146,130.23,insufficient_funds,retry_later,0.5131136640043614,66.82279246328798,130.23,1
TXN_004147,2666.11,insufficient_funds,retry_later,0.5662905881910081,1509.7930000819285,2666.11,1
TXN_004148,1644.47,authentication_failed,customer_followup,0.3532260082992303,580.8695738678352,1644.47,1
TXN_004149,1080.54,bank_decline,alternate_payment,0.23862962682935976,257.8488569741964,0.0,0
TXN_004150,2306.6,network_error,retry_later,0.6782651179952544,1564.4863211678537,0.0,0
TXN_004151,1702.06,bank_decline,alternate_payment,0.36121209434901225,614.8046573076798,1702.06,1
TXN_004152,5584.67,insufficient_funds,retry_later,0.4440328055088393,2479.7766879410497,5584.67,1
TXN_004153,1970.63,bank_decline,alternate_payment,0.3168223932224081,624.3397127558742,0.0,0
TXN_004154,856.69,card_expired,customer_followup,0.302194407074578,258.88692659672023,856.69,1
TXN_004155,4866.68,insufficient_funds,retry_later,0.3732820725995837,1816.6443970789421,4866.68,1
TXN_004156,1455.16,network_error,retry_later,0.6430985491207565,935.8112847385601,1455.16,1
TXN_004157,3061.12,authentication_failed,customer_followup,0.34734613734319336,1063.268207943996,3061.12,1
TXN_004158,1121.69,insufficient_funds,retry_later,0.5660504514340327,634.9331308690402,0.0,0
TXN_004159,944.04,network_error,retry_later,0.6087216058070082,574.657544746048,0.0,0
TXN_004160,1966.81,card_expired,customer_followup,0.607093931892272,1194.0384161850395,1966.81,1
TXN_004161,1831.39,authentication_failed,customer_followup,0.5139394895795417,941.223641821077,1831.39,1
TXN_004162,2921.43,insufficient_funds,retry_later,0.4201654519196698,1227.483956201681,2921.43,1
TXN_004163,1382.09,limit_exceeded,alternate_payment,0.2677832264577134,370.1005194549411,1382.09,1
TXN_004164,288.2,bank_decline,alternate_payment,0.3757151336888455,108.28110152912528,288.2,1
TXN_004165,1172.89,bank_decline,alternate_payment,0.45848291074127834,537.750021179338,1172.89,1
TXN_004166,3999.08,insufficient_funds,retry_later,0.2983070731604865,1192.9538501346383,3999.08,1
TXN_004167,1342.95,limit_exceeded,alternate_payment,0.8098223805443876,1087.5509659520853,1342.95,1
TXN_004168,1413.21,network_error,retry,0.8554342158601491,1208.9081881957213,1413.21,1
TXN_004169,4848.27,limit_exceeded,alternate_payment,0.5599775243216053,2714.9222318427096,4848.27,1
TXN_004170,887.16,card_expired,customer_followup,0.2505098229895811,222.24229456343673,887.16,1
TXN_004171,386.53,network_error,retry,0.8028770723170641,310.33607476271476,386.53,1
TXN_004172,1539.74,network_error,retry,0.5775924624015606,889.3422180581789,0.0,0
TXN_004173,1114.13,bank_decline,alternate_payment,0.5315247530417295,592.1876731063821,1114.13,1
TXN_004174,687.98,limit_exceeded,alternate_payment,0.37787859132342416,259.97291325868935,687.98,1
TXN_004175,1517.2,insufficient_funds,retry_later,0.8391931218175678,1273.223804421614,1517.2,1
TXN_004176,2955.74,authentication_failed,customer_followup,0.3578286028676622,1057.6483146400637,0.0,0
TXN_004177,1791.33,bank_decline,alternate_payment,0.37659679297481197,674.6091331595699,1791.33,1
TXN_004178,2457.7,bank_decline,alternate_payment,0.6615396971013825,1625.8661135660677,2457.7,1
TXN_004179,11085.66,insufficient_funds,retry_later,0.3610334883847828,4002.294500847651,11085.66,1
TXN_004180,1283.21,authentication_failed,customer_followup,0.6004331217606733,770.4817861745137,1283.21,1
TXN_004181,2388.33,authentication_failed,customer_followup,0.2720379132181524,649.7163092763099,2388.33,1
TXN_004182,1086.58,limit_exceeded,alternate_payment,0.3180535237099495,345.5905977927569,0.0,0
TXN_004183,775.6,network_error,retry,0.5523690540135447,428.41743829290533,775.6,1
TXN_004184,1007.36,bank_decline,alternate_payment,0.6708117068090111,675.7488809711255,1007.36,1
TXN_004185,1120.18,network_error,retry_later,0.5792281771404535,648.8398194691932,1120.18,1
TXN_004186,2590.16,limit_exceeded,alternate_payment,0.4275120991562895,1107.324738750655,2590.16,1
TXN_004187,18940.84,authentication_failed,customer_followup,0.35699530771116994,6761.791004108036,18940.84,1
TXN_004188,883.56,insufficient_funds,retry_later,0.6172244045821058,545.3547949125654,883.56,1
TXN_004189,1191.98,network_error,retry,0.8866866119334861,1056.9127076924767,1191.98,1
TXN_004190,1697.44,insufficient_funds,retry_later,0.64419842344836,1093.4881718981842,1697.44,1
TXN_004191,2685.97,network_error,retry,0.8550784577666836,2296.715085207579,2685.97,1
TXN_004192,2353.25,insufficient_funds,retry_later,0.7732568551173569,1819.6666943049202,0.0,0
TXN_004193,6529.57,insufficient_funds,retry_later,0.34112200709198287,2227.3800238475983,6529.57,1
TXN_004194,159.75,bank_decline,alternate_payment,0.40017781877168423,63.92840654877656,0.0,0
TXN_004195,166.18,limit_exceeded,alternate_payment,0.2973967594683335,49.42139348844766,166.18,1
TXN_004196,1101.16,insufficient_funds,retry_later,0.6116962636753797,673.5754577087811,1101.16,1
TXN_004197,5417.01,authentication_failed,customer_followup,0.33017812459174983,1788.5782026947547,5417.01,1
TXN_004198,377.8,limit_exceeded,alternate_payment,0.43407805209270345,163.99468808062338,377.8,1
TXN_004199,89.33,insufficient_funds,retry_later,0.6969461529389248,62.25819984203415,89.33,1
TXN_004200,3200.87,insufficient_funds,retry_later,0.34810649525769555,1114.2436374755,0.0,0
TXN_004201,2306.89,limit_exceeded,alternate_payment,0.7615313809205245,1756.7691273317487,2306.89,1
TXN_004202,607.77,card_expired,customer_followup,0.2687596748298787,163.3440675713554,607.77,1
TXN_004203,674.83,bank_decline,alternate_payment,0.7700950920898662,519.6832709950044,674.83,1
TXN_004204,685.57,bank_decline,alternate_payment,0.7423143771189703,508.9084675214525,0.0,0
TXN_004205,2019.36,bank_decline,alternate_payment,0.5145699425357847,1039.101959159062,2019.36,1
TXN_004206,966.5,bank_decline,alternate_payment,0.8368341413657594,808.8001976300064,966.5,1
TXN_004207,2963.32,bank_decline,alternate_payment,0.29526971626610365,874.9786556056704,0.0,0
TXN_004208,104.1,card_expired,customer_followup,0.32477857182736053,33.80944932722823,104.1,1
TXN_004209,767.51,insufficient_funds,retry_later,0.4793753426788513,367.9253692594452,767.51,1
TXN_004210,586.37,network_error,retry_later,0.6071289403634142,356.00219676089523,586.37,1
TXN_004211,1399.2,insufficient_funds,retry_later,0.45207661383189957,632.5455980735939,1399.2,1
TXN_004212,1055.69,bank_decline,alternate_payment,0.3420473238347177,361.09593929907317,0.0,0
TXN_004213,4015.21,authentication_failed,customer_followup,0.3885283584954372,1560.0229503144644,4015.21,1
TXN_004214,281.65,card_expired,customer_followup,0.52838053362389,148.81837729516863,281.65,1
TXN_004215,1892.19,network_error,retry,0.6444224370916485,1219.3696912404464,1892.19,1
TXN_004216,3160.03,bank_decline,alternate_payment,0.7587908589378219,2397.8018779692857,3160.03,1
TXN_004217,11575.52,network_error,retry,0.750819577779265,8691.127038975437,11575.52,1
TXN_004218,1116.81,card_expired,customer_followup,0.4886969409429285,545.781630614472,1116.81,1
TXN_004219,2501.03,limit_exceeded,alternate_payment,0.61488395397118,1537.8432154005404,2501.03,1
TXN_004220,297.72,bank_decline,alternate_payment,0.2855828011896564,85.02371157018452,297.72,1
TXN_004221,165.35,card_expired,customer_followup,0.32788679519957825,54.21608158625026,165.35,1
TXN_004222,4208.13,limit_exceeded,alternate_payment,0.32475705605060823,1366.6199102782462,4208.13,1
TXN_004223,1798.02,card_expired,customer_followup,0.3391940343985863,609.8776577293462,0.0,0
TXN_004224,5875.3,insufficient_funds,retry_later,0.7525057093601242,4421.196794203538,5875.3,1
TXN_004225,457.88,limit_exceeded,alternate_payment,0.25319892715471687,115.93472476560176,0.0,0
TXN_004226,3040.88,bank_decline,alternate_payment,0.4073717259569338,1238.7685340279209,3040.88,1
TXN_004227,11717.26,bank_decline,alternate_payment,0.5502901034081166,6447.892217059788,11717.26,1
TXN_004228,2750.96,authentication_failed,customer_followup,0.3644073850745782,1002.4701400447617,2750.96,1
TXN_004229,2384.11,limit_exceeded,alternate_payment,0.5096215706569425,1214.993882818923,2384.11,1
TXN_004230,1823.58,insufficient_funds,retry_later,0.7027030331721221,1281.4351972320185,1823.58,1
TXN_004231,375.82,bank_decline,alternate_payment,0.3604044687248904,135.4472074361883,375.82,1
TXN_004232,7013.37,limit_exceeded,alternate_payment,0.3327646502482333,2333.801615111452,7013.37,1
TXN_004233,981.56,bank_decline,alternate_payment,0.39070207202848795,383.4975258202826,981.56,1
TXN_004234,2994.35,network_error,retry_later,0.751731505921873,2250.9472347571605,0.0,0
TXN_004235,378.78,authentication_failed,customer_followup,0.5711737235597407,216.34918300995858,378.78,1
TXN_004236,555.87,card_expired,customer_followup,0.5063903585007581,281.4872085798164,555.87,1
TXN_004237,7593.8,authentication_failed,customer_followup,0.77173188936252,5860.377621441105,7593.8,1
TXN_004238,1277.55,limit_exceeded,alternate_payment,0.6679413432635641,853.3284630863664,1277.55,1
TXN_004239,7733.18,insufficient_funds,retry_later,0.5402951885827476,4178.199946444332,7733.18,1
TXN_004240,1671.99,authentication_failed,customer_followup,0.6750887823641836,1128.7416932250912,1671.99,1
TXN_004241,286.6,limit_exceeded,alternate_payment,0.4622957577852048,132.4939641812397,286.6,1
TXN_004242,4411.93,limit_exceeded,alternate_payment,0.7431909287462459,3278.906354263425,4411.93,1
TXN_004243,1002.36,authentication_failed,customer_followup,0.7751365158165645,776.9658379938916,1002.36,1
TXN_004244,3636.18,authentication_failed,customer_followup,0.41460881819227086,1507.5922925343714,3636.18,1
TXN_004245,1854.2,network_error,retry_later,0.2825498249373019,523.9038853987452,0.0,0
TXN_004246,386.4,insufficient_funds,retry_later,0.8169222445927122,315.658755310624,0.0,0
TXN_004247,2130.89,card_expired,customer_followup,0.7187962955882867,1531.6758383061242,2130.89,1
TXN_004248,16256.09,limit_exceeded,alternate_payment,0.32664599674416595,5309.986721212868,16256.09,1
TXN_004249,2960.12,insufficient_funds,retry_later,0.6674323561483275,1975.6798660817872,2960.12,1
TXN_004250,1706.98,limit_exceeded,alternate_payment,0.4307240337271656,735.2373110915971,0.0,0
TXN_004251,5299.37,card_expired,customer_followup,0.8079467527075255,4281.608782895679,5299.37,1
TXN_004252,2232.03,limit_exceeded,alternate_payment,0.8050732949489864,1796.9477465249863,2232.03,1
TXN_004253,2229.5,limit_exceeded,alternate_payment,0.7658528638519695,1707.468959957966,2229.5,1
TXN_004254,606.91,network_error,retry_later,0.562042089398503,341.1089644768454,606.91,1
TXN_004255,2284.38,insufficient_funds,retry_later,0.3409802255610503,778.9284076671521,2284.38,1
TXN_004256,5092.09,network_error,retry,0.914683208198449,4657.64921763524,5092.09,1
TXN_004257,783.63,limit_exceeded,alternate_payment,0.30355637197056534,237.87587976729412,0.0,0
TXN_004258,7513.79,limit_exceeded,alternate_payment,0.5110974249953538,3840.2787209558396,7513.79,1
TXN_004259,1649.61,network_error,retry,0.7648261876632785,1261.6649274312208,1649.61,1
TXN_004260,744.14,bank_decline,alternate_payment,0.6075396058631888,452.0945223070333,744.14,1
TXN_004261,4903.14,authentication_failed,customer_followup,0.5476597077311023,2685.252219364677,4903.14,1
TXN_004262,1357.24,card_expired,customer_followup,0.42728612655567216,579.9298224064205,0.0,0
TXN_004263,3864.22,bank_decline,alternate_payment,0.4470714397907485,1727.582399068206,3864.22,1
TXN_004264,1350.52,network_error,retry_later,0.576370879791141,778.4004005755318,1350.52,1
TXN_004265,1703.05,network_error,retry,0.898774219532826,1530.6574345753793,1703.05,1
TXN_004266,2961.82,bank_decline,alternate_payment,0.5266658553122546,1559.889463580942,2961.82,1
TXN_004267,2418.49,card_expired,customer_followup,0.6269253865034499,1516.2127780047283,2418.49,1
TXN_004268,245.79,authentication_failed,customer_followup,0.3761072870921329,92.44341009437535,245.79,1
TXN_004269,589.19,insufficient_funds,retry_later,0.47025971958000967,277.0723241793459,0.0,0
TXN_004270,4579.8,authentication_failed,customer_followup,0.5152501306691675,2359.742548438653,0.0,0
TXN_004271,1584.25,authentication_failed,customer_followup,0.28573929510836243,452.6824782754232,1584.25,1
TXN_004272,1070.91,bank_decline,alternate_payment,0.7740854262350412,828.975823809368,0.0,0
TXN_004273,464.72,bank_decline,alternate_payment,0.622029226855978,289.0694223045101,464.72,1
TXN_004274,614.17,bank_decline,alternate_payment,0.31849494263056893,195.6100389154165,614.17,1
TXN_004275,239.42,card_expired,customer_followup,0.6020745979580918,144.14870024312634,239.42,1
TXN_004276,1633.89,limit_exceeded,alternate_payment,0.42679042393093086,697.3286057565086,1633.89,1
TXN_004277,993.83,bank_decline,alternate_payment,0.4804174095477338,477.45323413082434,993.83,1
TXN_004278,687.74,bank_decline,alternate_payment,0.3652390462761701,251.18950168597323,687.74,1
TXN_004279,1688.97,bank_decline,alternate_payment,0.3372075420793346,569.5334223457338,1688.97,1
TXN_004280,2601.83,network_error,retry,0.4636904697786043,1206.443774984066,2601.83,1
TXN_004281,14664.69,card_expired,customer_followup,0.49044170783390706,7192.175608454819,14664.69,1
TXN_004282,398.66,limit_exceeded,alternate_payment,0.2197274234226926,87.59653462169064,0.0,0
TXN_004283,5763.97,insufficient_funds,retry_later,0.4259347433712799,2455.0750827497563,5763.97,1
TXN_004284,4784.33,authentication_failed,customer_followup,0.33252202636184347,1590.8951063837585,4784.33,1
TXN_004285,829.57,insufficient_funds,retry_later,0.5642361920267057,468.0734178195943,829.57,1
TXN_004286,2215.51,card_expired,customer_followup,0.5062396920074373,1121.5791000393976,2215.51,1
TXN_004287,1144.09,network_error,retry_later,0.6736162553050389,770.6776215319419,0.0,0
TXN_004288,2176.97,authentication_failed,customer_followup,0.5253507817916232,1143.6728914369098,2176.97,1
TXN_004289,8177.41,bank_decline,alternate_payment,0.718553536887449,5875.906878078795,8177.41,1
TXN_004290,3312.99,card_expired,customer_followup,0.43243702704766773,1432.6595462386526,3312.99,1
TXN_004291,3006.73,authentication_failed,customer_followup,0.31407418743445686,944.3362815848045,3006.73,1
TXN_004292,1175.78,authentication_failed,customer_followup,0.4068647928153921,478.38348609648176,1175.78,1
TXN_004293,409.91,insufficient_funds,retry_later,0.518850716462978,212.68209718533933,409.91,1
TXN_004294,1467.82,limit_exceeded,alternate_payment,0.4307148017814765,632.2118003508867,0.0,0
TXN_004295,6042.71,authentication_failed,customer_followup,0.31215882539253054,1886.2852557876981,6042.71,1
TXN_004296,392.62,limit_exceeded,alternate_payment,0.462775312733076,181.6948432852603,392.62,1
TXN_004297,629.49,authentication_failed,customer_followup,0.46811739522311474,294.6752191189985,629.49,1
TXN_004298,2051.38,limit_exceeded,alternate_payment,0.4224216172979527,866.5472572926742,2051.38,1
TXN_004299,675.43,insufficient_funds,retry_later,0.7847643425321863,530.0533798765146,675.43,1
TXN_004300,818.5,network_error,retry,0.8279140926754818,677.6476848548818,818.5,1
TXN_004301,1183.7,network_error,retry_later,0.6768868513320908,801.2309659217959,1183.7,1
TXN_004302,461.45,authentication_failed,customer_followup,0.21599615894120863,99.67142754342072,0.0,0
TXN_004303,682.58,limit_exceeded,alternate_payment,0.5663242385597469,386.56159875611206,682.58,1
TXN_004304,3653.45,card_expired,customer_followup,0.36252894499339156,1324.4813740861064,3653.45,1
TXN_004305,489.13,card_expired,customer_followup,0.6405632538763909,313.31870436855905,489.13,1
TXN_004306,365.82,authentication_failed,customer_followup,0.7032339500297826,257.2570435998951,365.82,1
TXN_004307,962.92,authentication_failed,customer_followup,0.34345638513199117,330.7210223712969,962.92,1
TXN_004308,3759.18,authentication_failed,customer_followup,0.3238886717000372,1217.555816881346,0.0,0
TXN_004309,1484.86,network_error,retry,0.8915291783379844,1323.7960157469395,1484.86,1
TXN_004310,1136.17,authentication_failed,customer_followup,0.49133942181204093,558.2451108801865,0.0,0
TXN_004311,1890.05,limit_exceeded,alternate_payment,0.30508190021905746,576.6200455090295,1890.05,1
TXN_004312,315.54,card_expired,customer_followup,0.32714089253419415,103.22603723023963,0.0,0
TXN_004313,2965.22,bank_decline,alternate_payment,0.33686002253971614,998.8640760352171,2965.22,1
TXN_004314,2652.97,insufficient_funds,retry_later,0.6991726461077188,1854.8840549443946,0.0,0
TXN_004315,1200.74,bank_decline,alternate_payment,0.8258139111216594,991.5877956402213,0.0,0
TXN_004316,4943.97,card_expired,customer_followup,0.27086334079805036,1339.140231005337,4943.97,1
TXN_004317,585.52,card_expired,customer_followup,0.33290612194621083,194.92319252194537,0.0,0
TXN_004318,5585.39,limit_exceeded,alternate_payment,0.41809701177763947,2335.2348686127098,5585.39,1
TXN_004319,2110.11,limit_exceeded,alternate_payment,0.4807940328982298,1014.5282967588838,2110.11,1
TXN_004320,1291.36,authentication_failed,customer_followup,0.2680505412610277,346.14974696284065,1291.36,1
TXN_004321,1772.46,bank_decline,alternate_payment,0.3091662529792709,547.9848167556386,0.0,0
TXN_004322,1624.14,bank_decline,alternate_payment,0.2606176813243876,423.27960094619095,0.0,0
TXN_004323,6125.91,network_error,retry_later,0.7319581200937895,4483.909567463746,0.0,0
TXN_004324,616.05,network_error,retry,0.6686332645301682,411.9115226138101,616.05,1
TXN_004325,843.43,limit_exceeded,alternate_payment,0.4728139199665062,398.7854445173503,843.43,1
TXN_004326,5096.47,network_error,retry,0.8597003100667283,4381.436839245779,0.0,0
TXN_004327,996.72,bank_decline,alternate_payment,0.8247201404607928,822.0150584000814,996.72,1
TXN_004328,4449.44,authentication_failed,customer_followup,0.7847666309519037,3491.772038422638,0.0,0
TXN_004329,9891.55,insufficient_funds,retry_later,0.40831088984228603,4038.827582419464,9891.55,1
TXN_004330,1209.79,bank_decline,alternate_payment,0.6402014925641877,774.5093636892286,1209.79,1
TXN_004331,3573.72,authentication_failed,customer_followup,0.3275595530431789,1170.6061259014693,3573.72,1
TXN_004332,570.38,insufficient_funds,retry_later,0.2459612617788431,140.29138449341653,570.38,1
TXN_004333,3845.79,authentication_failed,customer_followup,0.25678483272448466,987.5405418434958,3845.79,1
TXN_004334,2207.08,authentication_failed,customer_followup,0.680093073588485,1501.0198208556735,2207.08,1
TXN_004335,2901.66,network_error,retry,0.8807061530418403,2555.5098160353864,2901.66,1
TXN_004336,948.07,bank_decline,alternate_payment,0.5726241774963194,542.8878039589356,948.07,1
TXN_004337,343.41,insufficient_funds,retry_later,0.36160425603814006,124.17851756605769,0.0,0
TXN_004338,2990.67,network_error,retry_later,0.62171563792665,1859.3463068780943,0.0,0
TXN_004339,229.66,insufficient_funds,retry_later,0.5053906378837739,116.06801389638751,229.66,1
TXN_004340,1316.39,limit_exceeded,alternate_payment,0.29926635729522155,393.95124007985675,1316.39,1
TXN_004341,4634.03,insufficient_funds,retry_later,0.37086517995829293,1718.600369882128,4634.03,1
TXN_004342,2190.53,card_expired,customer_followup,0.5308848778422413,1162.9192514597648,2190.53,1
TXN_004343,12687.12,insufficient_funds,retry_later,0.4702160337739527,5965.687246414192,0.0,0
TXN_004344,5039.74,authentication_failed,customer_followup,0.43784465248736704,2206.623208926683,0.0,0
TXN_004345,940.21,insufficient_funds,retry_later,0.4088327301290414,384.38862119462607,940.21,1
TXN_004346,1858.11,limit_exceeded,alternate_payment,0.4055948151179011,753.6397819187231,1858.11,1
TXN_004347,1724.39,network_error,retry,0.7578573098824026,1306.8415665881164,1724.39,1
TXN_004348,371.6,limit_exceeded,alternate_payment,0.5679280709394277,211.04207116109134,371.6,1
TXN_004349,705.99,card_expired,customer_followup,0.7063194648885636,498.654479016677,0.0,0
TXN_004350,1031.98,card_expired,customer_followup,0.3340962304350832,344.7806278843972,0.0,0
TXN_004351,235.99,limit_exceeded,alternate_payment,0.3034265928243868,71.60564164062704,0.0,0
TXN_004352,1895.98,authentication_failed,customer_followup,0.2662020359735123,504.7137361650598,1895.98,1
TXN_004353,1409.41,network_error,retry_later,0.7622137888381355,1074.2717361263567,1409.41,1
TXN_004354,339.38,card_expired,customer_followup,0.307218082539538,104.2636728522684,0.0,0
TXN_004355,2708.67,card_expired,customer_followup,0.42312767573453025,1146.1132414318502,2708.67,1
TXN_004356,3699.2,limit_exceeded,alternate_payment,0.29904765714900433,1106.2370933255968,3699.2,1
TXN_004357,2268.86,card_expired,customer_followup,0.34427889163582437,781.1206060768566,2268.86,1
TXN_004358,1307.58,bank_decline,alternate_payment,0.389036613211895,508.69649470360963,0.0,0
TXN_004359,3266.39,network_error,retry,0.877965864747708,2867.7789209532657,3266.39,1
TXN_004360,3569.64,card_expired,customer_followup,0.36675569725670515,1309.185807155425,3569.64,1
TXN_004361,2458.74,network_error,retry_later,0.4500776863355682,1106.6240105007148,2458.74,1
TXN_004362,792.65,authentication_failed,customer_followup,0.8153946736562003,646.3225880735872,792.65,1
TXN_004363,2384.16,network_error,retry_later,0.4776545160428647,1138.8047909687562,0.0,0
TXN_004364,5975.84,authentication_failed,customer_followup,0.4054587084290312,2422.9563681785417,5975.84,1
TXN_004365,995.63,bank_decline,alternate_payment,0.8623781961211663,858.6096034041168,995.63,1
TXN_004366,14734.39,authentication_failed,customer_followup,0.521211303146673,7679.730612971306,14734.39,1
TXN_004367,1068.88,limit_exceeded,alternate_payment,0.4733930124361455,506.00032313274727,1068.88,1
TXN_004368,1867.6,authentication_failed,customer_followup,0.3277744925865356,612.151642354614,1867.6,1
TXN_004369,922.89,insufficient_funds,retry_later,0.6506242775848133,600.4546395402484,922.89,1
TXN_004370,2260.34,authentication_failed,customer_followup,0.33533996202508093,757.9823297637715,2260.34,1
TXN_004371,316.64,bank_decline,alternate_payment,0.5614581098437104,177.78009590091244,316.64,1
TXN_004372,1047.29,authentication_failed,customer_followup,0.3276335580433191,343.12734900318765,1047.29,1
TXN_004373,606.61,authentication_failed,customer_followup,0.2787739214820438,169.10704851022257,606.61,1
TXN_004374,2070.07,bank_decline,alternate_payment,0.5339487132757207,1105.3112128906712,2070.07,1
TXN_004375,4887.55,authentication_failed,customer_followup,0.3331851570926028,1628.459114547951,4887.55,1
TXN_004376,3449.57,authentication_failed,customer_followup,0.4036304284228127,1392.3514169744822,3449.57,1
TXN_004377,168.74,network_error,retry_later,0.4613821879410801,77.85363039317787,168.74,1
TXN_004378,13933.76,limit_exceeded,alternate_payment,0.3722057494489916,5186.225583442381,0.0,0
TXN_004379,2429.11,insufficient_funds,retry_later,0.4781831160974238,1161.5593891434132,2429.11,1
TXN_004380,831.72,authentication_failed,customer_followup,0.3286385044179193,273.33521689447184,831.72,1
TXN_004381,2115.67,card_expired,customer_followup,0.6959289316674984,1472.3559628609762,2115.67,1
TXN_004382,2156.39,bank_decline,alternate_payment,0.4170277515606335,899.2744731878344,2156.39,1
TXN_004383,928.11,card_expired,customer_followup,0.32175301871445233,298.62219419907035,928.11,1
TXN_004384,2203.75,limit_exceeded,alternate_payment,0.41285187189622685,909.8223126913099,2203.75,1
TXN_004385,984.89,card_expired,customer_followup,0.5378092291749366,529.6829317221033,0.0,0
TXN_004386,1206.69,card_expired,customer_followup,0.7793349196809274,940.4156542297783,1206.69,1
TXN_004387,910.25,limit_exceeded,alternate_payment,0.2937545824841366,267.39010870618534,0.0,0
TXN_004388,431.53,limit_exceeded,alternate_payment,0.30669594600819244,132.34850158091527,431.53,1
TXN_004389,2091.92,card_expired,customer_followup,0.4779725640909897,999.8803662732232,2091.92,1
TXN_004390,3246.39,bank_decline,alternate_payment,0.471134909044171,1529.4876573719062,3246.39,1
TXN_004391,3025.66,insufficient_funds,retry_later,0.547386838894338,1656.2064629690428,3025.66,1
TXN_004392,4104.85,limit_exceeded,alternate_payment,0.5276833056360236,2166.0608171400318,4104.85,1
TXN_004393,2500.74,card_expired,customer_followup,0.4354425447104638,1088.9285892592452,2500.74,1
TXN_004394,1061.33,limit_exceeded,alternate_payment,0.5444763550997958,577.8690899580662,1061.33,1
TXN_004395,4186.68,limit_exceeded,alternate_payment,0.32355053848260007,1354.6025684543322,0.0,0
TXN_004396,465.21,network_error,retry,0.6934918486858525,322.6193429271454,465.21,1
TXN_004397,734.6,authentication_failed,customer_followup,0.6456137573434925,474.2678661445296,734.6,1
TXN_004398,689.39,card_expired,customer_followup,0.42850655002016624,295.4081305184024,689.39,1
TXN_004399,5324.4,card_expired,customer_followup,0.5585244629660822,2973.8076506166076,5324.4,1
TXN_004400,4641.48,authentication_failed,customer_followup,0.39165104700156433,1817.8405016368206,4641.48,1
TXN_004401,2943.35,authentication_failed,customer_followup,0.32041831718621816,943.1032538900552,2943.35,1
TXN_004402,5281.31,limit_exceeded,alternate_payment,0.5012365269977351,2647.1854823984086,5281.31,1
TXN_004403,750.48,bank_decline,alternate_payment,0.8069654249763045,605.611412136217,750.48,1
TXN_004404,2562.13,limit_exceeded,alternate_payment,0.4155996538164946,1064.8203410328554,2562.13,1
TXN_004405,1595.31,authentication_failed,customer_followup,0.28703614315693393,457.91162953968825,0.0,0
TXN_004406,4217.01,insufficient_funds,retry_later,0.7596006714637378,3203.243627569297,4217.01,1
TXN_004407,1611.27,network_error,retry,0.6827807972094913,1100.144215119737,0.0,0
TXN_004408,1230.35,card_expired,customer_followup,0.5793717303168977,712.830008395395,1230.35,1
TXN_004409,3105.43,bank_decline,alternate_payment,0.7631084937894372,2369.780009868532,3105.43,1
TXN_004410,4342.34,card_expired,customer_followup,0.6546034411419837,2842.5107066084815,4342.34,1
TXN_004411,926.72,insufficient_funds,retry_later,0.37100503152023107,343.8177828104285,926.72,1
TXN_004412,1700.92,limit_exceeded,alternate_payment,0.2793993481809427,475.2359393079291,1700.92,1
TXN_004413,627.38,card_expired,customer_followup,0.4035170451797663,253.15852380488175,627.38,1
TXN_004414,148.7,network_error,retry_later,0.5105319367483205,75.91609899447526,0.0,0
TXN_004415,2209.36,insufficient_funds,retry_later,0.6125831746557284,1353.4167627573802,2209.36,1
TXN_004416,3323.94,card_expired,customer_followup,0.5202173576103504,1729.1712836553481,3323.94,1
TXN_004417,2349.76,limit_exceeded,alternate_payment,0.5668504611233701,1331.9625395292503,2349.76,1
TXN_004418,257.35,authentication_failed,customer_followup,0.7305733655884437,188.013055634186,257.35,1
TXN_004419,1273.02,authentication_failed,customer_followup,0.24774240444445975,315.3810357058861,1273.02,1
TXN_004420,196.69,limit_exceeded,alternate_payment,0.638450004320156,125.57673134973147,196.69,1
TXN_004421,7113.15,network_error,retry,0.7119024516688649,5063.868924088386,7113.15,1
TXN_004422,610.3,insufficient_funds,retry_later,0.589649842332467,359.8632987755046,0.0,0
TXN_004423,6344.88,bank_decline,alternate_payment,0.3975660258878576,2522.50872633535,6344.88,1
TXN_004424,4655.8,authentication_failed,customer_followup,0.3021186275656678,1406.6039062202362,0.0,0
TXN_004425,734.66,authentication_failed,customer_followup,0.3394672929271629,249.39304142186947,734.66,1
TXN_004426,582.43,card_expired,customer_followup,0.6423647612918477,374.1325079192108,582.43,1
TXN_004427,2566.68,insufficient_funds,retry_later,0.48587870199791494,1247.0951468440082,2566.68,1
TXN_004428,777.18,authentication_failed,customer_followup,0.5294810328228939,411.5020690892967,777.18,1
TXN_004429,2003.17,card_expired,customer_followup,0.47464488097357005,950.7943862198264,2003.17,1
TXN_004430,1115.63,bank_decline,alternate_payment,0.36668931035591973,409.08959531237474,0.0,0
TXN_004431,304.55,bank_decline,alternate_payment,0.6818319009446634,207.65190543269725,304.55,1
TXN_004432,194.32,authentication_failed,customer_followup,0.37255548760272483,72.39498235096148,194.32,1
TXN_004433,2268.07,authentication_failed,customer_followup,0.29742960547391056,674.5911652872123,2268.07,1
TXN_004434,1031.16,authentication_failed,customer_followup,0.30184614989293945,311.25167592360344,0.0,0
TXN_004435,1039.93,insufficient_funds,retry_later,0.31076335588295284,323.17213668335916,1039.93,1
TXN_004436,3625.92,authentication_failed,customer_followup,0.39097459816620056,1417.64261498279,3625.92,1
TXN_004437,5845.59,card_expired,customer_followup,0.5563533528355986,3252.213595802247,5845.59,1
TXN_004438,1376.71,bank_decline,alternate_payment,0.3467631799431081,477.3923374594764,0.0,0
TXN_004439,1286.14,insufficient_funds,retry_later,0.6098306515493106,784.3275941836304,0.0,0
TXN_004440,2981.38,bank_decline,alternate_payment,0.6839832987394128,2039.2141271957105,2981.38,1
TXN_004441,465.48,insufficient_funds,retry_later,0.3038115799261144,141.41821422400773,0.0,0
TXN_004442,2260.07,bank_decline,alternate_payment,0.4104730780731346,927.6978895607493,0.0,0
TXN_004443,3139.71,limit_exceeded,alternate_payment,0.24048188203429177,755.0433698418863,3139.71,1
TXN_004444,3569.68,authentication_failed,customer_followup,0.24923591080227334,889.6924460726591,3569.68,1
TXN_004445,260.67,authentication_failed,customer_followup,0.6034467421726366,157.30046228214118,260.67,1
TXN_004446,844.42,card_expired,customer_followup,0.714937452419578,603.70748357214,0.0,0
TXN_004447,751.25,authentication_failed,customer_followup,0.38418809894950523,288.6213093358158,751.25,1
TXN_004448,1997.97,bank_decline,alternate_payment,0.33340684028891177,666.1368646920371,0.0,0
TXN_004449,2924.11,card_expired,customer_followup,0.38795618486450956,1134.426559724161,2924.11,1
TXN_004450,8076.47,bank_decline,alternate_payment,0.5382836536309943,4347.431780041116,8076.47,1
TXN_004451,1102.17,network_error,retry,0.8504570249263173,937.3482191630392,1102.17,1
TXN_004452,1099.3,card_expired,customer_followup,0.3158779715552144,347.2446541306472,1099.3,1
TXN_004453,5708.27,card_expired,customer_followup,0.39067682930063385,2230.0888243919294,0.0,0
TXN_004454,2432.26,insufficient_funds,retry_later,0.45465645514824127,1105.8427095988613,0.0,0
TXN_004455,6423.07,limit_exceeded,alternate_payment,0.538953944969272,3461.7389153137815,0.0,0
TXN_004456,2413.25,bank_decline,alternate_payment,0.6067037069737299,1464.1277208543536,2413.25,1
TXN_004457,568.43,bank_decline,alternate_payment,0.26383258661581116,149.97035721002553,0.0,0
TXN_004458,476.69,bank_decline,alternate_payment,0.5377337283313269,256.3322909582602,476.69,1
TXN_004459,383.17,authentication_failed,customer_followup,0.4427276456142266,169.6399519700032,383.17,1
TXN_004460,3505.37,insufficient_funds,retry_later,0.41116306135905056,1441.278660396175,3505.37,1
TXN_004461,5934.85,insufficient_funds,retry_later,0.6913434870877684,4103.019894342842,5934.85,1
TXN_004462,11491.49,bank_decline,alternate_payment,0.3278605954872551,3767.606754435837,11491.49,1
TXN_004463,4201.12,authentication_failed,customer_followup,0.8628816624070699,3625.0694095715894,0.0,0
TXN_004464,5783.93,bank_decline,alternate_payment,0.4680013290129157,2706.8869269176735,5783.93,1
TXN_004465,1012.3,authentication_failed,customer_followup,0.2611296353076138,264.34152982189744,0.0,0
TXN_004466,568.83,limit_exceeded,alternate_payment,0.7862569131532817,447.24651990898127,568.83,1
TXN_004467,4230.52,network_error,retry_later,0.6188197476795454,2617.9293189532705,4230.52,1
TXN_004468,2745.4,insufficient_funds,retry_later,0.5903786136836076,1620.8254460069763,2745.4,1
TXN_004469,2013.13,network_error,retry_later,0.5186640460787598,1044.1381510825338,0.0,0
TXN_004470,2663.43,card_expired,customer_followup,0.4905776444240135,1306.6192154882503,0.0,0
TXN_004471,2497.85,insufficient_funds,retry_later,0.6251216903473853,1561.4602142342162,0.0,0
TXN_004472,6527.75,network_error,retry,0.6584101779347599,4297.937039013629,0.0,0
TXN_004473,6601.06,network_error,retry,0.7185553239506814,4743.226806717886,6601.06,1
TXN_004474,3115.73,card_expired,customer_followup,0.4448698905064794,1386.0944639477532,3115.73,1
TXN_004475,4212.46,authentication_failed,customer_followup,0.3905726685021319,1645.2717431584906,4212.46,1
TXN_004476,3023.17,limit_exceeded,alternate_payment,0.312574981175536,944.9673058404452,3023.17,1
TXN_004477,1140.05,limit_exceeded,alternate_payment,0.3001860272305405,342.2270803441777,1140.05,1
TXN_004478,3852.84,limit_exceeded,alternate_payment,0.2776559470741593,1069.763939125204,3852.84,1
TXN_004479,448.32,card_expired,customer_followup,0.45261996650044756,202.91858338148066,448.32,1
TXN_004480,5186.9,authentication_failed,customer_followup,0.884644983557272,4588.5650652132135,5186.9,1
TXN_004481,547.56,limit_exceeded,alternate_payment,0.3068920009418541,168.0417840357216,547.56,1
TXN_004482,2406.2,card_expired,customer_followup,0.41149946755692246,990.1500188354668,2406.2,1
TXN_004483,776.54,insufficient_funds,retry_later,0.4607414587207971,357.78417235504776,776.54,1
TXN_004484,3144.43,limit_exceeded,alternate_payment,0.2958601740031039,930.3116069405798,3144.43,1
TXN_004485,1747.73,network_error,retry,0.6016875584004076,1051.5873964431444,1747.73,1
TXN_004486,366.96,network_error,retry,0.5197836013091603,190.73979033640947,366.96,1
TXN_004487,2753.7,authentication_failed,customer_followup,0.26804568030298276,738.1173898503235,2753.7,1
TXN_004488,1014.43,card_expired,customer_followup,0.791050849943387,802.4657137080701,1014.43,1
TXN_004489,4364.01,bank_decline,alternate_payment,0.35781094253451406,1561.4905313300449,0.0,0
TXN_004490,1810.44,insufficient_funds,retry_later,0.3164878325767627,572.9822316102743,1810.44,1
TXN_004491,2684.96,bank_decline,alternate_payment,0.782336737106069,2100.542845660311,2684.96,1
TXN_004492,693.97,network_error,retry,0.7949624574800088,551.6800966174018,693.97,1
TXN_004493,1002.92,limit_exceeded,alternate_payment,0.3593436860629015,360.3929696262052,1002.92,1
TXN_004494,1142.94,card_expired,customer_followup,0.689746811303524,788.3392205112498,1142.94,1
TXN_004495,4258.63,authentication_failed,customer_followup,0.8265226202806111,3519.8540264056187,4258.63,1
TXN_004496,9675.74,authentication_failed,customer_followup,0.4578461191394235,4430.000008802086,9675.74,1
TXN_004497,808.22,limit_exceeded,alternate_payment,0.6130470105995083,495.4768549067346,808.22,1
TXN_004498,5307.35,limit_exceeded,alternate_payment,0.37443809210350043,1987.274008125513,5307.35,1
TXN_004499,206.5,authentication_failed,customer_followup,0.37130691551375766,76.67487805359096,206.5,1
TXN_004500,547.75,network_error,retry_later,0.6386741773840046,349.8337806620885,547.75,1
TXN_004501,693.13,insufficient_funds,retry_later,0.4286701043382296,297.1241094199571,693.13,1
TXN_004502,467.54,bank_decline,alternate_payment,0.29239260021310315,136.70523630363425,467.54,1
TXN_004503,371.08,network_error,retry_later,0.6493844828552089,240.97359389791092,371.08,1
TXN_004504,2732.57,card_expired,customer_followup,0.33860011555074876,925.2485177505096,2732.57,1
TXN_004505,1459.62,authentication_failed,customer_followup,0.7666500927243789,1119.0178083423577,1459.62,1
TXN_004506,2642.3,card_expired,customer_followup,0.31968022945553315,844.6910702903552,2642.3,1
TXN_004507,3606.43,network_error,retry_later,0.6952169085767633,2507.2511155984967,0.0,0
TXN_004508,2358.11,card_expired,customer_followup,0.4492988164228952,1059.4960319949935,2358.11,1
TXN_004509,3490.37,bank_decline,alternate_payment,0.3473415907314093,1212.350668041189,3490.37,1
TXN_004510,1686.6,authentication_failed,customer_followup,0.4812860384058434,811.7370323752954,0.0,0
TXN_004511,551.7,bank_decline,alternate_payment,0.4249400530401414,234.43942726224603,551.7,1
TXN_004512,5207.29,authentication_failed,customer_followup,0.3002299627437811,1563.384482696064,5207.29,1
TXN_004513,1003.14,authentication_failed,customer_followup,0.3379235754051565,338.9846554319287,1003.14,1
TXN_004514,709.39,card_expired,customer_followup,0.6572904698343531,466.27528639579174,709.39,1
TXN_004515,1513.35,card_expired,customer_followup,0.23890332427636798,361.54434579364147,0.0,0
TXN_004516,725.74,authentication_failed,customer_followup,0.4842696299521393,351.45384124146557,725.74,1
TXN_004517,1191.03,authentication_failed,customer_followup,0.44286854064301173,527.4697179620463,1191.03,1
TXN_004518,2550.52,card_expired,customer_followup,0.42068295769468345,1072.960297259444,0.0,0
TXN_004519,2561.48,card_expired,customer_followup,0.5024662896971896,1287.0573517335574,2561.48,1
TXN_004520,736.69,network_error,retry_later,0.5651663692218356,416.35241254203413,736.69,1
TXN_004521,1110.2,card_expired,customer_followup,0.3077112278522022,341.62100516151486,0.0,0
TXN_004522,5294.02,bank_decline,alternate_payment,0.31660545586024963,1676.115615433279,5294.02,1
TXN_004523,2970.25,network_error,retry_later,0.5738120328426504,1704.3651905508823,0.0,0
TXN_004524,14401.17,limit_exceeded,alternate_payment,0.762903077001329,10986.696905419229,14401.17,1
TXN_004525,5884.8,bank_decline,alternate_payment,0.3566152913258792,2098.609666394534,0.0,0
TXN_004526,5677.65,network_error,retry,0.7154735985049647,4062.208676551713,5677.65,1
TXN_004527,451.3,network_error,retry,0.7026752862658772,317.11735669179035,451.3,1
TXN_004528,3881.05,authentication_failed,customer_followup,0.44301379357529624,1719.3586835554036,0.0,0
TXN_004529,1714.53,network_error,retry_later,0.340290486793254,583.4382483216378,0.0,0
TXN_004530,1042.13,limit_exceeded,alternate_payment,0.2855970208977087,297.6292233881292,1042.13,1
TXN_004531,2138.83,insufficient_funds,retry_later,0.31765426174066486,679.4084646387862,2138.83,1
TXN_004532,4652.74,network_error,retry_later,0.6667805733233139,3102.356644724315,4652.74,1
TXN_004533,2983.44,network_error,retry,0.8836548696239123,2636.331284230765,2983.44,1
TXN_004534,751.09,bank_decline,alternate_payment,0.3803290488912674,285.66134533174204,751.09,1
TXN_004535,3798.87,network_error,retry,0.7765343835556138,2949.9531736579142,3798.87,1
TXN_004536,955.67,card_expired,customer_followup,0.35983109020232146,343.87977797365255,955.67,1
TXN_004537,2245.5,limit_exceeded,alternate_payment,0.2841366090371961,638.0287555930239,2245.5,1
TXN_004538,1334.95,bank_decline,alternate_payment,0.2942013770679266,392.7441283168286,0.0,0
TXN_004539,1452.63,bank_decline,alternate_payment,0.5870288268408999,852.7356847338964,1452.63,1
TXN_004540,3890.31,bank_decline,alternate_payment,0.43555535223532005,1694.4453423545879,3890.31,1
TXN_004541,638.94,bank_decline,alternate_payment,0.3843984337665497,245.60753527079927,638.94,1
TXN_004542,12647.25,card_expired,customer_followup,0.40268362924395884,5092.840529955659,12647.25,1
TXN_004543,292.63,bank_decline,alternate_payment,0.641710484849909,187.78373918162887,292.63,1
TXN_004544,994.59,limit_exceeded,alternate_payment,0.618473209723228,615.1272696586253,994.59,1
TXN_004545,2618.12,bank_decline,alternate_payment,0.24223999704888421,634.2133810736248,2618.12,1
TXN_004546,3243.19,card_expired,customer_followup,0.4435609389765169,1438.55240167925,0.0,0
TXN_004547,1635.21,limit_exceeded,alternate_payment,0.3388395271986272,554.0737832704672,1635.21,1
TXN_004548,1707.2,network_error,retry_later,0.5132874179643564,876.2842799487493,0.0,0
TXN_004549,2725.89,insufficient_funds,retry_later,0.8670274877121016,2363.4215584795406,2725.89,1
TXN_004550,1435.01,network_error,retry_later,0.525366767812819,753.9065654790734,0.0,0
TXN_004551,7282.15,limit_exceeded,alternate_payment,0.422266855967233,3075.0105851817857,0.0,0
TXN_004552,4185.36,card_expired,customer_followup,0.43592660350666157,1824.509769252641,4185.36,1
TXN_004553,4327.84,network_error,retry,0.8458210672690121,3660.578247769521,4327.84,1
TXN_004554,688.04,bank_decline,alternate_payment,0.6869851725667375,472.67327813281804,0.0,0
TXN_004555,1670.05,card_expired,customer_followup,0.30697007722157343,512.6553774638887,0.0,0
TXN_004556,1338.81,card_expired,customer_followup,0.6175604137662205,826.7960575543536,1338.81,1
TXN_004557,661.43,insufficient_funds,retry_later,0.5231404159365579,346.0207653129175,661.43,1
TXN_004558,2591.95,insufficient_funds,retry_later,0.7982467788490512,2069.015738437798,2591.95,1
TXN_004559,1056.12,limit_exceeded,alternate_payment,0.34062785855946565,359.7438939818228,0.0,0
TXN_004560,3482.15,limit_exceeded,alternate_payment,0.31686405440594617,1103.3681670496655,0.0,0
TXN_004561,620.06,network_error,retry,0.5818168831532979,360.7613765680339,620.06,1
TXN_004562,10087.38,bank_decline,alternate_payment,0.8508161817249891,8582.50613520902,10087.38,1
TXN_004563,737.8,insufficient_funds,retry_later,0.2851153230138156,210.35808531959313,0.0,0
TXN_004564,2251.39,network_error,retry_later,0.45120397540590257,1015.8361181890949,2251.39,1
TXN_004565,3991.25,network_error,retry_later,0.3461343284488118,1381.5086384213203,3991.25,1
TXN_004566,1021.84,authentication_failed,customer_followup,0.596734464864573,609.7671455772154,0.0,0
TXN_004567,4240.64,authentication_failed,customer_followup,0.3586702906990773,1520.9915815501354,4240.64,1
TXN_004568,528.91,bank_decline,alternate_payment,0.5176414671536689,273.785748392247,528.91,1
TXN_004569,7724.23,authentication_failed,customer_followup,0.21331126355366326,1647.6652612791122,7724.23,1
TXN_004570,1833.81,bank_decline,alternate_payment,0.4068810240611074,746.1424907334992,0.0,0
TXN_004571,995.84,bank_decline,alternate_payment,0.49290290993516106,490.85243382983083,995.84,1
TXN_004572,1340.53,limit_exceeded,alternate_payment,0.3251589667488717,435.88534969586493,1340.53,1
TXN_004573,4059.92,card_expired,customer_followup,0.4026544715866439,1634.7449422840473,4059.92,1
TXN_004574,1007.82,network_error,retry,0.8880007386115387,894.944904387481,1007.82,1
TXN_004575,854.61,authentication_failed,customer_followup,0.8271036884221146,706.8510831624234,854.61,1
TXN_004576,1448.76,insufficient_funds,retry_later,0.3308272808160207,479.28933135501813,1448.76,1
TXN_004577,557.26,bank_decline,alternate_payment,0.6464896277840155,360.2628099789205,557.26,1
TXN_004578,11165.05,bank_decline,alternate_payment,0.5260953008375877,5873.880338616708,11165.05,1
TXN_004579,1026.19,network_error,retry_later,0.47917359845643526,491.72315500000934,0.0,0
TXN_004580,4153.13,network_error,retry_later,0.6322696231872509,2625.897940147667,0.0,0
TXN_004581,2229.36,authentication_failed,customer_followup,0.44704799162422004,996.6309106073712,0.0,0
TXN_004582,675.51,authentication_failed,customer_followup,0.22545105898360931,152.29444485401794,675.51,1
TXN_004583,1797.31,bank_decline,alternate_payment,0.739750108890427,1329.5602682098533,1797.31,1
TXN_004584,3960.01,card_expired,customer_followup,0.3222411507259282,1276.0781792861828,0.0,0
TXN_004585,1497.78,limit_exceeded,alternate_payment,0.5562006049429111,833.0661420713934,0.0,0
TXN_004586,5961.71,insufficient_funds,retry_later,0.6955402982142482,4146.609551266866,0.0,0
TXN_004587,5021.66,insufficient_funds,retry_later,0.28194287260971246,1415.8212456692886,5021.66,1
TXN_004588,4531.98,bank_decline,alternate_payment,0.3641335950513657,1650.2461701008883,4531.98,1
TXN_004589,1141.78,network_error,retry_later,0.4102818608076312,468.4516230329371,0.0,0
TXN_004590,614.1,limit_exceeded,alternate_payment,0.5057838698620347,310.60187448227555,614.1,1
TXN_004591,978.88,bank_decline,alternate_payment,0.25151310031263796,246.20114363403505,0.0,0
TXN_004592,2200.06,bank_decline,alternate_payment,0.728675624839336,1603.1300951840296,2200.06,1
TXN_004593,3120.62,insufficient_funds,retry_later,0.8574828489733017,2675.878128163065,3120.62,1
TXN_004594,206.11,limit_exceeded,alternate_payment,0.7167723826546093,147.73395578894153,206.11,1
TXN_004595,1793.43,bank_decline,alternate_payment,0.41506279326890816,744.386065332258,1793.43,1
TXN_004596,2117.71,limit_exceeded,alternate_payment,0.7572719916813286,1603.6824695034666,2117.71,1
TXN_004597,1369.85,bank_decline,alternate_payment,0.5788050441395953,792.8760897146246,0.0,0
TXN_004598,6576.6,network_error,retry,0.8115808780098217,5337.442802319394,6576.6,1
TXN_004599,2756.67,card_expired,customer_followup,0.2972281660281372,819.359968444785,2756.67,1
TXN_004600,6702.21,insufficient_funds,retry_later,0.6447585089748153,4321.3069264360975,6702.21,1
TXN_004601,1456.86,card_expired,customer_followup,0.3605155501717038,525.2206844231483,1456.86,1
TXN_004602,4616.89,limit_exceeded,alternate_payment,0.35304615210696383,1629.9752492011203,0.0,0
TXN_004603,9274.89,network_error,retry,0.5918958840903324,5489.769216390583,0.0,0
TXN_004604,6712.28,authentication_failed,customer_followup,0.29468907126095584,1978.0355592434885,6712.28,1
TXN_004605,606.59,limit_exceeded,alternate_payment,0.586912342603034,356.01515789957443,606.59,1
TXN_004606,1402.94,limit_exceeded,alternate_payment,0.4043236870006549,567.2418734406988,0.0,0
TXN_004607,1280.28,limit_exceeded,alternate_payment,0.32550059718368285,416.7319045623255,0.0,0
TXN_004608,2949.1,bank_decline,alternate_payment,0.524741298517621,1547.514563458316,2949.1,1
TXN_004609,3591.6,card_expired,customer_followup,0.7537712991070986,2707.244997873055,0.0,0
TXN_004610,781.42,bank_decline,alternate_payment,0.25737210697516566,201.11571183253395,781.42,1
TXN_004611,1934.95,bank_decline,alternate_payment,0.6662086018392424,1289.080334128842,1934.95,1
TXN_004612,239.86,insufficient_funds,retry_later,0.40797234246035213,97.85624606254007,239.86,1
TXN_004613,7646.05,card_expired,customer_followup,0.6128453623606033,4685.846282877291,7646.05,1
TXN_004614,1083.15,limit_exceeded,alternate_payment,0.4253509366450158,460.7188670270489,1083.15,1
TXN_004615,1911.92,authentication_failed,customer_followup,0.32566231655968236,622.6402962767879,1911.92,1
TXN_004616,1326.57,insufficient_funds,retry_later,0.7575978430462029,1005.0065706498013,1326.57,1
TXN_004617,5687.51,bank_decline,alternate_payment,0.27178131648792847,1545.7589553382581,0.0,0
TXN_004618,105.9,card_expired,customer_followup,0.5001356579713111,52.96436617916185,0.0,0
TXN_004619,1778.26,card_expired,customer_followup,0.4023307397081002,715.4486611933262,1778.26,1
TXN_004620,1626.49,insufficient_funds,retry_later,0.5545584598829525,901.9837894150234,0.0,0
TXN_004621,1148.67,authentication_failed,customer_followup,0.7371518794903793,846.7442494142141,1148.67,1
TXN_004622,10160.13,insufficient_funds,retry_later,0.6091229670131345,6188.768530839157,0.0,0
TXN_004623,744.47,authentication_failed,customer_followup,0.27281761613337435,203.10453068281322,744.47,1
TXN_004624,3911.97,insufficient_funds,retry_later,0.7897014892068022,3089.2885347323336,3911.97,1
TXN_004625,2581.83,card_expired,customer_followup,0.4442207563690652,1146.9024754163436,0.0,0
TXN_004626,6383.8,bank_decline,alternate_payment,0.29485361157599366,1882.2864855788284,0.0,0
TXN_004627,927.8,authentication_failed,customer_followup,0.26088670879253273,242.05068841771185,927.8,1
TXN_004628,868.73,card_expired,customer_followup,0.3677379706185476,319.4650072154509,868.73,1
TXN_004629,5410.35,authentication_failed,customer_followup,0.3704078271329787,2004.0359875289114,5410.35,1
TXN_004630,2766.45,authentication_failed,customer_followup,0.3472108691571802,960.5415089798811,2766.45,1
TXN_004631,385.7,authentication_failed,customer_followup,0.5226932146258199,201.6027728811787,385.7,1
TXN_004632,1054.37,limit_exceeded,alternate_payment,0.5612910793837876,591.8084753698841,1054.37,1
TXN_004633,2660.8,insufficient_funds,retry_later,0.6789243241340581,1806.481841655902,2660.8,1
TXN_004634,4178.74,limit_exceeded,alternate_payment,0.2918134687232426,1219.4126142925627,0.0,0
TXN_004635,916.69,authentication_failed,customer_followup,0.7954963397257266,729.2235396631764,916.69,1
TXN_004636,98.08,limit_exceeded,alternate_payment,0.2762566004826957,27.09524737534279,0.0,0
TXN_004637,3051.0,bank_decline,alternate_payment,0.423175952577527,1291.1098313140349,3051.0,1
TXN_004638,533.62,authentication_failed,customer_followup,0.8290702116714299,442.40844635210846,533.62,1
TXN_004639,240.49,insufficient_funds,retry_later,0.3381811911502788,81.32919465973055,0.0,0
TXN_004640,106.45,authentication_failed,customer_followup,0.5164364211457546,54.97465703096558,0.0,0
TXN_004641,4080.52,insufficient_funds,retry_later,0.8461043667649969,3452.5457906719053,0.0,0
TXN_004642,2056.21,card_expired,customer_followup,0.8616202380082507,1771.6721495949453,2056.21,1
TXN_004643,1442.8,bank_decline,alternate_payment,0.6641226976126835,958.1962281155797,0.0,0
TXN_004644,7251.94,insufficient_funds,retry_later,0.7585679286475345,5501.089104476201,7251.94,1
TXN_004645,3419.76,network_error,retry_later,0.6197680847224999,2119.4581054106166,0.0,0
TXN_004646,9102.46,network_error,retry,0.9155838680224642,8334.065535319758,9102.46,1
TXN_004647,449.11,card_expired,customer_followup,0.29120779854051787,130.78433440253198,0.0,0
TXN_004648,1746.64,authentication_failed,customer_followup,0.23369946321475465,408.1888304294191,1746.64,1
TXN_004649,358.99,bank_decline,alternate_payment,0.2749438624964345,98.70209719759502,0.0,0
TXN_004650,1437.44,limit_exceeded,alternate_payment,0.40936726616602875,588.4408830776964,1437.44,1
TXN_004651,1410.06,card_expired,customer_followup,0.4412881040257915,622.2427039626075,1410.06,1
TXN_004652,3383.32,authentication_failed,customer_followup,0.4068956142576856,1376.6580696303129,3383.32,1
TXN_004653,1892.33,card_expired,customer_followup,0.499599732937245,945.4075626291368,1892.33,1
TXN_004654,3372.49,authentication_failed,customer_followup,0.33404263904150006,1126.5554597410685,0.0,0
TXN_004655,3653.5,authentication_failed,customer_followup,0.6663915741306208,2434.661616086223,3653.5,1
TXN_004656,15598.48,network_error,retry_later,0.4063352624003881,6338.212463847205,15598.48,1
TXN_004657,1319.1,card_expired,customer_followup,0.32273281109908586,425.7168511208041,0.0,0
TXN_004658,705.55,authentication_failed,customer_followup,0.6439509113969867,454.33956553614394,705.55,1
TXN_004659,2312.5,limit_exceeded,alternate_payment,0.6813332630995275,1575.5831709176573,2312.5,1
TXN_004660,810.56,bank_decline,alternate_payment,0.7481122558846556,606.3898701298664,810.56,1
TXN_004661,7958.22,bank_decline,alternate_payment,0.34715208832452754,2762.712692346022,7958.22,1
TXN_004662,1362.1,card_expired,customer_followup,0.6888760379853995,938.3180513399127,1362.1,1
TXN_004663,1027.03,insufficient_funds,retry_later,0.5800535978902259,595.7324466411987,1027.03,1
TXN_004664,1128.54,limit_exceeded,alternate_payment,0.48863164866863695,551.4403607885035,0.0,0
TXN_004665,3708.63,network_error,retry_later,0.4409142485280695,1635.1878095186544,0.0,0
TXN_004666,1544.19,limit_exceeded,alternate_payment,0.5240153376919853,809.1792443105868,1544.19,1
TXN_004667,951.78,network_error,retry_later,0.673569910827359,641.0903697272637,951.78,1
TXN_004668,9560.09,bank_decline,alternate_payment,0.5003798645817781,4783.676539589611,0.0,0
TXN_004669,768.03,network_error,retry,0.6873915117294163,527.9373027535436,768.03,1
TXN_004670,1873.5,card_expired,customer_followup,0.3387287868009007,634.6083820714874,0.0,0
TXN_004671,3471.38,insufficient_funds,retry_later,0.8611043539108079,2989.2204320789,3471.38,1
TXN_004672,353.78,limit_exceeded,alternate_payment,0.3165522086181792,111.98984036493943,0.0,0
TXN_004673,2922.69,card_expired,customer_followup,0.32366774347475913,945.9804771762438,0.0,0
TXN_004674,629.48,bank_decline,alternate_payment,0.37788976336278657,237.87404824160689,629.48,1
TXN_004675,4116.6,network_error,retry_later,0.5141025757942581,2116.354663514643,4116.6,1
TXN_004676,690.45,card_expired,customer_followup,0.3109764226695908,214.713671032219,0.0,0
TXN_004677,3614.72,insufficient_funds,retry_later,0.823771737692361,2977.704175671331,3614.72,1
TXN_004678,5463.44,limit_exceeded,alternate_payment,0.327075138021123,1786.955392070124,0.0,0
TXN_004679,4278.84,authentication_failed,customer_followup,0.3216339051703899,1376.2200187992712,4278.84,1
TXN_004680,2324.63,network_error,retry_later,0.577783058208804,1343.1318306039323,0.0,0
TXN_004681,1434.68,network_error,retry,0.7590022462354178,1088.9253426290293,1434.68,1
TXN_004682,1015.95,authentication_failed,customer_followup,0.295138138617803,299.845591928757,1015.95,1
TXN_004683,7871.74,network_error,retry_later,0.541852339930381,4265.320738323577,0.0,0
TXN_004684,898.3,card_expired,customer_followup,0.36145668525157687,324.6965403614915,898.3,1
TXN_004685,640.94,limit_exceeded,alternate_payment,0.2360218972249276,151.2758748073451,0.0,0
TXN_004686,3517.02,limit_exceeded,alternate_payment,0.5179265973471721,1821.558201401951,3517.02,1
TXN_004687,815.55,bank_decline,alternate_payment,0.21467040402859305,175.07444800551906,815.55,1
TXN_004688,699.2,network_error,retry,0.7908059920908259,552.9315496699055,699.2,1
TXN_004689,426.83,bank_decline,alternate_payment,0.3564068116128433,152.1251194007099,426.83,1
TXN_004690,1115.54,bank_decline,alternate_payment,0.5838452398381735,651.3027188490761,0.0,0
TXN_004691,1664.51,limit_exceeded,alternate_payment,0.41063292686367214,683.5026130938509,1664.51,1
TXN_004692,2305.59,card_expired,customer_followup,0.35572145898453633,820.1478386201571,2305.59,1
TXN_004693,4681.18,limit_exceeded,alternate_payment,0.31203647277190266,1460.6988956103753,4681.18,1
TXN_004694,3062.23,authentication_failed,customer_followup,0.27869949159148455,853.4419441361918,3062.23,1
TXN_004695,1493.87,limit_exceeded,alternate_payment,0.34467624282356674,514.9014988668416,1493.87,1
TXN_004696,1482.97,network_error,retry,0.8773649470112381,1301.1058954692558,1482.97,1
TXN_004697,3011.39,insufficient_funds,retry_later,0.5272066768139401,1587.6249144907308,3011.39,1
TXN_004698,6454.74,network_error,retry,0.8402285395509763,5423.4567633812685,6454.74,1
TXN_004699,2051.47,card_expired,customer_followup,0.2621854199679295,537.8655235016082,2051.47,1
TXN_004700,1131.01,card_expired,customer_followup,0.7345667560004885,830.8023467041124,0.0,0
TXN_004701,669.9,authentication_failed,customer_followup,0.2882503688965395,193.0989221237918,669.9,1
TXN_004702,426.15,bank_decline,alternate_payment,0.38966724285892884,166.0566955443325,426.15,1
TXN_004703,3520.19,insufficient_funds,retry_later,0.374022110525922,1316.6288932522455,0.0,0
TXN_004704,3222.71,network_error,retry_later,0.6276153624789341,2022.622304814486,0.0,0
TXN_004705,3220.73,insufficient_funds,retry_later,0.8648336187911705,2785.3955810492866,3220.73,1
TXN_004706,1589.76,bank_decline,alternate_payment,0.4161102174350536,661.5153792695509,1589.76,1
TXN_004707,7383.0,bank_decline,alternate_payment,0.6093619891083613,4498.919565587031,0.0,0
TXN_004708,1114.19,insufficient_funds,retry_later,0.6416112430684842,714.8768309144745,1114.19,1
TXN_004709,4699.77,card_expired,customer_followup,0.34167535714718206,1605.795593259612,0.0,0
TXN_004710,1739.33,bank_decline,alternate_payment,0.2515967705089002,437.60981084924543,0.0,0
TXN_004711,984.02,limit_exceeded,alternate_payment,0.266730979416271,262.468618365199,984.02,1
TXN_004712,3269.95,network_error,retry_later,0.7254529914494176,2372.1950093900227,3269.95,1
TXN_004713,2723.4,insufficient_funds,retry_later,0.4768475073204503,1298.6465014365144,2723.4,1
TXN_004714,2583.69,bank_decline,alternate_payment,0.5216989069606582,1347.9082489251832,2583.69,1
TXN_004715,1961.13,card_expired,customer_followup,0.37958273084408634,744.4110809402631,1961.13,1
TXN_004716,1740.81,insufficient_funds,retry_later,0.44679785631195684,777.7901762464176,1740.81,1
TXN_004717,19699.96,card_expired,customer_followup,0.7330466136382878,14440.988966809724,19699.96,1
TXN_004718,5909.15,network_error,retry_later,0.39762416919394356,2349.6208593923916,0.0,0
TXN_004719,3725.02,authentication_failed,customer_followup,0.3161136720389122,1177.5297506183888,3725.02,1
TXN_004720,2021.91,insufficient_funds,retry_later,0.5799553294869841,1172.6174802430282,0.0,0
TXN_004721,4950.07,network_error,retry_later,0.2990212027143385,1480.1758849201656,4950.07,1
TXN_004722,3035.09,card_expired,customer_followup,0.31103359727078317,944.0149607405814,3035.09,1
TXN_004723,1856.05,card_expired,customer_followup,0.42569671382900287,790.1143857023208,1856.05,1
TXN_004724,1334.67,card_expired,customer_followup,0.5951748481407384,794.3620145679994,1334.67,1
TXN_004725,1667.5,insufficient_funds,retry_later,0.7790844268213086,1299.123281724532,1667.5,1
TXN_004726,75.91,network_error,retry,0.7919540242289222,60.117229979217484,75.91,1
TXN_004727,2231.88,card_expired,customer_followup,0.2869115251103508,640.3520946632898,0.0,0
TXN_004728,1109.34,card_expired,customer_followup,0.2622110505223059,290.88120678641485,0.0,0
TXN_004729,8889.89,authentication_failed,customer_followup,0.3811857147326422,3388.6990735445684,8889.89,1
TXN_004730,1843.36,network_error,retry_later,0.686582493327003,1265.6187048992642,1843.36,1
TXN_004731,550.62,limit_exceeded,alternate_payment,0.4332429415443373,238.552228473143,550.62,1
TXN_004732,1720.07,network_error,retry,0.654972058770687,1126.5977891296955,1720.07,1
TXN_004733,635.16,authentication_failed,customer_followup,0.28480754124027385,180.89835789417234,0.0,0
TXN_004734,2902.73,card_expired,customer_followup,0.7570724157483002,2197.5768133650636,0.0,0
TXN_004735,2418.61,bank_decline,alternate_payment,0.39603455445861513,957.8531337591512,2418.61,1
TXN_004736,4711.87,limit_exceeded,alternate_payment,0.3524698678583207,1660.7921962655855,4711.87,1
TXN_004737,819.85,card_expired,customer_followup,0.8255835573282668,676.8546794755796,819.85,1
TXN_004738,1870.59,bank_decline,alternate_payment,0.31196903033632545,583.566148456827,1870.59,1
TXN_004739,461.73,limit_exceeded,alternate_payment,0.30370642805139386,140.2303690241701,461.73,1
TXN_004740,3646.4,card_expired,customer_followup,0.26725638223019743,974.5236721641919,0.0,0
TXN_004741,3037.75,network_error,retry,0.9101488392619382,2764.804636467953,3037.75,1
TXN_004742,2968.48,limit_exceeded,alternate_payment,0.29639333712137916,879.8376933780717,2968.48,1
TXN_004743,1810.97,network_error,retry,0.8335236266321803,1509.4862821220795,1810.97,1
TXN_004744,2737.42,bank_decline,alternate_payment,0.3021973566849412,827.2410881364917,0.0,0
TXN_004745,8994.24,insufficient_funds,retry_later,0.5715348756215766,5140.521839710609,8994.24,1
TXN_004746,1359.55,insufficient_funds,retry_later,0.6520441854435559,886.4866723197864,1359.55,1
TXN_004747,2076.93,card_expired,customer_followup,0.47394095240755524,984.3421822838236,2076.93,1
TXN_004748,610.25,authentication_failed,customer_followup,0.3121170006185999,190.4693996275006,610.25,1
TXN_004749,758.8,card_expired,customer_followup,0.3473569731016507,263.5744711895325,758.8,1
TXN_004750,1993.83,bank_decline,alternate_payment,0.4231843019628949,843.7575567826788,0.0,0
TXN_004751,5453.07,bank_decline,alternate_payment,0.31807097638369997,1734.4632991886626,5453.07,1
TXN_004752,1399.29,network_error,retry,0.8757817837932919,1225.4726922441153,1399.29,1
TXN_004753,1428.08,card_expired,customer_followup,0.3089648304206578,441.22649502713296,0.0,0
TXN_004754,1203.65,authentication_failed,customer_followup,0.36042309653829296,433.82326014831636,1203.65,1
TXN_004755,1059.17,card_expired,customer_followup,0.34959073010223407,370.2760136023833,0.0,0
TXN_004756,2428.36,card_expired,customer_followup,0.3429607608057323,832.8321931102081,0.0,0
TXN_004757,404.54,card_expired,customer_followup,0.35430750157824675,143.33155668846396,404.54,1
TXN_004758,6508.99,insufficient_funds,retry_later,0.8383879064260101,5457.0584990478355,6508.99,1
TXN_004759,929.44,authentication_failed,customer_followup,0.3364341053766129,312.6953149012391,929.44,1
TXN_004760,3721.58,card_expired,customer_followup,0.7240947370947317,2694.7764916770116,0.0,0
TXN_004761,507.76,insufficient_funds,retry_later,0.4053494411270652,205.82023222667863,507.76,1
TXN_004762,3529.25,card_expired,customer_followup,0.6217280618812506,2194.2337623944036,0.0,0
TXN_004763,3540.22,authentication_failed,customer_followup,0.23057888037969296,816.2999638977966,0.0,0
TXN_004764,2655.01,network_error,retry,0.9018636689956192,2394.457059820059,2655.01,1
TXN_004765,668.86,insufficient_funds,retry_later,0.39743324399829844,265.8271995807019,668.86,1
TXN_004766,2320.52,bank_decline,alternate_payment,0.30925082735841297,717.6227299017445,0.0,0
TXN_004767,553.88,bank_decline,alternate_payment,0.6240071499568132,345.6250802180797,0.0,0
TXN_004768,1404.22,insufficient_funds,retry_later,0.6159949752449904,864.9924641385204,1404.22,1
TXN_004769,5061.47,bank_decline,alternate_payment,0.32791242949395777,1659.7189245107825,0.0,0
TXN_004770,4010.62,bank_decline,alternate_payment,0.6315792431056498,2533.024343984381,4010.62,1
TXN_004771,1835.7,bank_decline,alternate_payment,0.6863515252431542,1259.9354948888583,1835.7,1
TXN_004772,682.11,authentication_failed,customer_followup,0.3109432132321085,212.09747517775352,682.11,1
TXN_004773,3448.13,limit_exceeded,alternate_payment,0.22441465144447204,773.8108920852274,3448.13,1
TXN_004774,1843.43,bank_decline,alternate_payment,0.7744180371933,1427.5854423032451,1843.43,1
TXN_004775,177.63,network_error,retry_later,0.49498458201974743,87.92411130416774,177.63,1
TXN_004776,3954.58,authentication_failed,customer_followup,0.4229661942942896,1672.6536526323118,0.0,0
TXN_004777,1764.76,insufficient_funds,retry_later,0.6552387949523686,1156.339215780142,1764.76,1
TXN_004778,6017.64,card_expired,customer_followup,0.4034930234486296,2428.0757576254114,6017.64,1
TXN_004779,604.7,limit_exceeded,alternate_payment,0.26080909832027177,157.71126175426835,604.7,1
TXN_004780,75.44,insufficient_funds,retry_later,0.6280882148233794,47.38297492627574,75.44,1
TXN_004781,2390.08,authentication_failed,customer_followup,0.38439750648583526,918.7407923016651,2390.08,1
TXN_004782,2420.1,bank_decline,alternate_payment,0.5862869694732502,1418.8730948222128,2420.1,1
TXN_004783,333.4,card_expired,customer_followup,0.37115445038375955,123.74289375794542,333.4,1
TXN_004784,679.6,card_expired,customer_followup,0.3148489107448228,213.97131974218158,679.6,1
TXN_004785,28430.5,limit_exceeded,alternate_payment,0.31335817805026767,8908.929681058135,28430.5,1
TXN_004786,1331.94,card_expired,customer_followup,0.5454876270819822,726.5567900155754,1331.94,1
TXN_004787,3755.43,limit_exceeded,alternate_payment,0.413826550625253,1554.0966430145936,0.0,0
TXN_004788,943.26,limit_exceeded,alternate_payment,0.5443464040720368,513.4601891049895,0.0,0
TXN_004789,223.56,authentication_failed,customer_followup,0.3700019186000577,82.7176289222289,223.56,1
TXN_004790,1524.99,insufficient_funds,retry_later,0.4169455264895751,635.8377584413372,1524.99,1
TXN_004791,1386.3,network_error,retry,0.5776233902245608,800.7593058683086,1386.3,1
TXN_004792,1212.11,card_expired,customer_followup,0.6998839508659854,848.3363356841695,0.0,0
TXN_004793,1612.21,insufficient_funds,retry_later,0.5899405245101116,951.1080130204471,1612.21,1
TXN_004794,2354.93,insufficient_funds,retry_later,0.46886018760694614,1104.1329216012257,2354.93,1
TXN_004795,1556.01,network_error,retry,0.6055065174565566,942.1741962275767,1556.01,1
TXN_004796,510.81,network_error,retry,0.7135803823898426,364.50399512855546,510.81,1
TXN_004797,2940.06,authentication_failed,customer_followup,0.2855679629020422,839.5869450097782,2940.06,1
TXN_004798,257.4,network_error,retry,0.7651798244798633,196.9572868211168,257.4,1
TXN_004799,232.67,network_error,retry,0.821994349591767,191.25342531951642,232.67,1
TXN_004800,3786.44,card_expired,customer_followup,0.7148217124010453,2706.6295247038142,3786.44,1
TXN_004801,3001.96,insufficient_funds,retry_later,0.6520775564428787,1957.510741339264,3001.96,1
TXN_004802,1707.19,network_error,retry_later,0.6690394674196922,1142.1774883842245,1707.19,1
TXN_004803,447.89,bank_decline,alternate_payment,0.3180126296451005,142.43467669174407,0.0,0
TXN_004804,890.77,authentication_failed,customer_followup,0.2482172567943008,221.1044858346593,890.77,1
TXN_004805,1390.27,network_error,retry,0.7305957169024725,1015.7253073380004,1390.27,1
TXN_004806,366.54,network_error,retry,0.7467276317072339,273.70554612596953,366.54,1
TXN_004807,863.48,network_error,retry,0.7499302701538477,647.5497896724445,863.48,1
TXN_004808,3471.46,network_error,retry_later,0.6387642705990662,2217.444614813834,0.0,0
TXN_004809,7534.93,authentication_failed,customer_followup,0.33565652570288357,2529.1484252144287,7534.93,1
TXN_004810,1188.64,card_expired,customer_followup,0.3156621825151637,375.2086966248242,0.0,0
TXN_004811,3852.54,card_expired,customer_followup,0.5023123473330424,1935.1784105944391,3852.54,1
TXN_004812,266.65,authentication_failed,customer_followup,0.24914006180842724,66.43319748121712,0.0,0
TXN_004813,3496.27,network_error,retry,0.7496725091990057,2621.0575037372078,3496.27,1
TXN_004814,809.2,insufficient_funds,retry_later,0.4410919842917159,356.93163368885655,809.2,1
TXN_004815,2458.6,limit_exceeded,alternate_payment,0.7590171550644204,1866.1195774413839,2458.6,1
TXN_004816,1411.27,network_error,retry,0.7785741781568353,1098.778380407397,0.0,0
TXN_004817,6771.07,insufficient_funds,retry_later,0.7895953204598246,5346.405186505905,0.0,0
TXN_004818,754.13,limit_exceeded,alternate_payment,0.4588927703562006,346.06480490872156,0.0,0
TXN_004819,3386.68,bank_decline,alternate_payment,0.26391305029098394,893.7890491594694,0.0,0
TXN_004820,1367.16,card_expired,customer_followup,0.4794040108712253,655.4219875027044,1367.16,1
TXN_004821,1543.33,card_expired,customer_followup,0.8324682235860659,1284.7731835070829,1543.33,1
TXN_004822,1504.4,insufficient_funds,retry_later,0.6456774713006128,971.357187824642,1504.4,1
TXN_004823,776.14,bank_decline,alternate_payment,0.39788282854488133,308.8127785468242,776.14,1
TXN_004824,1782.73,card_expired,customer_followup,0.5522469951881505,984.5072857317715,1782.73,1
TXN_004825,1698.25,bank_decline,alternate_payment,0.5650697495371046,959.629702151388,1698.25,1
TXN_004826,2301.32,card_expired,customer_followup,0.32106816794641185,738.8805962584365,2301.32,1
TXN_004827,1967.47,insufficient_funds,retry_later,0.8325665197362566,1638.0496505854928,1967.47,1
TXN_004828,4015.81,card_expired,customer_followup,0.42579526083819863,1709.9128664266464,4015.81,1
TXN_004829,4552.85,card_expired,customer_followup,0.28063418640299514,1277.6853555648765,4552.85,1
TXN_004830,632.31,insufficient_funds,retry_later,0.6579641351431997,416.0373022923966,632.31,1
TXN_004831,4310.34,authentication_failed,customer_followup,0.4016360546539059,1731.187951816917,0.0,0
TXN_004832,552.06,authentication_failed,customer_followup,0.7212908212088112,398.1958107565363,552.06,1
TXN_004833,3254.7,card_expired,customer_followup,0.3310537633715425,1077.4806836453595,0.0,0
TXN_004834,3360.14,authentication_failed,customer_followup,0.667154196217342,2241.731500877739,3360.14,1
TXN_004835,267.38,network_error,retry,0.771163585176845,206.1937194045848,267.38,1
TXN_004836,1984.22,authentication_failed,customer_followup,0.8970251231973625,1779.8951899506706,1984.22,1
TXN_004837,1131.73,bank_decline,alternate_payment,0.5258175498725397,595.0834957172493,1131.73,1
TXN_004838,846.61,network_error,retry,0.8037559354828803,680.4678125391613,846.61,1
TXN_004839,6980.34,authentication_failed,customer_followup,0.4346781989744548,3034.201619429346,6980.34,1
TXN_004840,940.41,network_error,retry,0.668446873111429,628.614123942719,940.41,1
TXN_004841,807.24,limit_exceeded,alternate_payment,0.3365492386638711,271.67600741902334,0.0,0
TXN_004842,1950.22,network_error,retry,0.5809654301965506,1133.0104012779168,0.0,0
TXN_004843,3588.86,authentication_failed,customer_followup,0.7170074984132082,2573.2395307552265,3588.86,1
TXN_004844,1569.25,bank_decline,alternate_payment,0.5013778377893745,786.7871719509759,1569.25,1
TXN_004845,5804.39,bank_decline,alternate_payment,0.36898104789059477,2141.7099045656896,5804.39,1
TXN_004846,3074.74,network_error,retry_later,0.6944902851555119,2135.3770593790587,3074.74,1
TXN_004847,204.75,authentication_failed,customer_followup,0.30601253223557223,62.65606597523342,0.0,0
TXN_004848,1064.79,bank_decline,alternate_payment,0.8676223668413359,923.835619988986,1064.79,1
TXN_004849,1030.87,limit_exceeded,alternate_payment,0.5313299211734612,547.7320758400859,0.0,0
TXN_004850,2920.06,authentication_failed,customer_followup,0.32796399064603265,957.6745305258542,2920.06,1
TXN_004851,131.0,authentication_failed,customer_followup,0.21834018369323005,28.602564063813137,0.0,0
TXN_004852,23132.87,card_expired,customer_followup,0.43826692598617956,10138.371824137914,23132.87,1
TXN_004853,3074.9,card_expired,customer_followup,0.7096155220802627,2181.9967688446,3074.9,1
TXN_004854,2098.29,card_expired,customer_followup,0.31116205357813886,652.908225402473,2098.29,1
TXN_004855,5893.28,limit_exceeded,alternate_payment,0.286180178651559,1686.5399232436594,5893.28,1
TXN_004856,18838.43,authentication_failed,customer_followup,0.25210758661262245,4749.311122870825,18838.43,1
TXN_004857,4318.86,limit_exceeded,alternate_payment,0.3292277792974858,1421.8886868967395,4318.86,1
TXN_004858,4669.53,insufficient_funds,retry_later,0.8032254034292632,3750.6851180750473,0.0,0
TXN_004859,2060.47,authentication_failed,customer_followup,0.6889707095536787,1419.6034779140682,0.0,0
TXN_004860,1569.44,bank_decline,alternate_payment,0.2897652825437741,454.7692250355008,0.0,0
TXN_004861,1123.5,bank_decline,alternate_payment,0.39958316249204684,448.93168305981465,1123.5,1
TXN_004862,791.47,bank_decline,alternate_payment,0.4845798808217066,383.5304382739561,0.0,0
TXN_004863,909.58,insufficient_funds,retry_later,0.8002025789837071,727.8482617920002,909.58,1
TXN_004864,468.46,network_error,retry,0.7767768755238658,363.8888951079101,468.46,1
TXN_004865,1675.94,authentication_failed,customer_followup,0.21034473756524938,352.52515947510403,1675.94,1
TXN_004866,335.4,card_expired,customer_followup,0.5324504110981769,178.58386788232852,335.4,1
TXN_004867,2188.38,bank_decline,alternate_payment,0.6223484759929352,1361.9349578934196,2188.38,1
TXN_004868,1743.53,limit_exceeded,alternate_payment,0.8567599804730772,1493.7867287542242,1743.53,1
TXN_004869,2094.22,bank_decline,alternate_payment,0.6700141668788215,1403.1570685609654,2094.22,1
TXN_004870,1072.63,network_error,retry,0.8456331581466796,907.051494422873,1072.63,1
TXN_004871,39216.79,network_error,retry_later,0.6107716419663016,23952.503220947638,39216.79,1
TXN_004872,7045.3,network_error,retry_later,0.6449260045763455,4543.697180041727,7045.3,1
TXN_004873,520.85,authentication_failed,customer_followup,0.4303702050806702,224.1583213162671,520.85,1
TXN_004874,2282.14,bank_decline,alternate_payment,0.4269479914723968,974.3550892588156,2282.14,1
TXN_004875,984.36,insufficient_funds,retry_later,0.5311033159087942,522.7968600479807,984.36,1
TXN_004876,655.58,insufficient_funds,retry_later,0.545251207003317,357.45578628723456,655.58,1
TXN_004877,473.39,network_error,retry_later,0.6449872783216993,305.33052768470924,473.39,1
TXN_004878,2785.59,insufficient_funds,retry_later,0.33333768424999183,928.5421198699348,0.0,0
TXN_004879,914.72,authentication_failed,customer_followup,0.33747624223708916,308.6962682991102,914.72,1
TXN_004880,4759.16,insufficient_funds,retry_later,0.39876726114465283,1897.7971985491859,0.0,0
TXN_004881,4884.3,network_error,retry,0.8673602490932433,4236.447664646128,4884.3,1
TXN_004882,7143.19,insufficient_funds,retry_later,0.6146908657185279,4390.853645091931,7143.19,1
TXN_004883,770.94,bank_decline,alternate_payment,0.26860087390539134,207.0751577286224,0.0,0
TXN_004884,2908.42,authentication_failed,customer_followup,0.7426448126397759,2159.923025977777,2908.42,1
TXN_004885,3403.14,authentication_failed,customer_followup,0.2850369418463461,970.0206182749743,3403.14,1
TXN_004886,1125.32,authentication_failed,customer_followup,0.6483852805918378,729.6409239556068,0.0,0
TXN_004887,835.67,bank_decline,alternate_payment,0.3980256277396089,332.61807633315897,835.67,1
TXN_004888,9040.96,limit_exceeded,alternate_payment,0.6314747896432289,5709.138314172847,9040.96,1
TXN_004889,2269.91,bank_decline,alternate_payment,0.8232672054848333,1868.742462402078,2269.91,1
TXN_004890,3415.12,bank_decline,alternate_payment,0.41690632492819174,1423.7851283887662,3415.12,1
TXN_004891,794.67,card_expired,customer_followup,0.6722889556702067,534.2478644024432,794.67,1
TXN_004892,534.17,authentication_failed,customer_followup,0.5571185765075379,297.5960300130315,534.17,1
TXN_004893,1023.06,limit_exceeded,alternate_payment,0.45497678487439297,465.46854953359644,1023.06,1
TXN_004894,1597.15,network_error,retry_later,0.6510023007376644,1039.7483246231607,1597.15,1
TXN_004895,623.77,insufficient_funds,retry_later,0.3408480041634995,212.61075955706605,623.77,1
TXN_004896,1790.33,card_expired,customer_followup,0.3579313229495609,640.8151854162874,1790.33,1
TXN_004897,334.12,insufficient_funds,retry_later,0.5668047200694937,189.38079306961922,334.12,1
TXN_004898,589.9,insufficient_funds,retry_later,0.5786110016597052,341.3226298790601,589.9,1
TXN_004899,3536.57,bank_decline,alternate_payment,0.27768749541750415,982.0612656686827,3536.57,1
TXN_004900,3306.98,card_expired,customer_followup,0.5669304307182101,1874.8275957765065,0.0,0
TXN_004901,1221.85,network_error,retry,0.8463654530483247,1034.1316288070955,1221.85,1
TXN_004902,653.43,insufficient_funds,retry_later,0.4042541712630494,264.1518031284144,653.43,1
TXN_004903,647.16,insufficient_funds,retry_later,0.4931149774262257,319.1242887911562,647.16,1
TXN_004904,1244.8,card_expired,customer_followup,0.7014903129310639,873.2151415365884,1244.8,1
TXN_004905,3444.45,network_error,retry_later,0.6177249635907345,2127.722750840105,0.0,0
TXN_004906,4574.47,network_error,retry,0.6574023825087383,3007.267476714748,4574.47,1
TXN_004907,1100.44,limit_exceeded,alternate_payment,0.3042870419192057,334.84963240957075,0.0,0
TXN_004908,570.5,network_error,retry_later,0.5683581281948074,324.2483121351376,570.5,1
TXN_004909,2363.37,insufficient_funds,retry_later,0.8263646366013846,1953.0053912046142,2363.37,1
TXN_004910,793.51,bank_decline,alternate_payment,0.3591015055291319,284.95063565242145,793.51,1
TXN_004911,1076.8,card_expired,customer_followup,0.6156382723463093,662.9192916625058,0.0,0
TXN_004912,6804.07,network_error,retry,0.6178710285550715,4204.037729260705,6804.07,1
TXN_004913,4134.47,limit_exceeded,alternate_payment,0.3862480762222539,1596.9310836986222,4134.47,1
TXN_004914,2117.46,bank_decline,alternate_payment,0.4684467832851227,991.9173257349158,2117.46,1
TXN_004915,506.78,network_error,retry,0.7965840094483081,403.6928443082136,506.78,1
TXN_004916,2233.66,insufficient_funds,retry_later,0.4904365822326693,1095.468576269824,0.0,0
TXN_004917,5232.57,network_error,retry_later,0.6652540319380329,3480.9882898979927,5232.57,1
TXN_004918,1241.86,limit_exceeded,alternate_payment,0.8280180499650607,1028.28249552961,1241.86,1
TXN_004919,6982.16,insufficient_funds,retry_later,0.47691527204094275,3329.898735833389,0.0,0
TXN_004920,6586.29,card_expired,customer_followup,0.22316224435784943,1469.8112583916602,6586.29,1
TXN_004921,9544.62,insufficient_funds,retry_later,0.7856418209411984,7498.652636991782,0.0,0
TXN_004922,2453.43,network_error,retry_later,0.5203333800859178,1276.6015247041933,0.0,0
TXN_004923,3253.19,limit_exceeded,alternate_payment,0.37718557590402774,1227.056343675224,3253.19,1
TXN_004924,7436.74,authentication_failed,customer_followup,0.3452285719210331,2567.3751299480236,0.0,0
TXN_004925,2828.19,limit_exceeded,alternate_payment,0.8629246032917756,2440.5147337837666,2828.19,1
TXN_004926,1095.28,bank_decline,alternate_payment,0.29352546315714734,321.49256928676033,1095.28,1
TXN_004927,1154.54,insufficient_funds,retry_later,0.5494162660795198,634.3230558394488,1154.54,1
TXN_004928,2295.15,insufficient_funds,retry_later,0.3538834811098687,812.2156716693153,2295.15,1
TXN_004929,497.42,authentication_failed,customer_followup,0.2827044153644159,140.62283029056775,0.0,0
TXN_004930,1566.72,network_error,retry_later,0.4052784338226647,634.9578278386452,0.0,0
TXN_004931,5412.94,bank_decline,alternate_payment,0.44952466386801593,2433.250034037738,5412.94,1
TXN_004932,202.1,limit_exceeded,alternate_payment,0.3871739695651104,78.24785924910881,202.1,1
TXN_004933,8387.37,bank_decline,alternate_payment,0.45604332186150487,3825.0040764815303,0.0,0
TXN_004934,5554.56,limit_exceeded,alternate_payment,0.4236780278589055,2353.3450264239623,5554.56,1
TXN_004935,1141.66,bank_decline,alternate_payment,0.36928547510115134,421.59845550398046,1141.66,1
TXN_004936,3113.15,bank_decline,alternate_payment,0.8589709493015715,2674.1054108181875,3113.15,1
TXN_004937,1813.74,card_expired,customer_followup,0.3974701600041095,720.9075280058536,0.0,0
TXN_004938,6185.67,insufficient_funds,retry_later,0.2959897898837256,1830.8951635900648,0.0,0
TXN_004939,4830.39,limit_exceeded,alternate_payment,0.6199713341891004,2994.703332953689,4830.39,1
TXN_004940,445.83,card_expired,customer_followup,0.6674098933069761,297.55135273304916,0.0,0
TXN_004941,3252.77,card_expired,customer_followup,0.29863799776609046,971.400719993606,3252.77,1
TXN_004942,1471.99,network_error,retry,0.9115020667877767,1341.7219272909394,1471.99,1
TXN_004943,1964.18,insufficient_funds,retry_later,0.8822986815025422,1732.9934242336633,1964.18,1
TXN_004944,872.91,limit_exceeded,alternate_payment,0.3087845499682451,269.5411215127808,872.91,1
TXN_004945,10385.2,network_error,retry,0.8311487301513247,8631.645792367539,10385.2,1
TXN_004946,5115.66,card_expired,customer_followup,0.3379794917846355,1728.9881669429883,0.0,0
TXN_004947,862.84,network_error,retry,0.9195351692995538,793.411725478427,862.84,1
TXN_004948,475.99,card_expired,customer_followup,0.7516662791900761,357.78563223168436,475.99,1
TXN_004949,1229.46,authentication_failed,customer_followup,0.49777642846422954,611.9962077396317,0.0,0
TXN_004950,2791.97,card_expired,customer_followup,0.346751342659936,968.1193461662615,0.0,0
TXN_004951,2298.95,insufficient_funds,retry_later,0.6883285243641102,1582.432861086871,2298.95,1
TXN_004952,6330.49,network_error,retry,0.6829201272116863,4323.219036112308,6330.49,1
TXN_004953,3983.51,bank_decline,alternate_payment,0.3224988154463961,1284.6772563188733,3983.51,1
TXN_004954,4767.46,bank_decline,alternate_payment,0.5476507844994383,2610.903209069692,0.0,0
TXN_004955,2507.03,insufficient_funds,retry_later,0.24004718686787932,601.8054988933795,2507.03,1
TXN_004956,450.65,network_error,retry_later,0.503085667247045,226.7155559448808,0.0,0
TXN_004957,1486.68,bank_decline,alternate_payment,0.6947311631313953,1032.8429256041827,1486.68,1
TXN_004958,5219.15,network_error,retry,0.8841508331503071,4614.515820836425,5219.15,1
TXN_004959,1717.25,bank_decline,alternate_payment,0.7147918689277432,1227.476336916167,1717.25,1
TXN_004960,2990.18,insufficient_funds,retry_later,0.381434871079682,1140.5589228050435,0.0,0
TXN_004961,1314.55,bank_decline,alternate_payment,0.5457043819382914,717.3556952769809,1314.55,1
TXN_004962,645.61,limit_exceeded,alternate_payment,0.3778554966652096,243.947287202026,645.61,1
TXN_004963,1598.24,bank_decline,alternate_payment,0.2625948345817349,419.689568421912,1598.24,1
TXN_004964,2462.78,bank_decline,alternate_payment,0.5391691843812118,1327.8550839103607,2462.78,1
TXN_004965,938.53,insufficient_funds,retry_later,0.6570298596805262,616.6422342059642,938.53,1
TXN_004966,1428.37,card_expired,customer_followup,0.4905979232657278,700.7553556550675,1428.37,1
TXN_004967,706.65,network_error,retry_later,0.6144227258124484,434.18181919536664,0.0,0
TXN_004968,5537.2,authentication_failed,customer_followup,0.8122385585734854,4497.527346533103,5537.2,1
TXN_004969,1346.88,authentication_failed,customer_followup,0.5878209160198578,791.724235368826,0.0,0
TXN_004970,7729.16,bank_decline,alternate_payment,0.3466147959956296,2679.0412166175806,7729.16,1
TXN_004971,8339.41,network_error,retry,0.7875676597662806,6567.849617531519,8339.41,1
TXN_004972,1667.29,bank_decline,alternate_payment,0.549541977671185,916.2458439513899,0.0,0
TXN_004973,659.55,network_error,retry_later,0.4954917333670845,326.8015727422606,659.55,1
TXN_004974,224.55,authentication_failed,customer_followup,0.3014427880691756,67.6889780609334,0.0,0
TXN_004975,414.87,limit_exceeded,alternate_payment,0.3111047261495064,129.06801773764573,414.87,1
TXN_004976,457.68,bank_decline,alternate_payment,0.38220065279639487,174.925594771854,457.68,1
TXN_004977,7175.8,bank_decline,alternate_payment,0.2716770384410255,1949.5000924451106,7175.8,1
TXN_004978,2030.07,network_error,retry,0.5265531154366595,1068.9396830544993,2030.07,1
TXN_004979,2669.39,limit_exceeded,alternate_payment,0.5533615573145092,1477.1378074797776,2669.39,1
TXN_004980,196.29,card_expired,customer_followup,0.40356689824850855,79.21614645719974,196.29,1
TXN_004981,545.68,bank_decline,alternate_payment,0.8631598780278062,471.00908224221325,0.0,0
TXN_004982,4389.98,authentication_failed,customer_followup,0.46985694049456667,2062.6625716323374,4389.98,1
TXN_004983,2408.54,bank_decline,alternate_payment,0.7509436442647397,1808.6778049573961,2408.54,1
TXN_004984,1560.55,insufficient_funds,retry_later,0.5923908602812437,924.4555570118947,0.0,0
TXN_004985,3180.65,insufficient_funds,retry_later,0.6344430474573416,2017.9412788951936,3180.65,1
TXN_004986,9281.68,limit_exceeded,alternate_payment,0.33750251269355935,3132.590322017556,9281.68,1
TXN_004987,1449.48,card_expired,customer_followup,0.3607972831649354,522.9684460019106,0.0,0
TXN_004988,1937.92,network_error,retry_later,0.6330929082771435,1226.883408808442,0.0,0
TXN_004989,2192.06,insufficient_funds,retry_later,0.6466378537476576,1417.4689736860903,2192.06,1
TXN_004990,19773.73,bank_decline,alternate_payment,0.3881854947710433,7675.875163519022,0.0,0
TXN_004991,221.55,bank_decline,alternate_payment,0.44442511306509114,98.46238379957094,0.0,0
TXN_004992,3580.38,limit_exceeded,alternate_payment,0.37203977413740713,1332.0437665260897,3580.38,1
TXN_004993,1611.95,network_error,retry,0.7122656175568364,1148.1365622207425,1611.95,1
TXN_004994,3186.8,insufficient_funds,retry_later,0.31831278661013007,1014.3991883691625,0.0,0
TXN_004995,936.95,authentication_failed,customer_followup,0.7759044344577679,726.9836598652057,936.95,1
TXN_004996,1721.64,network_error,retry_later,0.6690156751760765,1151.8041470101405,0.0,0
TXN_004997,3682.73,authentication_failed,customer_followup,0.33660486488814123,1239.6248340695045,3682.73,1
TXN_004998,40656.35,bank_decline,alternate_payment,0.6673753055926441,27133.044005531498,40656.35,1
TXN_004999,4056.34,authentication_failed,customer_followup,0.33463922881032593,1357.4104893924775,0.0,0
TXN_005000,774.28,network_error,retry_later,0.4411406751744226,341.5664019740519,0.0,0
TXN_005001,1183.51,insufficient_funds,retry_later,0.3387063575727063,400.8623612508736,1183.51,1
TXN_005002,1148.93,network_error,retry_later,0.39227854874366697,450.70059300806133,0.0,0
TXN_005003,300.17,card_expired,customer_followup,0.34277074653909756,102.88949498864092,0.0,0
TXN_005004,1299.73,card_expired,customer_followup,0.6132116451687815,797.0095715752203,1299.73,1
TXN_005005,3762.46,authentication_failed,customer_followup,0.8514493075996707,3203.543961871457,3762.46,1
TXN_005006,505.61,bank_decline,alternate_payment,0.3441864609459112,174.02411651886217,505.61,1
TXN_005007,5158.92,insufficient_funds,retry_later,0.2504452953650042,1292.0272431644275,0.0,0
TXN_005008,2944.74,authentication_failed,customer_followup,0.3203478057765104,943.3409975823212,0.0,0
TXN_005009,867.63,network_error,retry_later,0.7388964304108931,641.0887099174032,867.63,1
TXN_005010,1569.43,card_expired,customer_followup,0.24700053253372692,387.65004577440703,1569.43,1
TXN_005011,8940.28,insufficient_funds,retry_later,0.7624506394175501,6816.522202571935,8940.28,1
TXN_005012,3765.17,card_expired,customer_followup,0.737514080221137,2776.8658894262185,3765.17,1
TXN_005013,1823.99,insufficient_funds,retry_later,0.3790924439111411,691.4608267694823,1823.99,1
TXN_005014,1425.56,insufficient_funds,retry_later,0.7315727784070376,1042.9008899859366,1425.56,1
TXN_005015,1952.0,card_expired,customer_followup,0.3868815686104557,755.1928219276095,1952.0,1
TXN_005016,1083.81,card_expired,customer_followup,0.3504126386547112,379.7807219003625,1083.81,1
TXN_005017,220.36,limit_exceeded,alternate_payment,0.6731385687239291,148.33281500400503,220.36,1
TXN_005018,13935.26,network_error,retry_later,0.6541092003887864,9115.18177580984,13935.26,1
TXN_005019,2111.86,network_error,retry_later,0.3820335540420656,806.8013814392767,0.0,0
TXN_005020,2692.29,insufficient_funds,retry_later,0.5621055903304772,1513.3512597908405,0.0,0
TXN_005021,1706.32,network_error,retry_later,0.44443338633036344,758.3455757632257,0.0,0
TXN_005022,866.86,network_error,retry_later,0.6821062939973872,591.2906620145751,866.86,1
TXN_005023,1501.28,network_error,retry,0.8702881819040582,1306.5462417289245,0.0,0
TXN_005024,365.26,limit_exceeded,alternate_payment,0.33317287719972843,121.69472512597281,0.0,0
TXN_005025,17625.23,insufficient_funds,retry_later,0.3011689138743945,5308.171375886393,0.0,0
TXN_005026,526.1,bank_decline,alternate_payment,0.48372409215220846,254.4872448812769,526.1,1
TXN_005027,644.22,bank_decline,alternate_payment,0.3385369855324742,218.09229681973054,644.22,1
TXN_005028,1164.14,authentication_failed,customer_followup,0.7359988463920708,856.8056970388653,1164.14,1
TXN_005029,6555.61,bank_decline,alternate_payment,0.4193331898954285,2748.98485301037,0.0,0
TXN_005030,1834.47,card_expired,customer_followup,0.4041197525979089,741.3455625482859,1834.47,1
TXN_005031,525.24,card_expired,customer_followup,0.4598592203617292,241.53645690279467,525.24,1
TXN_005032,6338.13,network_error,retry_later,0.39917810948293175,2530.0427510570544,6338.13,1
TXN_005033,3755.59,authentication_failed,customer_followup,0.5097736275330342,1914.500737826788,3755.59,1
TXN_005034,3097.76,limit_exceeded,alternate_payment,0.587796182698106,1820.8515029148848,3097.76,1
TXN_005035,3698.69,limit_exceeded,alternate_payment,0.33006642852372753,1220.8133985164259,3698.69,1
TXN_005036,19818.32,network_error,retry_later,0.6847395171428367,13570.386867382222,19818.32,1
TXN_005037,16076.2,network_error,retry_later,0.655465119995321,10537.38836206878,0.0,0
TXN_005038,909.85,bank_decline,alternate_payment,0.7026967776674861,639.3486631607622,0.0,0
TXN_005039,9171.76,network_error,retry_later,0.4918459385803249,4511.092905633481,0.0,0
TXN_005040,2652.26,authentication_failed,customer_followup,0.3885305125428706,1030.483937196954,0.0,0
TXN_005041,2978.26,bank_decline,alternate_payment,0.4053759812818131,1207.3150700123729,0.0,0
TXN_005042,332.86,authentication_failed,customer_followup,0.6235613426846347,207.5586285260075,332.86,1
TXN_005043,1524.79,network_error,retry_later,0.5663965294601436,863.6357641555323,1524.79,1
TXN_005044,802.05,network_error,retry,0.8698771002722984,697.6849282733968,802.05,1
TXN_005045,4138.38,bank_decline,alternate_payment,0.4062669566570159,1681.2870480902616,4138.38,1
TXN_005046,5276.83,insufficient_funds,retry_later,0.7447260767598065,3929.79290362845,5276.83,1
TXN_005047,227.13,bank_decline,alternate_payment,0.35644768897895335,80.95996359778967,227.13,1
TXN_005048,1768.64,insufficient_funds,retry_later,0.7695563710862843,1361.0681801580458,1768.64,1
TXN_005049,5551.71,insufficient_funds,retry_later,0.8231039348647717,4569.634346228102,5551.71,1
TXN_005050,1500.15,limit_exceeded,alternate_payment,0.2718582900982371,407.8282138908704,1500.15,1
TXN_005051,3748.32,bank_decline,alternate_payment,0.47559829491796,1782.694600806888,3748.32,1
TXN_005052,2568.73,network_error,retry,0.6390485533236858,1641.5431903791514,0.0,0
TXN_005053,2544.43,authentication_failed,customer_followup,0.3285542784472071,835.9833627094271,2544.43,1
TXN_005054,1378.41,network_error,retry_later,0.6766515385247878,932.7032472179527,1378.41,1
TXN_005055,535.62,insufficient_funds,retry_later,0.5042322989612549,270.0769039696273,535.62,1
TXN_005056,589.03,card_expired,customer_followup,0.6284739318909909,370.19000010175034,589.03,1
TXN_005057,3675.16,authentication_failed,customer_followup,0.4340758386061657,1595.2981590118359,3675.16,1
TXN_005058,1843.57,network_error,retry_later,0.5653878836935136,1042.3321407408507,1843.57,1
TXN_005059,1574.18,card_expired,customer_followup,0.39109091671792573,615.6474992790244,1574.18,1
TXN_005060,1183.36,card_expired,customer_followup,0.23730518110809776,280.8174591160785,1183.36,1
TXN_005061,1332.5,authentication_failed,customer_followup,0.38460684329017647,512.4886186841602,0.0,0
TXN_005062,5150.82,insufficient_funds,retry_later,0.7015866994927153,3613.7468034810677,0.0,0
TXN_005063,1293.05,limit_exceeded,alternate_payment,0.7376511707359187,953.8198463200796,1293.05,1
TXN_005064,472.92,card_expired,customer_followup,0.5107332789807902,241.53598229559532,472.92,1
TXN_005065,3803.4,card_expired,customer_followup,0.40478830094527796,1539.5718238152701,3803.4,1
TXN_005066,1473.1,authentication_failed,customer_followup,0.26222710212011113,386.2867441331357,1473.1,1
TXN_005067,1865.71,bank_decline,alternate_payment,0.38163083395490105,712.0124632179984,1865.71,1
TXN_005068,9023.42,authentication_failed,customer_followup,0.2797737926443456,2524.516436022841,9023.42,1
TXN_005069,1771.25,limit_exceeded,alternate_payment,0.3479169412753261,616.2478822339214,0.0,0
TXN_005070,2414.35,insufficient_funds,retry_later,0.5529501292181559,1335.0151444778546,2414.35,1
TXN_005071,556.17,network_error,retry_later,0.7222835108668123,401.71242023879495,556.17,1
TXN_005072,1451.47,network_error,retry,0.5984241842474691,868.594750709674,1451.47,1
TXN_005073,3326.0,limit_exceeded,alternate_payment,0.3211379201799069,1068.1047225183704,3326.0,1
TXN_005074,381.7,card_expired,customer_followup,0.6543662228278135,249.77158725337642,381.7,1
TXN_005075,2210.22,card_expired,customer_followup,0.351953612031615,777.894912384516,0.0,0
TXN_005076,1999.78,limit_exceeded,alternate_payment,0.8624556784118718,1724.7216165744928,1999.78,1
TXN_005077,1884.25,card_expired,customer_followup,0.4390501804451937,827.2803025038563,1884.25,1
TXN_005078,5100.83,network_error,retry_later,0.4895527639275897,2497.1254248247674,5100.83,1
TXN_005079,2526.12,network_error,retry,0.6415892677898034,1620.731481149178,2526.12,1
TXN_005080,7927.33,insufficient_funds,retry_later,0.6785893753490343,5379.40191288566,7927.33,1
TXN_005081,669.42,limit_exceeded,alternate_payment,0.2656278378889617,177.81658723962875,669.42,1
TXN_005082,2071.29,bank_decline,alternate_payment,0.6325486332557139,1310.1916585762276,2071.29,1
TXN_005083,1967.4,bank_decline,alternate_payment,0.4379924467866759,861.7063398081062,0.0,0
TXN_005084,620.64,card_expired,customer_followup,0.41834827452349516,259.64367310026205,620.64,1
TXN_005085,4704.6,insufficient_funds,retry_later,0.6280386736920256,2954.670744251504,4704.6,1
TXN_005086,18484.23,bank_decline,alternate_payment,0.7258452220301055,13416.690028405537,18484.23,1
TXN_005087,1777.55,card_expired,customer_followup,0.297739569589734,529.2469719242317,0.0,0
TXN_005088,2995.96,bank_decline,alternate_payment,0.7095253800282035,2125.7096575492965,2995.96,1
TXN_005089,1967.5,bank_decline,alternate_payment,0.8494104626331358,1671.2150852306947,1967.5,1
TXN_005090,885.73,network_error,retry,0.8453277252651314,748.7321260990849,885.73,1
TXN_005091,292.73,insufficient_funds,retry_later,0.43489854804987926,127.30785197064117,292.73,1
TXN_005092,892.68,network_error,retry,0.8529403206943511,761.4027654774333,892.68,1
TXN_005093,449.46,card_expired,customer_followup,0.650470422492786,292.3604360936076,449.46,1
TXN_005094,9937.81,bank_decline,alternate_payment,0.4404387642418175,4376.996755669976,9937.81,1
TXN_005095,1611.45,limit_exceeded,alternate_payment,0.6172812834768184,994.7179242587191,1611.45,1
TXN_005096,1279.32,network_error,retry,0.8478515153060062,1084.6734005612798,1279.32,1
TXN_005097,4399.09,network_error,retry,0.828849276387676,3646.1825632642617,4399.09,1
TXN_005098,588.9,network_error,retry,0.6906615077531867,406.73056191585164,588.9,1
TXN_005099,839.78,limit_exceeded,alternate_payment,0.5577704098437377,468.40443477857406,839.78,1
TXN_005100,1935.41,bank_decline,alternate_payment,0.790156119000996,1529.2760542757178,1935.41,1
TXN_005101,5058.22,bank_decline,alternate_payment,0.5126554944692875,2593.1242752344397,5058.22,1
TXN_005102,2985.99,limit_exceeded,alternate_payment,0.4089407972346299,1221.0931311346324,2985.99,1
TXN_005103,2317.69,card_expired,customer_followup,0.46082237685264565,1068.0434146076084,2317.69,1
TXN_005104,1954.95,network_error,retry_later,0.7033302674419369,1374.9755063356147,1954.95,1
TXN_005105,2697.92,bank_decline,alternate_payment,0.31503648630441083,849.9432371303961,2697.92,1
TXN_005106,2212.0,card_expired,customer_followup,0.87101337033836,1926.6815751884524,2212.0,1
TXN_005107,645.5,card_expired,customer_followup,0.6495954379368039,419.3138551882069,645.5,1
TXN_005108,1893.3,network_error,retry_later,0.45969964927956797,870.349345981006,1893.3,1
TXN_005109,617.89,card_expired,customer_followup,0.6704843358519712,414.2855662795745,617.89,1
TXN_005110,1960.75,authentication_failed,customer_followup,0.44174034260868655,866.1423767699822,0.0,0
TXN_005111,1118.06,insufficient_funds,retry_later,0.37292008519586983,416.9470304540942,0.0,0
TXN_005112,22911.21,card_expired,customer_followup,0.3524260206621937,8074.506568855859,0.0,0
TXN_005113,1737.33,insufficient_funds,retry_later,0.7192169443308771,1249.5171738943627,1737.33,1
TXN_005114,443.97,card_expired,customer_followup,0.7157561001299213,317.7742357746812,443.97,1
TXN_005115,1581.01,network_error,retry,0.8810239147033475,1392.9076193851395,1581.01,1
TXN_005116,3039.23,insufficient_funds,retry_later,0.6953112738186269,2113.2108827277852,3039.23,1
TXN_005117,9636.99,insufficient_funds,retry_later,0.43735255341295065,4214.762183715071,9636.99,1
TXN_005118,1002.8,insufficient_funds,retry_later,0.619102360709809,620.8358473197964,1002.8,1
TXN_005119,371.51,limit_exceeded,alternate_payment,0.5041308569939146,187.2896546818092,0.0,0
TXN_005120,4092.2,limit_exceeded,alternate_payment,0.47620444279383267,1948.7238208009219,4092.2,1
TXN_005121,454.59,insufficient_funds,retry_later,0.7695103522695218,349.8117110382019,454.59,1
TXN_005122,1168.93,card_expired,customer_followup,0.4208448005370636,491.93811269178974,0.0,0
TXN_005123,1397.42,limit_exceeded,alternate_payment,0.4364949957851075,609.966837010025,1397.42,1
TXN_005124,1686.43,insufficient_funds,retry_later,0.40994227457822086,691.338950116949,1686.43,1
TXN_005125,3601.71,limit_exceeded,alternate_payment,0.3868539901420809,1393.335884834634,0.0,0
TXN_005126,912.66,network_error,retry,0.7562960985690999,690.2411973200747,912.66,1
TXN_005127,1375.08,limit_exceeded,alternate_payment,0.4033403134016422,554.6251981523302,1375.08,1
TXN_005128,1782.42,network_error,retry,0.6199806207920022,1105.0658581120806,1782.42,1
TXN_005129,2099.8,authentication_failed,customer_followup,0.5412888344771231,1136.5982946350632,2099.8,1
TXN_005130,1993.86,limit_exceeded,alternate_payment,0.30111456543994214,600.380287448083,0.0,0
TXN_005131,2796.17,network_error,retry_later,0.6179573793566662,1727.9138854357293,0.0,0
TXN_005132,4204.2,card_expired,customer_followup,0.22883080596168973,962.0504744241359,4204.2,1
TXN_005133,2677.49,network_error,retry_later,0.49827484464348065,1334.125913784473,2677.49,1
TXN_005134,2845.76,bank_decline,alternate_payment,0.7650014375935961,2177.010491046352,2845.76,1
TXN_005135,371.58,insufficient_funds,retry_later,0.7485974986352598,278.16385854288984,0.0,0
TXN_005136,1901.18,network_error,retry_later,0.7070643959617138,1344.256688314491,1901.18,1
TXN_005137,2920.49,card_expired,customer_followup,0.8755730169262788,2557.1022402030276,2920.49,1
TXN_005138,3747.86,limit_exceeded,alternate_payment,0.24964631208401855,935.6394272072098,3747.86,1
TXN_005139,904.74,network_error,retry,0.6149407837754646,556.3615247130139,904.74,1
TXN_005140,935.39,card_expired,customer_followup,0.23404946941442664,218.92753319556053,0.0,0
TXN_005141,1018.31,bank_decline,alternate_payment,0.34059509520944103,346.8313914027259,1018.31,1
TXN_005142,3091.51,insufficient_funds,retry_later,0.6232465504739977,1926.7729432558688,3091.51,1
TXN_005143,5084.14,limit_exceeded,alternate_payment,0.32916534794346286,1673.5227120932773,5084.14,1
TXN_005144,1202.96,bank_decline,alternate_payment,0.3783383425227642,455.1258925211844,0.0,0
TXN_005145,4482.62,bank_decline,alternate_payment,0.4389998407628539,1967.8694662003843,4482.62,1
TXN_005146,2045.67,limit_exceeded,alternate_payment,0.35812018609211305,732.5957210830529,0.0,0
TXN_005147,1596.73,authentication_failed,customer_followup,0.48002290488360433,766.4669729147976,1596.73,1
TXN_005148,1463.54,insufficient_funds,retry_later,0.7844717758538137,1148.1058228330903,1463.54,1
TXN_005149,3814.68,bank_decline,alternate_payment,0.36267108961669503,1383.4741521390142,3814.68,1
TXN_005150,2503.83,bank_decline,alternate_payment,0.2518538943962205,630.5993364060888,2503.83,1
TXN_005151,17603.01,limit_exceeded,alternate_payment,0.3397241245378312,5980.167161480687,17603.01,1
TXN_005152,771.07,insufficient_funds,retry_later,0.48465678028725856,373.7043035760965,771.07,1
TXN_005153,3035.41,bank_decline,alternate_payment,0.31672924144052417,961.4031067609815,0.0,0
TXN_005154,1065.07,network_error,retry_later,0.552419217116882,588.3651355746775,0.0,0
TXN_005155,758.02,network_error,retry_later,0.38566337047412824,292.34054808679866,0.0,0
TXN_005156,1788.5,network_error,retry,0.886147495496908,1584.87479569622,1788.5,1
TXN_005157,2074.24,insufficient_funds,retry_later,0.6080067499783685,1261.1519210751308,2074.24,1
TXN_005158,33462.26,network_error,retry_later,0.4191519436073061,14025.771316493016,0.0,0
TXN_005159,1503.96,bank_decline,alternate_payment,0.6200300213814951,932.5003509569134,1503.96,1
TXN_005160,583.95,network_error,retry_later,0.6963220527608489,406.61726270969774,583.95,1
TXN_005161,2375.61,limit_exceeded,alternate_payment,0.656839154873568,1560.393664709197,2375.61,1
TXN_005162,227.09,authentication_failed,customer_followup,0.4162189870126837,94.51916976071035,227.09,1
TXN_005163,1649.2,limit_exceeded,alternate_payment,0.7819463211253921,1289.5858727999967,1649.2,1
TXN_005164,1837.25,insufficient_funds,retry_later,0.36464071086468686,669.9361460361459,1837.25,1
TXN_005165,4002.2,card_expired,customer_followup,0.30751002388354903,1230.7166175867399,4002.2,1
TXN_005166,4786.82,network_error,retry_later,0.7080320313693022,3389.2218883992027,0.0,0
TXN_005167,1092.73,authentication_failed,customer_followup,0.3928121241520139,429.2375924246301,1092.73,1
TXN_005168,1555.24,network_error,retry,0.8665707900706685,1347.7255555495065,1555.24,1
TXN_005169,840.4,card_expired,customer_followup,0.6551336616614825,550.5743292603098,840.4,1
TXN_005170,585.19,card_expired,customer_followup,0.26747658137890545,156.5246206571217,0.0,0
TXN_005171,2464.87,authentication_failed,customer_followup,0.33625420698286057,828.8229071658435,2464.87,1
TXN_005172,505.94,limit_exceeded,alternate_payment,0.4174812941197223,211.22048594693229,505.94,1
TXN_005173,1194.37,card_expired,customer_followup,0.43805766056568174,523.2029280498333,1194.37,1
TXN_005174,668.36,network_error,retry_later,0.4689575427896055,313.43246329886074,668.36,1
TXN_005175,3132.8,authentication_failed,customer_followup,0.38552730468083596,1207.779940104123,3132.8,1
TXN_005176,10953.67,authentication_failed,customer_followup,0.5290111601519072,5794.613674621141,0.0,0
TXN_005177,491.97,bank_decline,alternate_payment,0.3122245976394268,153.6051353006688,0.0,0
TXN_005178,283.43,insufficient_funds,retry_later,0.6513014768912258,184.5983775952801,283.43,1
TXN_005179,1595.77,card_expired,customer_followup,0.39024171005540015,622.7360136551059,1595.77,1
TXN_005180,1836.65,bank_decline,alternate_payment,0.2892728989323903,531.2930698241746,0.0,0
TXN_005181,2249.94,network_error,retry_later,0.4248436481349568,955.8727176847647,2249.94,1
TXN_005182,1157.11,insufficient_funds,retry_later,0.7389302787019041,855.0236147887601,1157.11,1
TXN_005183,1479.35,limit_exceeded,alternate_payment,0.7380580441149425,1091.84616756144,1479.35,1
TXN_005184,2611.06,network_error,retry,0.8577882329773965,2239.736543597961,0.0,0
TXN_005185,5117.55,bank_decline,alternate_payment,0.3573076604810172,1828.5398178946296,0.0,0
TXN_005186,255.94,bank_decline,alternate_payment,0.5176898524211968,132.4975408286811,0.0,0
TXN_005187,1250.2,bank_decline,alternate_payment,0.8456008222377686,1057.1701479616584,1250.2,1
TXN_005188,2239.05,insufficient_funds,retry_later,0.7460777136035845,1670.5053046441062,2239.05,1
TXN_005189,722.0,insufficient_funds,retry_later,0.6296858765164476,454.63320284487514,0.0,0
TXN_005190,10210.48,limit_exceeded,alternate_payment,0.4373016849185717,4465.060107827378,10210.48,1
TXN_005191,957.75,limit_exceeded,alternate_payment,0.5044101340383372,483.09880587521747,957.75,1
TXN_005192,1734.9,bank_decline,alternate_payment,0.3304983890945069,573.38165524006,0.0,0
TXN_005193,3152.72,card_expired,customer_followup,0.28353778817639813,893.9152555394938,0.0,0
TXN_005194,1000.96,limit_exceeded,alternate_payment,0.3798314506617109,380.19608885434616,0.0,0
TXN_005195,285.27,limit_exceeded,alternate_payment,0.29561960301085444,84.33140415090644,285.27,1
TXN_005196,1177.73,authentication_failed,customer_followup,0.3180308543531577,374.55447809734443,0.0,0
TXN_005197,5061.61,card_expired,customer_followup,0.630016878741601,3188.8997336072744,5061.61,1
TXN_005198,1290.91,bank_decline,alternate_payment,0.3756029404904197,484.86959190848773,1290.91,1
TXN_005199,775.54,card_expired,customer_followup,0.5444321931990573,422.2289431135969,775.54,1
TXN_005200,4562.71,bank_decline,alternate_payment,0.81463440872354,3716.940563026983,4562.71,1
TXN_005201,1298.84,bank_decline,alternate_payment,0.3094935292348627,401.98257551140904,1298.84,1
TXN_005202,1085.55,bank_decline,alternate_payment,0.4605090399332109,499.9055882994971,0.0,0
TXN_005203,2099.5,network_error,retry,0.8434528062968354,1770.829166820206,2099.5,1
TXN_005204,3907.88,card_expired,customer_followup,0.7335816023730212,2866.748872281482,3907.88,1
TXN_005205,19569.23,bank_decline,alternate_payment,0.6121130595137543,11978.581247628344,0.0,0
TXN_005206,4134.97,network_error,retry_later,0.5157501718200219,2132.611487970636,4134.97,1
TXN_005207,5766.61,limit_exceeded,alternate_payment,0.3446167569318307,1987.2704366906642,0.0,0
TXN_005208,1090.11,bank_decline,alternate_payment,0.34503918276745144,376.13066352662645,1090.11,1
TXN_005209,648.16,card_expired,customer_followup,0.3398926973530799,220.30485071637227,0.0,0
TXN_005210,1924.33,bank_decline,alternate_payment,0.42375299389606313,815.4405987440111,1924.33,1
TXN_005211,2012.57,network_error,retry_later,0.42107493623012304,847.4427844086587,0.0,0
TXN_005212,614.92,card_expired,customer_followup,0.3184349889494705,195.81204340480838,614.92,1
TXN_005213,1517.33,authentication_failed,customer_followup,0.2961279012332761,449.3237483782868,1517.33,1
TXN_005214,2695.44,limit_exceeded,alternate_payment,0.3904444971880744,1052.4197155006232,0.0,0
TXN_005215,2592.54,limit_exceeded,alternate_payment,0.6271775533847677,1625.9828942521456,2592.54,1
TXN_005216,2993.77,network_error,retry,0.8747056086931211,2618.667410137205,2993.77,1
TXN_005217,2418.65,bank_decline,alternate_payment,0.4615468803217967,1116.3203620903137,2418.65,1
TXN_005218,1088.97,card_expired,customer_followup,0.4360924030326127,474.8915441304243,1088.97,1
TXN_005219,1081.49,authentication_failed,customer_followup,0.3107054814755678,336.02487116101184,1081.49,1
TXN_005220,545.14,bank_decline,alternate_payment,0.36009739094721305,196.30349170096372,545.14,1
TXN_005221,10772.75,insufficient_funds,retry_later,0.7244588867833075,7804.414472594875,10772.75,1
TXN_005222,1832.53,bank_decline,alternate_payment,0.24827229805837217,454.96643436090875,1832.53,1
TXN_005223,1443.96,authentication_failed,customer_followup,0.3311726684563914,478.2000863442909,1443.96,1
TXN_005224,714.23,network_error,retry,0.7760056430149556,554.2465104105718,714.23,1
TXN_005225,34052.47,authentication_failed,customer_followup,0.22050205759481814,7508.639701185817,34052.47,1
TXN_005226,618.11,bank_decline,alternate_payment,0.5724196384210923,353.8183027044614,618.11,1
TXN_005227,1177.5,network_error,retry_later,0.5657297106593371,666.1467343013694,1177.5,1
TXN_005228,2740.34,card_expired,customer_followup,0.610960242515798,1674.2387909757417,0.0,0
TXN_005229,3295.17,network_error,retry,0.6601470174566006,2175.2966475124667,3295.17,1
TXN_005230,4712.3,bank_decline,alternate_payment,0.44556126405298724,2099.618344596892,4712.3,1
TXN_005231,11021.56,bank_decline,alternate_payment,0.32791388749889,3614.122585902266,0.0,0
TXN_005232,2999.37,network_error,retry,0.44373082847822054,1330.9129350127203,2999.37,1
TXN_005233,628.9,network_error,retry_later,0.6867345465244162,431.88735630920536,0.0,0
TXN_005234,1398.36,limit_exceeded,alternate_payment,0.6493081192962675,907.9665016991286,1398.36,1
TXN_005235,2459.79,network_error,retry,0.8411617558080327,2069.0812753190407,2459.79,1
TXN_005236,14303.02,bank_decline,alternate_payment,0.42568021931232364,6088.512690428552,14303.02,1
TXN_005237,446.84,insufficient_funds,retry_later,0.7311923496648893,326.72598952425915,446.84,1
TXN_005238,6018.4,limit_exceeded,alternate_payment,0.3315396303387858,1995.3381112309485,0.0,0
TXN_005239,2164.43,network_error,retry,0.8239273724274184,1783.3331227030772,2164.43,1
TXN_005240,4179.01,network_error,retry,0.7519772599736144,3142.5204892023344,4179.01,1
TXN_005241,1632.72,card_expired,customer_followup,0.3105122469345064,506.9795558149073,0.0,0
TXN_005242,778.65,authentication_failed,customer_followup,0.4056611183248844,315.8680297836712,778.65,1
TXN_005243,3830.97,card_expired,customer_followup,0.5399069196048476,2068.367211798583,3830.97,1
TXN_005244,3478.76,limit_exceeded,alternate_payment,0.4007895879645208,1394.2507870274565,0.0,0
TXN_005245,4779.34,insufficient_funds,retry_later,0.6452074859273563,3083.6659457920514,4779.34,1
TXN_005246,1784.15,network_error,retry_later,0.5044999277952933,900.1035461759726,1784.15,1
TXN_005247,992.45,bank_decline,alternate_payment,0.7101271968117142,704.7657364757858,992.45,1
TXN_005248,380.4,insufficient_funds,retry_later,0.6422324759789353,244.30523386238696,0.0,0
TXN_005249,4102.59,bank_decline,alternate_payment,0.36512856446803355,1497.9727973009099,4102.59,1
TXN_005250,2762.49,network_error,retry_later,0.6605994541935278,1824.8993862150785,2762.49,1
TXN_005251,688.29,limit_exceeded,alternate_payment,0.41464937804914354,285.399020417445,688.29,1
TXN_005252,1055.14,authentication_failed,customer_followup,0.24714976568998373,260.7776037701295,0.0,0
TXN_005253,1133.7,bank_decline,alternate_payment,0.8611573196413478,976.2940532773961,1133.7,1
TXN_005254,410.35,limit_exceeded,alternate_payment,0.2696578150770462,110.65408441686593,410.35,1
TXN_005255,798.17,card_expired,customer_followup,0.38947921353227927,310.8706238650593,0.0,0
TXN_005256,581.82,card_expired,customer_followup,0.30087394399481676,175.0544780950643,581.82,1
TXN_005257,1196.94,bank_decline,alternate_payment,0.42673788132402013,510.7796396719727,1196.94,1
TXN_005258,863.77,card_expired,customer_followup,0.3138512221173906,271.0952701283385,863.77,1
TXN_005259,355.31,insufficient_funds,retry_later,0.7847923716534764,278.84457757219667,355.31,1
TXN_005260,13664.96,insufficient_funds,retry_later,0.6510426377873877,8896.47160365914,0.0,0
TXN_005261,6326.74,network_error,retry,0.6236682076842033,3945.786596283956,6326.74,1
TXN_005262,829.63,bank_decline,alternate_payment,0.5118232189716507,424.6238971554506,0.0,0
TXN_005263,2374.21,insufficient_funds,retry_later,0.4794029307939991,1138.2032323204205,2374.21,1
TXN_005264,2744.8,network_error,retry,0.8670241523880576,2379.807893474741,2744.8,1
TXN_005265,5949.64,insufficient_funds,retry_later,0.3622820262186952,2155.4476344717978,0.0,0
TXN_005266,797.43,card_expired,customer_followup,0.2953965942934434,235.55810618742055,797.43,1
TXN_005267,5388.96,bank_decline,alternate_payment,0.3242820424770053,1747.5429556268825,5388.96,1
TXN_005268,1045.34,network_error,retry,0.7110101131715485,743.2473117027464,1045.34,1
TXN_005269,475.39,card_expired,customer_followup,0.3129776441293963,148.78644224267373,0.0,0
TXN_005270,3729.9,insufficient_funds,retry_later,0.6967482400887914,2598.8012607071832,3729.9,1
TXN_005271,6573.22,authentication_failed,customer_followup,0.34728791989785784,2282.799900830997,6573.22,1
TXN_005272,24050.45,authentication_failed,customer_followup,0.3480622333929781,8371.05334110615,24050.45,1
TXN_005273,544.72,limit_exceeded,alternate_payment,0.24392146533842474,132.86890059914674,544.72,1
TXN_005274,3637.02,authentication_failed,customer_followup,0.25042669081776614,910.8068830380319,0.0,0
TXN_005275,1200.15,network_error,retry,0.7420260204467466,890.542528439163,1200.15,1
TXN_005276,3957.46,bank_decline,alternate_payment,0.6679223874787199,2643.276131551535,3957.46,1
TXN_005277,415.51,limit_exceeded,alternate_payment,0.7572152235724224,314.63049754657726,415.51,1
TXN_005278,511.44,card_expired,customer_followup,0.49406784720239055,252.68605977319064,511.44,1
TXN_005279,832.24,network_error,retry,0.5949910651645975,495.17536407258467,0.0,0
TXN_005280,1956.6,limit_exceeded,alternate_payment,0.7566309526981259,1480.424122049153,1956.6,1
TXN_005281,952.34,authentication_failed,customer_followup,0.48384528552791906,460.7852192196585,0.0,0
TXN_005282,3494.88,bank_decline,alternate_payment,0.7403441648675775,2587.414014912399,3494.88,1
TXN_005283,5048.74,bank_decline,alternate_payment,0.7147132905452596,3608.4015785074735,5048.74,1
TXN_005284,3293.08,network_error,retry_later,0.4072334259515147,1341.052250332414,0.0,0
TXN_005285,9125.13,limit_exceeded,alternate_payment,0.6469311574679226,5903.330912945265,9125.13,1
TXN_005286,2740.31,bank_decline,alternate_payment,0.3309467106651396,906.8965807027887,0.0,0
TXN_005287,535.45,authentication_failed,customer_followup,0.5693588462996124,304.8631942511275,0.0,0
TXN_005288,7068.31,network_error,retry_later,0.6027706125534482,4260.569548417664,7068.31,1
TXN_005289,987.17,card_expired,customer_followup,0.5006069920116926,494.1842043041825,987.17,1
TXN_005290,4493.64,network_error,retry,0.8152596836790281,3663.4835249674284,4493.64,1
TXN_005291,8723.14,insufficient_funds,retry_later,0.5775000177352962,5037.613504707472,8723.14,1
TXN_005292,2854.6,insufficient_funds,retry_later,0.43626456272911035,1245.3608207665184,2854.6,1
TXN_005293,404.98,authentication_failed,customer_followup,0.7281484673461169,294.8855663058304,404.98,1
TXN_005294,721.83,card_expired,customer_followup,0.7064323006251015,509.9240275602171,721.83,1
TXN_005295,6786.87,insufficient_funds,retry_later,0.7060043594767075,4791.559807201682,6786.87,1
TXN_005296,1526.72,authentication_failed,customer_followup,0.4212384335155301,643.1131412168301,1526.72,1
TXN_005297,1957.79,card_expired,customer_followup,0.4131447126147702,808.8505869100709,1957.79,1
TXN_005298,3861.55,insufficient_funds,retry_later,0.2498239855865362,964.7078115416889,0.0,0
TXN_005299,3627.59,card_expired,customer_followup,0.5175919715664439,1877.6114601347163,3627.59,1
TXN_005300,2389.41,bank_decline,alternate_payment,0.5804542491072159,1386.9431873592725,2389.41,1
TXN_005301,1467.52,limit_exceeded,alternate_payment,0.5613874921619085,823.847372497444,1467.52,1
TXN_005302,1322.57,limit_exceeded,alternate_payment,0.738758166539949,977.0593883207403,1322.57,1
TXN_005303,4263.73,network_error,retry_later,0.4190862432726511,1786.8705880289006,0.0,0
TXN_005304,3145.0,network_error,retry_later,0.6768650486666403,2128.7405780565837,0.0,0
TXN_005305,1397.86,authentication_failed,customer_followup,0.31798193838697203,444.49423239361266,1397.86,1
TXN_005306,5335.36,card_expired,customer_followup,0.24349000041055663,1299.1068085904674,0.0,0
TXN_005307,1589.17,card_expired,customer_followup,0.2554182118849898,405.90295978126926,1589.17,1
TXN_005308,771.5,bank_decline,alternate_payment,0.4273082757923441,329.66833477379345,771.5,1
TXN_005309,846.43,card_expired,customer_followup,0.3372176476545566,285.4311335042463,0.0,0
TXN_005310,679.43,limit_exceeded,alternate_payment,0.7350404091912355,499.4085052168011,0.0,0
TXN_005311,1376.9,card_expired,customer_followup,0.4341739275199853,597.8140808022678,1376.9,1
TXN_005312,6208.81,card_expired,customer_followup,0.3202186535610408,1988.1767784163258,6208.81,1
TXN_005313,808.28,bank_decline,alternate_payment,0.7986480748021372,645.5312659010714,0.0,0
TXN_005314,2183.04,limit_exceeded,alternate_payment,0.6182204966740827,1349.6000730593896,0.0,0
TXN_005315,937.59,bank_decline,alternate_payment,0.40530999560604936,380.01459878027583,937.59,1
TXN_005316,1393.66,bank_decline,alternate_payment,0.5885784844840055,820.2782906859792,1393.66,1
TXN_005317,399.4,card_expired,customer_followup,0.24164444637723675,96.51279188306836,399.4,1
TXN_005318,1450.21,card_expired,customer_followup,0.6657064879062993,965.4142058265943,0.0,0
TXN_005319,1489.65,network_error,retry,0.7568126257464034,1127.38592794313,1489.65,1
TXN_005320,3103.51,card_expired,customer_followup,0.535248119022925,1661.147889868838,3103.51,1
TXN_005321,2260.36,authentication_failed,customer_followup,0.23851312125889726,539.125518768761,2260.36,1
TXN_005322,545.45,bank_decline,alternate_payment,0.28433564176341175,155.09087579985294,545.45,1
TXN_005323,5346.5,card_expired,customer_followup,0.41450934119486493,2216.1741926983455,5346.5,1
TXN_005324,2231.22,limit_exceeded,alternate_payment,0.8478431783439404,1891.7246563845665,0.0,0
TXN_005325,2204.8,bank_decline,alternate_payment,0.4057547976431096,894.6081778435282,2204.8,1
TXN_005326,1791.52,bank_decline,alternate_payment,0.8220905310469876,1472.7916281812993,1791.52,1
TXN_005327,1077.33,authentication_failed,customer_followup,0.3642492209215511,392.4166131754146,1077.33,1
TXN_005328,2248.01,bank_decline,alternate_payment,0.3886961870579574,873.7929154681589,2248.01,1
TXN_005329,2909.07,bank_decline,alternate_payment,0.33077242556699243,962.2401400441707,2909.07,1
TXN_005330,315.17,bank_decline,alternate_payment,0.3759322622977097,118.48257110836917,315.17,1
TXN_005331,1054.94,network_error,retry_later,0.4447979609875562,469.2351609642126,1054.94,1
TXN_005332,1401.16,network_error,retry,0.47898773714660936,671.1384577803432,1401.16,1
TXN_005333,2335.94,card_expired,customer_followup,0.2680590641742518,626.1698903672018,2335.94,1
TXN_005334,5962.89,network_error,retry_later,0.5006567158204441,2985.3609241985682,5962.89,1
TXN_005335,835.69,card_expired,customer_followup,0.4848478890830562,405.18253242781924,0.0,0
TXN_005336,1098.87,network_error,retry_later,0.5301464608894647,582.562041477606,0.0,0
TXN_005337,1082.97,authentication_failed,customer_followup,0.5917909993953148,640.8918986151441,1082.97,1
TXN_005338,811.17,bank_decline,alternate_payment,0.5208994644938519,422.53801861347785,811.17,1
TXN_005339,1277.7,authentication_failed,customer_followup,0.5175748409901004,661.3053743330513,0.0,0
TXN_005340,3908.08,card_expired,customer_followup,0.6555754842624009,2562.0414385362037,3908.08,1
TXN_005341,630.28,card_expired,customer_followup,0.3230579330198462,203.61695402374866,0.0,0
TXN_005342,2773.36,insufficient_funds,retry_later,0.7487122490153117,2076.448602929105,0.0,0
TXN_005343,329.67,limit_exceeded,alternate_payment,0.5588495798954417,184.23594100413027,329.67,1
TXN_005344,1031.39,network_error,retry_later,0.6838725146677839,705.3392729032057,1031.39,1
TXN_005345,1300.51,limit_exceeded,alternate_payment,0.28393777068694626,369.2639101560805,0.0,0
TXN_005346,9651.41,network_error,retry,0.9064535454742516,8748.554813325647,9651.41,1
TXN_005347,1373.61,authentication_failed,customer_followup,0.4285226524896943,588.623000686369,1373.61,1
TXN_005348,200.09,limit_exceeded,alternate_payment,0.6811021589558663,136.2817309854793,200.09,1
TXN_005349,244.96,network_error,retry_later,0.5804476656085411,142.18646016746823,244.96,1
TXN_005350,1870.63,limit_exceeded,alternate_payment,0.3273684922414127,612.3853226415538,1870.63,1
TXN_005351,3340.15,authentication_failed,customer_followup,0.49394707904857854,1649.8573360841096,3340.15,1
TXN_005352,2631.89,network_error,retry,0.8180584865088507,2153.039950057779,0.0,0
TXN_005353,2137.88,bank_decline,alternate_payment,0.48441125427757686,1035.6131322949461,2137.88,1
TXN_005354,5780.58,card_expired,customer_followup,0.45950299834644887,2656.1938421815153,5780.58,1
TXN_005355,1054.06,network_error,retry,0.7837990292734335,826.1712047959553,1054.06,1
TXN_005356,4424.49,bank_decline,alternate_payment,0.8006488149942996,3542.4626754541287,4424.49,1
TXN_005357,353.54,insufficient_funds,retry_later,0.6057431440045549,214.15443113137033,353.54,1
TXN_005358,731.47,insufficient_funds,retry_later,0.4026588329322678,294.53285652496595,0.0,0
TXN_005359,296.77,limit_exceeded,alternate_payment,0.3946387103797482,117.11693007939786,0.0,0
TXN_005360,1373.55,authentication_failed,customer_followup,0.6663492424902913,915.2640020225396,1373.55,1
TXN_005361,1726.31,limit_exceeded,alternate_payment,0.5950706130872842,1027.2763500787094,1726.31,1
TXN_005362,2026.57,bank_decline,alternate_payment,0.4052816742174538,821.3316825188654,2026.57,1
TXN_005363,1923.46,insufficient_funds,retry_later,0.4958426743241928,953.7335503556119,1923.46,1
TXN_005364,715.12,authentication_failed,customer_followup,0.31063933065039634,222.14439813471142,0.0,0
TXN_005365,1494.82,authentication_failed,customer_followup,0.28206945478040796,421.6430623948494,1494.82,1
TXN_005366,404.46,insufficient_funds,retry_later,0.5676674552814249,229.5987789631251,0.0,0
TXN_005367,7067.27,insufficient_funds,retry_later,0.4951370307657916,3499.267083420156,7067.27,1
TXN_005368,1334.58,network_error,retry,0.6628706549328036,884.653918660221,1334.58,1
TXN_005369,1108.89,card_expired,customer_followup,0.548593803167555,608.3301823944702,1108.89,1
TXN_005370,8856.8,insufficient_funds,retry_later,0.4321727303384202,3827.6674380613194,8856.8,1
TXN_005371,522.04,network_error,retry_later,0.4740391257689725,247.4673852164344,522.04,1
TXN_005372,586.64,authentication_failed,customer_followup,0.3211471935959898,188.39778965115147,586.64,1
TXN_005373,604.12,limit_exceeded,alternate_payment,0.42274394620822264,255.38807278331146,604.12,1
TXN_005374,1689.4,limit_exceeded,alternate_payment,0.48842041053453417,825.137441557042,1689.4,1
TXN_005375,2783.97,authentication_failed,customer_followup,0.2933932413434267,816.7979821028596,2783.97,1
TXN_005376,3788.31,bank_decline,alternate_payment,0.3813736157273179,1444.7614821959558,0.0,0
TXN_005377,23670.75,bank_decline,alternate_payment,0.6562730607732117,15534.4755532975,23670.75,1
TXN_005378,190.67,network_error,retry,0.5849248408712282,111.52761940891708,190.67,1
TXN_005379,3323.37,insufficient_funds,retry_later,0.4400785570889728,1462.5438742727795,0.0,0
TXN_005380,1035.74,authentication_failed,customer_followup,0.5030629082668292,521.0423766082857,1035.74,1
TXN_005381,1005.85,authentication_failed,customer_followup,0.4247804414010167,427.26540698321264,1005.85,1
TXN_005382,972.85,limit_exceeded,alternate_payment,0.5526708375741801,537.6658243340412,972.85,1
TXN_005383,728.68,bank_decline,alternate_payment,0.2973236227819,216.65377744871486,728.68,1
TXN_005384,9745.15,network_error,retry_later,0.5809618997321271,5661.560857174538,9745.15,1
TXN_005385,4197.72,insufficient_funds,retry_later,0.6699153786151605,2812.1171831204315,4197.72,1
TXN_005386,1850.47,insufficient_funds,retry_later,0.5759756516782426,1065.8256641610376,1850.47,1
TXN_005387,6981.48,bank_decline,alternate_payment,0.7889804509800127,5508.251238907938,6981.48,1
TXN_005388,398.41,insufficient_funds,retry_later,0.35819140644470737,142.70703824163587,0.0,0
TXN_005389,477.85,network_error,retry_later,0.42666738225458756,203.88300861035466,0.0,0
TXN_005390,204.8,authentication_failed,customer_followup,0.3301921609989356,67.62335457258202,0.0,0
TXN_005391,898.37,bank_decline,alternate_payment,0.25436546256197234,228.5143006017991,898.37,1
TXN_005392,2125.36,insufficient_funds,retry_later,0.5922647023277531,1258.7757077393132,2125.36,1
TXN_005393,2003.92,limit_exceeded,alternate_payment,0.46488176012831,931.585856756323,0.0,0
TXN_005394,2099.26,limit_exceeded,alternate_payment,0.7434058727068074,1560.6022123384926,2099.26,1
TXN_005395,440.96,authentication_failed,customer_followup,0.8185079636698577,360.92927165986043,440.96,1
TXN_005396,4036.59,card_expired,customer_followup,0.8095263037193745,3267.72578233059,4036.59,1
TXN_005397,2297.62,bank_decline,alternate_payment,0.35556214041308365,816.9466850559093,2297.62,1
TXN_005398,3763.31,bank_decline,alternate_payment,0.5677164465062495,2136.492980301434,3763.31,1
TXN_005399,272.39,card_expired,customer_followup,0.4810053924802656,131.02105885769953,272.39,1
TXN_005400,2468.81,network_error,retry,0.811043432026751,2002.3121354219631,2468.81,1
TXN_005401,551.28,bank_decline,alternate_payment,0.8040464665842812,443.25473609858255,551.28,1
TXN_005402,1215.22,authentication_failed,customer_followup,0.5589113014909495,679.2001917978316,0.0,0
TXN_005403,3085.18,authentication_failed,customer_followup,0.331418547455569,1022.4858742389722,0.0,0
TXN_005404,1980.48,bank_decline,alternate_payment,0.3146151142800599,623.0889415293731,1980.48,1
TXN_005405,771.6,network_error,retry,0.6419027067512224,495.2921285292432,771.6,1
TXN_005406,1819.42,card_expired,customer_followup,0.41924152941454873,762.7764234474183,0.0,0
TXN_005407,390.91,bank_decline,alternate_payment,0.3163864146202822,123.67861333921454,0.0,0
TXN_005408,5711.67,bank_decline,alternate_payment,0.8382775820111928,4787.96491684587,5711.67,1
TXN_005409,1472.5,limit_exceeded,alternate_payment,0.3548261592654767,522.4815195184145,1472.5,1
TXN_005410,5533.36,network_error,retry,0.9000253022886512,4980.164006671931,5533.36,1
TXN_005411,1067.92,network_error,retry_later,0.6539814461234397,698.3998659441437,0.0,0
TXN_005412,1071.08,authentication_failed,customer_followup,0.4863730629734103,520.9444602895603,1071.08,1
TXN_005413,842.03,limit_exceeded,alternate_payment,0.3805080847801355,320.3992226274175,0.0,0
TXN_005414,4342.36,network_error,retry,0.8193692367154166,3557.9961987435563,4342.36,1
TXN_005415,889.42,authentication_failed,customer_followup,0.3267536572144005,290.62123779963207,889.42,1
TXN_005416,3444.71,bank_decline,alternate_payment,0.7111176580798244,2449.594107964152,3444.71,1
TXN_005417,1233.42,limit_exceeded,alternate_payment,0.3075251662348123,379.3076905373422,1233.42,1
TXN_005418,250.64,network_error,retry,0.650588902125692,163.06360242878344,250.64,1
TXN_005419,1022.17,network_error,retry_later,0.5999571026423666,613.2581516079479,1022.17,1
TXN_005420,556.07,card_expired,customer_followup,0.573310409501018,318.8007194112311,556.07,1
TXN_005421,1870.39,authentication_failed,customer_followup,0.22936785777018717,429.0073474947804,1870.39,1
TXN_005422,549.82,authentication_failed,customer_followup,0.5575375767249257,306.5453104348986,549.82,1
TXN_005423,4564.09,limit_exceeded,alternate_payment,0.2970059600379852,1355.561932149768,0.0,0
TXN_005424,1650.65,network_error,retry,0.7002551721719401,1155.876199945613,1650.65,1
TXN_005425,1513.84,bank_decline,alternate_payment,0.42165989133806875,638.325609903222,1513.84,1
TXN_005426,3483.85,network_error,retry_later,0.7028267579134138,2448.5430005566463,3483.85,1
TXN_005427,4740.54,authentication_failed,customer_followup,0.3048785918649173,1445.2891598793149,0.0,0
TXN_005428,1772.07,limit_exceeded,alternate_payment,0.4262307557823476,755.3107353992247,1772.07,1
TXN_005429,836.14,card_expired,customer_followup,0.710124099275258,593.7631643680143,836.14,1
TXN_005430,306.75,authentication_failed,customer_followup,0.3155839129072382,96.80536528429532,0.0,0
TXN_005431,910.46,limit_exceeded,alternate_payment,0.6883982801753878,626.7590981684837,910.46,1
TXN_005432,975.34,bank_decline,alternate_payment,0.31352514052062536,305.79361055538675,975.34,1
TXN_005433,2012.35,bank_decline,alternate_payment,0.8273551848031399,1664.9282061385984,2012.35,1
TXN_005434,1280.3,card_expired,customer_followup,0.29409035490354,376.5238813830023,1280.3,1
TXN_005435,3597.28,bank_decline,alternate_payment,0.784593028991419,2822.400811330252,3597.28,1
TXN_005436,979.48,bank_decline,alternate_payment,0.8881080772225779,869.8840994779706,979.48,1
TXN_005437,1707.8,insufficient_funds,retry_later,0.4919284441712037,840.1153969555817,1707.8,1
TXN_005438,5907.56,authentication_failed,customer_followup,0.38876142308400685,2296.6314325541557,0.0,0
TXN_005439,2544.85,bank_decline,alternate_payment,0.7087888451228326,1803.7612925108403,2544.85,1
TXN_005440,1702.69,insufficient_funds,retry_later,0.501494505075506,853.8896788470133,0.0,0
TXN_005441,990.35,authentication_failed,customer_followup,0.3125335683312238,309.5176193968275,990.35,1
TXN_005442,959.84,insufficient_funds,retry_later,0.5075148725125392,487.13307523243566,959.84,1
TXN_005443,772.31,insufficient_funds,retry_later,0.6274948641260529,484.6205585131919,772.31,1
TXN_005444,1052.57,network_error,retry,0.7995573948449203,841.5901270919177,0.0,0
TXN_005445,3849.37,limit_exceeded,alternate_payment,0.46324714976753867,1783.2096809006703,3849.37,1
TXN_005446,1448.25,card_expired,customer_followup,0.5518841096580378,799.2661618122532,1448.25,1
TXN_005447,468.82,insufficient_funds,retry_later,0.8784944757184792,411.8557801063374,468.82,1
TXN_005448,10595.34,bank_decline,alternate_payment,0.35281494667490293,3738.194317102466,10595.34,1
TXN_005449,2489.82,card_expired,customer_followup,0.42406955987543027,1055.856871569044,2489.82,1
TXN_005450,442.77,limit_exceeded,alternate_payment,0.2476817416783205,109.66604476290996,442.77,1
TXN_005451,1162.29,insufficient_funds,retry_later,0.42009929485345426,488.27720941522136,1162.29,1
TXN_005452,2020.07,limit_exceeded,alternate_payment,0.5208449939072015,1052.1433468421205,2020.07,1
TXN_005453,9942.68,bank_decline,alternate_payment,0.2772165799547007,2756.275745184004,9942.68,1
TXN_005454,596.98,bank_decline,alternate_payment,0.39319444739764997,234.7292212074491,596.98,1
TXN_005455,4798.41,insufficient_funds,retry_later,0.6508935341658262,3123.254043276642,0.0,0
TXN_005456,7328.21,insufficient_funds,retry_later,0.3102064997648325,2273.258373641643,7328.21,1
TXN_005457,964.25,insufficient_funds,retry_later,0.7176357755931705,691.9802966157147,964.25,1
TXN_005458,1369.89,authentication_failed,customer_followup,0.755431980447296,1034.8587156949463,1369.89,1
TXN_005459,641.42,insufficient_funds,retry_later,0.31408504017193695,201.46042646708378,0.0,0
TXN_005460,1475.19,card_expired,customer_followup,0.4144232773567827,611.3530745239523,0.0,0
TXN_005461,1743.08,network_error,retry_later,0.4591140339074127,800.2724902233329,0.0,0
TXN_005462,3496.96,insufficient_funds,retry_later,0.690727369399537,2415.445981695405,3496.96,1
TXN_005463,5378.6,insufficient_funds,retry_later,0.45989462768107914,2473.5892444454526,5378.6,1
TXN_005464,855.69,authentication_failed,customer_followup,0.7293959017696433,624.1367791852662,855.69,1
TXN_005465,252.82,card_expired,customer_followup,0.3652198572168815,92.33488430157198,252.82,1
TXN_005466,1770.04,bank_decline,alternate_payment,0.27560923847382945,487.8393764682171,1770.04,1
TXN_005467,2424.88,insufficient_funds,retry_later,0.7516530334120206,1822.6684076601407,2424.88,1
TXN_005468,2320.22,bank_decline,alternate_payment,0.23371804050149445,542.2772719323774,0.0,0
TXN_005469,1304.18,network_error,retry_later,0.5613010520477146,732.0376060595885,0.0,0
TXN_005470,2048.27,limit_exceeded,alternate_payment,0.48550879165116556,994.4530926753329,2048.27,1
TXN_005471,8229.21,insufficient_funds,retry_later,0.48108187225696625,3958.923753995749,0.0,0
TXN_005472,2648.46,limit_exceeded,alternate_payment,0.3813622236910531,1010.0225949568065,2648.46,1
TXN_005473,1244.68,network_error,retry,0.586950756848098,730.5658680336908,1244.68,1
TXN_005474,1096.42,bank_decline,alternate_payment,0.3995133232809517,438.0343979117011,0.0,0
TXN_005475,1525.61,insufficient_funds,retry_later,0.6786435393402495,1035.3453700528778,1525.61,1
TXN_005476,9290.43,insufficient_funds,retry_later,0.6673897088186347,6200.337372499908,9290.43,1
TXN_005477,1505.23,card_expired,customer_followup,0.6922933662985764,1042.0607437536062,1505.23,1
TXN_005478,1772.61,card_expired,customer_followup,0.36947703503291396,654.9386870696936,0.0,0
TXN_005479,1116.2,insufficient_funds,retry_later,0.6556711641632492,731.8601534390189,1116.2,1
TXN_005480,5426.14,network_error,retry_later,0.3575348467833766,1940.0341335251512,5426.14,1
TXN_005481,12833.8,authentication_failed,customer_followup,0.33930412699968915,4354.56130508861,0.0,0
TXN_005482,2837.31,network_error,retry,0.8792986392396429,2494.8428221010313,2837.31,1
TXN_005483,1964.07,card_expired,customer_followup,0.39907848653863404,783.818083055935,1964.07,1
TXN_005484,1875.79,card_expired,customer_followup,0.3670842595661742,688.5729832516339,0.0,0
TXN_005485,166.62,authentication_failed,customer_followup,0.337232138075677,56.1896188461693,166.62,1
TXN_005486,3809.11,card_expired,customer_followup,0.6479140748984646,2467.9759818364905,0.0,0
TXN_005487,2067.65,card_expired,customer_followup,0.3071463650058604,635.0711816043673,2067.65,1
TXN_005488,2774.82,limit_exceeded,alternate_payment,0.2490136008358631,690.9679198713696,0.0,0
TXN_005489,887.61,bank_decline,alternate_payment,0.5444394131892621,483.249867540921,887.61,1
TXN_005490,1230.95,authentication_failed,customer_followup,0.4613744008992199,567.9288187868947,0.0,0
TXN_005491,1198.68,card_expired,customer_followup,0.6679601646156936,800.6704901215397,1198.68,1
TXN_005492,5022.2,limit_exceeded,alternate_payment,0.4902008165704808,2461.886540980269,0.0,0
TXN_005493,1237.98,limit_exceeded,alternate_payment,0.31070089390588235,384.64149263760424,1237.98,1
TXN_005494,14510.97,network_error,retry_later,0.4670324623613647,6777.094050351892,14510.97,1
TXN_005495,2781.82,card_expired,customer_followup,0.22842700859828555,635.4428210588827,2781.82,1
TXN_005496,504.88,insufficient_funds,retry_later,0.529909576785871,267.54074712765055,504.88,1
TXN_005497,1589.94,authentication_failed,customer_followup,0.27719320097689387,440.72055796120264,1589.94,1
TXN_005498,942.3,limit_exceeded,alternate_payment,0.5851847550201028,551.4195946554429,0.0,0
TXN_005499,201.47,limit_exceeded,alternate_payment,0.5954298464883379,119.96125117200543,201.47,1
TXN_005500,8950.56,network_error,retry_later,0.5344444360708878,4783.576991718645,0.0,0
TXN_005501,3652.41,limit_exceeded,alternate_payment,0.4742638404754904,1732.2059935910859,3652.41,1
TXN_005502,3081.61,insufficient_funds,retry_later,0.7818811702956678,2409.452833194833,3081.61,1
TXN_005503,2133.25,insufficient_funds,retry_later,0.44837804637283707,956.5024674248547,2133.25,1
TXN_005504,453.95,bank_decline,alternate_payment,0.3916348792694828,177.7826534443817,453.95,1
TXN_005505,1114.75,bank_decline,alternate_payment,0.40241055176325197,448.58716257808516,1114.75,1
TXN_005506,4195.55,network_error,retry,0.6821356873696827,2861.9343831438723,4195.55,1
TXN_005507,631.93,limit_exceeded,alternate_payment,0.34182384096393253,216.00873982033787,631.93,1
TXN_005508,143.77,authentication_failed,customer_followup,0.5718830297552142,82.21962318790715,143.77,1
TXN_005509,1440.71,network_error,retry,0.9075835381900502,1307.5646793057872,1440.71,1
TXN_005510,1569.08,limit_exceeded,alternate_payment,0.2734741901455891,429.10288227364094,1569.08,1
TXN_005511,2070.54,insufficient_funds,retry_later,0.35202799422340214,728.888043159323,2070.54,1
TXN_005512,3746.28,bank_decline,alternate_payment,0.4603334151533467,1724.5378665206797,0.0,0
TXN_005513,3420.72,insufficient_funds,retry_later,0.47517434552974225,1625.4383872404999,0.0,0
TXN_005514,2342.02,insufficient_funds,retry_later,0.6633320578869264,1553.5369462123394,2342.02,1
TXN_005515,5976.15,bank_decline,alternate_payment,0.32596146595746645,1947.994614781713,5976.15,1
TXN_005516,395.85,limit_exceeded,alternate_payment,0.3182635782255838,125.98463744059737,0.0,0
TXN_005517,2994.65,bank_decline,alternate_payment,0.5540021292284096,1659.042476293857,2994.65,1
TXN_005518,3383.07,authentication_failed,customer_followup,0.30852871317024133,1043.7742336648485,0.0,0
TXN_005519,523.45,insufficient_funds,retry_later,0.6599389479429092,345.44504230071584,523.45,1
TXN_005520,402.27,bank_decline,alternate_payment,0.3826534427280219,153.93000040620134,402.27,1
TXN_005521,857.53,network_error,retry_later,0.5112440669444028,438.40712472683373,0.0,0
TXN_005522,933.05,insufficient_funds,retry_later,0.4380176604326769,408.6923780667092,933.05,1
TXN_005523,3840.74,limit_exceeded,alternate_payment,0.3287999723140458,1262.835205665448,3840.74,1
TXN_005524,977.95,limit_exceeded,alternate_payment,0.5303598011660421,518.6653675503309,977.95,1
TXN_005525,767.89,authentication_failed,customer_followup,0.37695956330582353,289.4634790669088,767.89,1
TXN_005526,980.8,authentication_failed,customer_followup,0.6429999596369315,630.6543604119023,980.8,1
TXN_005527,5533.81,limit_exceeded,alternate_payment,0.4832138099111648,2674.013413424503,5533.81,1
TXN_005528,1831.78,insufficient_funds,retry_later,0.45756710166752934,838.1622654925469,1831.78,1
TXN_005529,1511.34,card_expired,customer_followup,0.27875302922590717,421.2906031902825,1511.34,1
TXN_005530,1619.7,insufficient_funds,retry_later,0.4402655866304711,713.098170665374,1619.7,1
TXN_005531,6581.78,network_error,retry_later,0.5728774490218276,3770.553336422884,6581.78,1
TXN_005532,854.77,authentication_failed,customer_followup,0.4558321475867312,389.63164479271023,854.77,1
TXN_005533,6737.93,bank_decline,alternate_payment,0.8463854641928705,5702.886010749068,6737.93,1
TXN_005534,2231.65,limit_exceeded,alternate_payment,0.34399288583851106,767.6717236815133,0.0,0
TXN_005535,1540.07,bank_decline,alternate_payment,0.5999041347330343,923.8943607783041,1540.07,1
TXN_005536,22046.31,limit_exceeded,alternate_payment,0.509638603667255,11235.650644415442,22046.31,1
TXN_005537,629.14,limit_exceeded,alternate_payment,0.6064257269859439,381.52668187593673,629.14,1
TXN_005538,1269.42,insufficient_funds,retry_later,0.5064715280442229,642.9250871298975,0.0,0
TXN_005539,527.19,bank_decline,alternate_payment,0.2890563693152889,152.38762733932717,527.19,1
TXN_005540,4686.6,insufficient_funds,retry_later,0.3971018928890165,1861.0577312136647,4686.6,1
TXN_005541,9790.71,card_expired,customer_followup,0.46611332529319427,4563.58039508133,9790.71,1
TXN_005542,9603.88,bank_decline,alternate_payment,0.7790526550242434,7481.92821253423,9603.88,1
TXN_005543,6148.41,limit_exceeded,alternate_payment,0.3776069426852243,2321.68230247526,0.0,0
TXN_005544,1483.83,network_error,retry_later,0.42966660173366655,637.5521936504664,0.0,0
TXN_005545,1254.83,limit_exceeded,alternate_payment,0.29293621170757295,367.5851465370137,1254.83,1
TXN_005546,339.96,network_error,retry_later,0.48249885139898585,164.0303095215992,339.96,1
TXN_005547,13847.69,authentication_failed,customer_followup,0.5147293258781812,7127.812138670031,13847.69,1
TXN_005548,2889.9,bank_decline,alternate_payment,0.5807690934123702,1678.3646030524085,2889.9,1
TXN_005549,1105.49,insufficient_funds,retry_later,0.406069226066746,448.90546872452705,1105.49,1
TXN_005550,6823.02,card_expired,customer_followup,0.4982474515346315,3399.552326769822,6823.02,1
TXN_005551,683.51,network_error,retry_later,0.5313229338483129,363.1645385146603,683.51,1
TXN_005552,2715.2,authentication_failed,customer_followup,0.3114152709335526,845.5547436387819,2715.2,1
TXN_005553,1521.38,insufficient_funds,retry_later,0.37272862828743963,567.061880503945,0.0,0
TXN_005554,3424.38,network_error,retry_later,0.5114607994436917,1751.436132398989,0.0,0
TXN_005555,1696.68,bank_decline,alternate_payment,0.6861603388724932,1164.1945237581817,0.0,0
TXN_005556,423.72,authentication_failed,customer_followup,0.29005507819041987,122.90213773084471,0.0,0
TXN_005557,1949.98,authentication_failed,customer_followup,0.24703316479196868,481.7097306810431,1949.98,1
TXN_005558,5160.89,insufficient_funds,retry_later,0.7418210314791037,3828.456743150192,5160.89,1
TXN_005559,1755.98,authentication_failed,customer_followup,0.35257205771702294,619.1094819099379,1755.98,1
TXN_005560,3924.97,network_error,retry_later,0.6717620820776439,2636.6460192922896,0.0,0
TXN_005561,635.54,insufficient_funds,retry_later,0.7580388339792266,481.7640005471576,635.54,1
TXN_005562,1761.18,network_error,retry_later,0.5528348975241136,973.6417648215184,0.0,0
TXN_005563,968.25,network_error,retry,0.8163060788841512,790.3883608795794,968.25,1
TXN_005564,3816.09,limit_exceeded,alternate_payment,0.5169852040566381,1972.862067348496,3816.09,1
TXN_005565,1865.89,bank_decline,alternate_payment,0.6626732871885761,1236.4754598322922,0.0,0
TXN_005566,3604.99,authentication_failed,customer_followup,0.2923534759699432,1053.9313573368854,3604.99,1
TXN_005567,5365.32,bank_decline,alternate_payment,0.3414205817934876,1831.8306759082348,0.0,0
TXN_005568,3610.56,limit_exceeded,alternate_payment,0.22912841577222576,827.2818928505674,0.0,0
TXN_005569,2375.87,card_expired,customer_followup,0.32829745950413247,779.9920851120831,0.0,0
TXN_005570,666.33,card_expired,customer_followup,0.6376934036071151,424.9142456255291,0.0,0
TXN_005571,1803.01,bank_decline,alternate_payment,0.5653765956496706,1019.3796557223126,0.0,0
TXN_005572,1060.94,card_expired,customer_followup,0.3560209602616986,377.7168775800465,1060.94,1
TXN_005573,1281.69,card_expired,customer_followup,0.5412900511161856,693.7660456151038,0.0,0
TXN_005574,1243.23,limit_exceeded,alternate_payment,0.6073861137079414,755.120638145124,1243.23,1
TXN_005575,678.63,bank_decline,alternate_payment,0.43506398686303965,295.2474734048646,678.63,1
TXN_005576,255.36,limit_exceeded,alternate_payment,0.3545247657919247,90.5314441926259,255.36,1
TXN_005577,926.91,bank_decline,alternate_payment,0.6138166223719914,568.9527654428225,926.91,1
TXN_005578,2193.78,bank_decline,alternate_payment,0.6520728210942639,1430.5043134601744,0.0,0
TXN_005579,469.57,card_expired,customer_followup,0.789323275020168,370.64253025122025,0.0,0
TXN_005580,1836.62,authentication_failed,customer_followup,0.4121251637701515,756.9173182835357,1836.62,1
TXN_005581,12091.63,limit_exceeded,alternate_payment,0.5062361350303192,6121.220037416658,12091.63,1
TXN_005582,5029.4,network_error,retry_later,0.5497454586775832,2764.8898098730365,5029.4,1
TXN_005583,9353.83,network_error,retry_later,0.41238724259374193,3857.400161390621,0.0,0
TXN_005584,2673.46,authentication_failed,customer_followup,0.43619313841055307,1166.1449078150772,2673.46,1
TXN_005585,5811.01,bank_decline,alternate_payment,0.4705975584290341,2734.6471180067015,5811.01,1
TXN_005586,876.59,insufficient_funds,retry_later,0.5100717512037466,447.12379638769227,876.59,1
TXN_005587,949.24,insufficient_funds,retry_later,0.3787224428431629,359.49849164444396,949.24,1
TXN_005588,116.85,bank_decline,alternate_payment,0.7086537807509508,82.80619428074858,116.85,1
TXN_005589,5920.32,network_error,retry,0.8903968180720521,5271.434089968331,5920.32,1
TXN_005590,8436.51,insufficient_funds,retry_later,0.4419932410702091,3728.88039822123,8436.51,1
TXN_005591,1039.84,authentication_failed,customer_followup,0.2921081037291934,303.7456905817644,1039.84,1
TXN_005592,1402.55,insufficient_funds,retry_later,0.4191362941789195,587.8596094006435,1402.55,1
TXN_005593,850.77,authentication_failed,customer_followup,0.39655169576293703,337.37428620423395,850.77,1
TXN_005594,2650.9,insufficient_funds,retry_later,0.3013022500589013,798.7221346811416,0.0,0
TXN_005595,5568.79,network_error,retry_later,0.5336507135779525,2971.788757265766,5568.79,1
TXN_005596,316.47,bank_decline,alternate_payment,0.6166067246736612,195.13753015747358,316.47,1
TXN_005597,2722.86,limit_exceeded,alternate_payment,0.844736375448442,2300.098887253545,2722.86,1
TXN_005598,1371.04,insufficient_funds,retry_later,0.3349656409848569,459.25129241587825,0.0,0
TXN_005599,2025.14,limit_exceeded,alternate_payment,0.4487931817323698,908.8690240534914,2025.14,1
TXN_005600,2861.19,insufficient_funds,retry_later,0.7553681633902369,2161.251835410512,2861.19,1
TXN_005601,1497.87,limit_exceeded,alternate_payment,0.7414685227057489,1110.62345610526,1497.87,1
TXN_005602,1630.13,limit_exceeded,alternate_payment,0.5151211899262749,839.7145053345185,1630.13,1
TXN_005603,1459.9,limit_exceeded,alternate_payment,0.2914322758905623,425.46197957263195,1459.9,1
TXN_005604,4771.02,bank_decline,alternate_payment,0.6073899124786983,2897.8694202341194,4771.02,1
TXN_005605,2748.36,authentication_failed,customer_followup,0.3323853847657397,913.5146960747684,2748.36,1
TXN_005606,2254.27,limit_exceeded,alternate_payment,0.7079863635931175,1595.992419857057,2254.27,1
TXN_005607,507.27,insufficient_funds,retry_later,0.41791091157226884,211.99366811326482,0.0,0
TXN_005608,1238.21,card_expired,customer_followup,0.7082572122148563,876.9711627365572,0.0,0
TXN_005609,4441.15,authentication_failed,customer_followup,0.2633076754278884,1169.3888827265664,4441.15,1
TXN_005610,1877.5,authentication_failed,customer_followup,0.8495480406358566,1595.0264462938208,1877.5,1
TXN_005611,3496.55,authentication_failed,customer_followup,0.743381866145375,2599.271864070611,3496.55,1
TXN_005612,10577.79,limit_exceeded,alternate_payment,0.3992694196897547,4223.388074900091,10577.79,1
TXN_005613,5108.22,limit_exceeded,alternate_payment,0.7218424566108081,3687.330073708463,5108.22,1
TXN_005614,1984.57,card_expired,customer_followup,0.32805378694971626,651.0457039667984,1984.57,1
TXN_005615,1084.65,card_expired,customer_followup,0.24451995064758533,265.21856446990347,1084.65,1
TXN_005616,140.67,network_error,retry_later,0.36769296292082576,51.72336909407255,0.0,0
TXN_005617,1527.85,network_error,retry_later,0.5615944761177718,858.0321203365376,0.0,0
TXN_005618,1305.04,network_error,retry_later,0.5897574024842759,769.6570005380794,1305.04,1
TXN_005619,2671.42,bank_decline,alternate_payment,0.3804295255762287,1016.287043214849,2671.42,1
TXN_005620,1550.13,limit_exceeded,alternate_payment,0.6116726004882845,948.1720481949046,1550.13,1
TXN_005621,1312.4,card_expired,customer_followup,0.3080220858328547,404.2481854470385,1312.4,1
TXN_005622,305.09,bank_decline,alternate_payment,0.3918249832131205,119.54188412849092,0.0,0
TXN_005623,706.29,bank_decline,alternate_payment,0.8321758686936092,587.7574942996092,706.29,1
TXN_005624,2912.16,card_expired,customer_followup,0.4020586295245697,1170.8590585562708,2912.16,1
TXN_005625,10055.83,card_expired,customer_followup,0.4959572324750095,4987.261617039175,10055.83,1
TXN_005626,1640.04,network_error,retry_later,0.6443400376614747,1056.743435366325,0.0,0
TXN_005627,2509.43,insufficient_funds,retry_later,0.5138479082079945,1289.4653562943877,2509.43,1
TXN_005628,4686.67,limit_exceeded,alternate_payment,0.34976822309092925,1639.2482381135653,4686.67,1
TXN_005629,803.6,bank_decline,alternate_payment,0.7904983979614223,635.244512601799,803.6,1
TXN_005630,2609.24,card_expired,customer_followup,0.3733565077478591,974.1767342760238,2609.24,1
TXN_005631,862.22,card_expired,customer_followup,0.26280111308742043,226.59237572623564,0.0,0
TXN_005632,4293.36,limit_exceeded,alternate_payment,0.55836647127364,2397.268273107395,4293.36,1
TXN_005633,2103.59,network_error,retry_later,0.6895245446741066,1450.476936931004,2103.59,1
TXN_005634,2436.83,network_error,retry,0.8161044309932222,1988.7077605772135,2436.83,1
TXN_005635,826.67,bank_decline,alternate_payment,0.3346766609978754,276.66715534711363,826.67,1
TXN_005636,3666.65,insufficient_funds,retry_later,0.6871396641602167,2519.5006495930584,3666.65,1
TXN_005637,14540.79,insufficient_funds,retry_later,0.5735752838474539,8340.23775161622,14540.79,1
TXN_005638,659.9,authentication_failed,customer_followup,0.521383063456524,344.06068357496014,0.0,0
TXN_005639,1287.22,authentication_failed,customer_followup,0.37422202278134875,481.70607216460775,1287.22,1
TXN_005640,2279.26,network_error,retry,0.8336073163197106,1900.0078117948638,2279.26,1
TXN_005641,3969.54,limit_exceeded,alternate_payment,0.2855616272408821,1133.548301797771,3969.54,1
TXN_005642,1033.24,limit_exceeded,alternate_payment,0.41345370571089235,427.1969068887224,0.0,0
TXN_005643,106.37,bank_decline,alternate_payment,0.5752557059502093,61.18994944192376,106.37,1
TXN_005644,7038.78,authentication_failed,customer_followup,0.32507348977722145,2288.1207783741106,7038.78,1
TXN_005645,3868.05,bank_decline,alternate_payment,0.4064676554191625,1572.2372145440916,3868.05,1
TXN_005646,316.41,insufficient_funds,retry_later,0.856011819590656,270.8506998366795,316.41,1
TXN_005647,984.79,network_error,retry,0.6710356751338399,660.8292225150542,984.79,1
TXN_005648,8674.84,bank_decline,alternate_payment,0.5412143182123825,4694.947616201504,8674.84,1
TXN_005649,7690.93,limit_exceeded,alternate_payment,0.40359603799902394,3104.0288765278333,7690.93,1
TXN_005650,4622.26,insufficient_funds,retry_later,0.7179395967808798,3318.50348061639,4622.26,1
TXN_005651,1516.09,insufficient_funds,retry_later,0.348814323059765,528.8339070476791,0.0,0
TXN_005652,1964.49,bank_decline,alternate_payment,0.7672846803118986,1507.3230816259215,1964.49,1
TXN_005653,1586.16,bank_decline,alternate_payment,0.5836432374456462,925.7515575067862,1586.16,1
TXN_005654,5587.23,authentication_failed,customer_followup,0.3036358221534555,1696.4831746104512,5587.23,1
TXN_005655,753.07,authentication_failed,customer_followup,0.33835552936022106,254.8053984953017,753.07,1
TXN_005656,807.71,card_expired,customer_followup,0.3229623994036085,260.8599596222886,807.71,1
TXN_005657,4965.53,limit_exceeded,alternate_payment,0.34940342644049033,1734.9731960930478,4965.53,1
TXN_005658,1729.59,insufficient_funds,retry_later,0.37137751778924477,642.3308409930999,0.0,0
TXN_005659,7175.78,card_expired,customer_followup,0.785044892350621,5633.3094376317395,0.0,0
TXN_005660,923.79,authentication_failed,customer_followup,0.4746823573291461,438.50681487709187,923.79,1
TXN_005661,1711.66,insufficient_funds,retry_later,0.6255496385570655,1070.7282943325868,1711.66,1
TXN_005662,718.8,bank_decline,alternate_payment,0.41050510754425884,295.0710713028132,718.8,1
TXN_005663,1821.4,insufficient_funds,retry_later,0.45959439709530536,837.1052348693893,0.0,0
TXN_005664,412.18,bank_decline,alternate_payment,0.34892641946595476,143.82049157547723,412.18,1
TXN_005665,1110.28,network_error,retry_later,0.5231910843681011,580.8885971522153,0.0,0
TXN_005666,429.98,bank_decline,alternate_payment,0.3755295147270967,161.47018074235706,0.0,0
TXN_005667,3618.89,insufficient_funds,retry_later,0.3804434969600859,1376.7831667138853,0.0,0
TXN_005668,3701.86,authentication_failed,customer_followup,0.3625336151215698,1342.0486884739344,0.0,0
TXN_005669,320.45,bank_decline,alternate_payment,0.2802990133407983,89.82181882505881,320.45,1
TXN_005670,6862.9,card_expired,customer_followup,0.2584388695197815,1773.6401176273084,0.0,0
TXN_005671,21969.6,network_error,retry_later,0.6354295264606051,13960.13252452891,0.0,0
TXN_005672,1893.17,limit_exceeded,alternate_payment,0.44605313363159915,844.4544109973345,1893.17,1
TXN_005673,952.31,network_error,retry_later,0.6292993402836508,599.2880547455234,0.0,0
TXN_005674,30464.9,bank_decline,alternate_payment,0.3363037302665408,10245.45951219714,30464.9,1
TXN_005675,483.49,card_expired,customer_followup,0.726279161800893,351.14871193911375,0.0,0
TXN_005676,1844.76,card_expired,customer_followup,0.2729914011868484,503.60361725345047,1844.76,1
TXN_005677,2163.8,insufficient_funds,retry_later,0.3840110723500767,830.923158351096,2163.8,1
TXN_005678,6940.63,limit_exceeded,alternate_payment,0.34189053100409256,2372.935676202935,6940.63,1
TXN_005679,2590.84,network_error,retry_later,0.6666153821094718,1727.093796584504,0.0,0
TXN_005680,1098.13,bank_decline,alternate_payment,0.3566520147939385,391.6502770056677,1098.13,1
TXN_005681,698.42,card_expired,customer_followup,0.5863642396949915,409.5285122877759,698.42,1
TXN_005682,1284.57,bank_decline,alternate_payment,0.37847316027394906,486.17526749310673,1284.57,1
TXN_005683,660.55,insufficient_funds,retry_later,0.7303561269807612,482.4367396771418,0.0,0
TXN_005684,1896.61,bank_decline,alternate_payment,0.3703712182789999,702.4497563001339,1896.61,1
TXN_005685,1028.45,bank_decline,alternate_payment,0.5467340242406548,562.2886072303014,1028.45,1
TXN_005686,405.84,limit_exceeded,alternate_payment,0.6769556251008062,274.7356708909112,405.84,1
TXN_005687,6343.25,card_expired,customer_followup,0.8353570567387751,5298.878650158235,6343.25,1
TXN_005688,1099.19,limit_exceeded,alternate_payment,0.5478590604779097,602.2012006867136,0.0,0
TXN_005689,508.7,card_expired,customer_followup,0.39776434381460596,202.34272169849004,508.7,1
TXN_005690,1528.04,card_expired,customer_followup,0.4625291100777664,706.7629813632302,1528.04,1
TXN_005691,1935.99,authentication_failed,customer_followup,0.3651782692117456,706.9814774112474,1935.99,1
TXN_005692,315.3,insufficient_funds,retry_later,0.7112663276506535,224.26227310825104,315.3,1
TXN_005693,2519.08,card_expired,customer_followup,0.8076497703623458,2034.534383524378,2519.08,1
TXN_005694,634.5,authentication_failed,customer_followup,0.40820644784180155,259.0069911556231,634.5,1
TXN_005695,10006.89,insufficient_funds,retry_later,0.3447625500351762,3450.0009143215043,0.0,0
TXN_005696,3053.25,limit_exceeded,alternate_payment,0.4568080571720998,1394.7492005607137,3053.25,1
TXN_005697,1212.09,insufficient_funds,retry_later,0.840810757629032,1019.1383112145734,1212.09,1
TXN_005698,858.2,network_error,retry_later,0.6819868154125026,585.2810849870098,858.2,1
TXN_005699,1627.88,card_expired,customer_followup,0.4376887986299099,712.5048415136578,0.0,0
TXN_005700,3336.88,network_error,retry_later,0.5566423211280966,1857.4486285259231,3336.88,1
TXN_005701,1762.53,authentication_failed,customer_followup,0.7822289701386781,1378.7020267385242,1762.53,1
TXN_005702,1455.12,authentication_failed,customer_followup,0.3459403092594438,503.3846628096018,1455.12,1
TXN_005703,1916.72,authentication_failed,customer_followup,0.7656736888382181,1467.5820728699894,1916.72,1
TXN_005704,988.45,limit_exceeded,alternate_payment,0.4830578060613239,477.47848840131564,988.45,1
TXN_005705,1282.79,bank_decline,alternate_payment,0.4828221662107316,619.3594465934643,0.0,0
TXN_005706,224.57,insufficient_funds,retry_later,0.5041169761022742,113.20954932328772,224.57,1
TXN_005707,4787.32,bank_decline,alternate_payment,0.35635226461661323,1705.9723234444048,0.0,0
TXN_005708,2437.67,limit_exceeded,alternate_payment,0.3994051975303925,973.618067863912,2437.67,1
TXN_005709,834.26,card_expired,customer_followup,0.290250777839317,242.1446139202286,0.0,0
TXN_005710,12073.1,limit_exceeded,alternate_payment,0.2666606493432597,3219.420685586109,0.0,0
TXN_005711,1972.42,network_error,retry,0.6301113399953636,1242.8442092336552,1972.42,1
TXN_005712,641.53,bank_decline,alternate_payment,0.3863104832332742,247.8297643086424,0.0,0
TXN_005713,4258.78,authentication_failed,customer_followup,0.2411656780906041,1027.0715665387029,4258.78,1
TXN_005714,2692.02,limit_exceeded,alternate_payment,0.195044015171143,525.0623897210204,0.0,0
TXN_005715,2682.7,network_error,retry_later,0.697227233440149,1870.4514991498877,2682.7,1
TXN_005716,1181.15,limit_exceeded,alternate_payment,0.7986555291770261,943.3319782874445,1181.15,1
TXN_005717,2836.98,authentication_failed,customer_followup,0.3080726556265727,873.9959625594743,2836.98,1
TXN_005718,1391.64,insufficient_funds,retry_later,0.800859499077168,1114.5081132957503,1391.64,1
TXN_005719,3152.47,authentication_failed,customer_followup,0.29888755848208315,942.2340614880126,3152.47,1
TXN_005720,269.09,authentication_failed,customer_followup,0.5797138707681087,155.99520548499035,269.09,1
TXN_005721,1171.6,insufficient_funds,retry_later,0.34616049556663697,405.56163660587185,1171.6,1
TXN_005722,10118.85,card_expired,customer_followup,0.2862197009271883,2896.2142207270795,10118.85,1
TXN_005723,839.61,card_expired,customer_followup,0.4291620954558555,360.3287869656908,0.0,0
TXN_005724,988.47,bank_decline,alternate_payment,0.48834051762652697,482.7099514582931,988.47,1
TXN_005725,1155.21,insufficient_funds,retry_later,0.7010053037243322,809.8083369153859,1155.21,1
TXN_005726,536.57,card_expired,customer_followup,0.3642991903311528,195.4720165559867,536.57,1
TXN_005727,198.68,limit_exceeded,alternate_payment,0.2840720976005061,56.439444351268556,198.68,1
TXN_005728,1435.71,insufficient_funds,retry_later,0.35624100152357985,511.4587682974188,1435.71,1
TXN_005729,2071.15,network_error,retry,0.9235652924870928,1912.8422555346424,2071.15,1
TXN_005730,1715.56,card_expired,customer_followup,0.33599079912599755,576.4123753485964,0.0,0
TXN_005731,1564.19,authentication_failed,customer_followup,0.32823307098462473,513.4188873034402,0.0,0
TXN_005732,1887.56,bank_decline,alternate_payment,0.3617625664126826,682.8485498579232,1887.56,1
TXN_005733,5028.32,limit_exceeded,alternate_payment,0.32752034163218835,1646.8770842359652,5028.32,1
TXN_005734,1494.51,card_expired,customer_followup,0.39196311882624824,585.7928007170162,1494.51,1
TXN_005735,1018.33,limit_exceeded,alternate_payment,0.3614797249703179,368.10564832902384,0.0,0
TXN_005736,1364.95,card_expired,customer_followup,0.3311037063630527,451.9400040002488,0.0,0
TXN_005737,3227.12,network_error,retry,0.6661735433586464,2149.821965243555,3227.12,1
TXN_005738,7420.69,insufficient_funds,retry_later,0.661588950523036,4909.446509256788,7420.69,1
TXN_005739,964.74,limit_exceeded,alternate_payment,0.3237022710647697,312.2885289870259,964.74,1
TXN_005740,1996.07,authentication_failed,customer_followup,0.4819160188048113,961.9381076557196,1996.07,1
TXN_005741,2536.04,limit_exceeded,alternate_payment,0.6229950687558572,1579.940414167604,0.0,0
TXN_005742,670.1,authentication_failed,customer_followup,0.7290935936396199,488.5656170979093,670.1,1
TXN_005743,1845.34,network_error,retry,0.6098947506306266,1125.4631791287204,1845.34,1
TXN_005744,417.52,insufficient_funds,retry_later,0.8211044860894354,342.82754503206104,0.0,0
TXN_005745,308.26,bank_decline,alternate_payment,0.36370399599514036,112.11539380546196,308.26,1
TXN_005746,2609.06,insufficient_funds,retry_later,0.38386056702462895,1001.5152510012784,0.0,0
TXN_005747,1231.67,authentication_failed,customer_followup,0.2736172148727283,337.00611504229323,0.0,0
TXN_005748,2213.39,bank_decline,alternate_payment,0.3592529698236917,795.166930878061,0.0,0
TXN_005749,1775.98,authentication_failed,customer_followup,0.2910782980873867,516.9492358372371,0.0,0
TXN_005750,681.03,limit_exceeded,alternate_payment,0.43036823478350944,293.0936789346134,681.03,1
TXN_005751,1728.04,card_expired,customer_followup,0.6297578251547952,1088.2467121804923,1728.04,1
TXN_005752,526.84,authentication_failed,customer_followup,0.6147634657504717,323.88198429597855,526.84,1
TXN_005753,7266.08,limit_exceeded,alternate_payment,0.30820058700096736,2239.4101211959887,7266.08,1
TXN_005754,465.93,network_error,retry,0.8571148482953981,399.3555212662748,465.93,1
TXN_005755,1486.55,card_expired,customer_followup,0.3926371719169137,583.674787913088,0.0,0
TXN_005756,637.61,insufficient_funds,retry_later,0.5240669980459791,334.1503586240967,637.61,1
TXN_005757,3198.45,card_expired,customer_followup,0.3442007771597972,1100.9089757067532,0.0,0
TXN_005758,1297.99,limit_exceeded,alternate_payment,0.3149614300314899,408.81678656657357,1297.99,1
TXN_005759,1076.35,insufficient_funds,retry_later,0.595639097775679,641.1161428908521,1076.35,1
TXN_005760,4243.75,insufficient_funds,retry_later,0.3355795913449544,1424.1158907701504,4243.75,1
TXN_005761,1862.04,network_error,retry_later,0.42531792453448497,791.9589882001924,0.0,0
TXN_005762,3030.99,bank_decline,alternate_payment,0.4608166577100996,1396.7306813527348,0.0,0
TXN_005763,677.68,authentication_failed,customer_followup,0.3569005715423319,241.86437932280745,0.0,0
TXN_005764,443.72,card_expired,customer_followup,0.34589779264100146,153.48176855066518,443.72,1
TXN_005765,2012.65,network_error,retry_later,0.4547466418206523,915.2458286603359,0.0,0
TXN_005766,1314.42,network_error,retry_later,0.7104278997383342,933.8006399740613,0.0,0
TXN_005767,3382.72,card_expired,customer_followup,0.4597323749796812,1555.145899491267,3382.72,1
TXN_005768,1669.19,limit_exceeded,alternate_payment,0.6656499592894793,1111.0962555464062,1669.19,1
TXN_005769,2219.58,bank_decline,alternate_payment,0.5873942387630164,1303.768504473616,2219.58,1
TXN_005770,356.6,authentication_failed,customer_followup,0.39133059661701836,139.54849075362876,0.0,0
TXN_005771,11949.41,network_error,retry_later,0.5965839309812,7128.825990706061,0.0,0
TXN_005772,1534.19,insufficient_funds,retry_later,0.5774675980325472,885.9450142255537,1534.19,1
TXN_005773,3632.18,bank_decline,alternate_payment,0.30755496656862696,1117.0949984712354,3632.18,1
TXN_005774,783.61,authentication_failed,customer_followup,0.3581234049117677,280.6290813229103,783.61,1
TXN_005775,2460.23,card_expired,customer_followup,0.6341228601822732,1560.088084306234,2460.23,1
TXN_005776,491.35,network_error,retry,0.7487655918730034,367.90597356680024,491.35,1
TXN_005777,2841.44,authentication_failed,customer_followup,0.3638579446303623,1033.8805181904968,2841.44,1
TXN_005778,1266.52,network_error,retry,0.7035372534732327,891.0440022689187,1266.52,1
TXN_005779,1861.6,authentication_failed,customer_followup,0.8614985133093076,1603.7656323766068,1861.6,1
TXN_005780,3633.58,insufficient_funds,retry_later,0.28395071392478405,1031.7576351028167,3633.58,1
TXN_005781,527.14,authentication_failed,customer_followup,0.2942836200293484,155.1286674622707,0.0,0
TXN_005782,911.88,limit_exceeded,alternate_payment,0.604396330969548,551.1369262845114,911.88,1
TXN_005783,2856.42,insufficient_funds,retry_later,0.8340136495319252,2382.293268795982,2856.42,1
TXN_005784,14738.55,card_expired,customer_followup,0.8157497862702043,12022.969012432719,14738.55,1
TXN_005785,1574.85,bank_decline,alternate_payment,0.6961085996724461,1096.2666281941517,1574.85,1
TXN_005786,3265.4,authentication_failed,customer_followup,0.2714218405511406,886.3008781356946,0.0,0
TXN_005787,1624.62,limit_exceeded,alternate_payment,0.3885706110396977,631.2795861073137,1624.62,1
TXN_005788,12610.0,network_error,retry,0.8324124193366917,10496.720607835683,12610.0,1
TXN_005789,315.06,card_expired,customer_followup,0.31779734037865187,100.12523005969805,0.0,0
TXN_005790,1987.48,authentication_failed,customer_followup,0.33787396094321565,671.5177398954222,1987.48,1
TXN_005791,355.83,card_expired,customer_followup,0.5474005963947123,194.78155421513046,355.83,1
TXN_005792,147.44,card_expired,customer_followup,0.8513950369393564,125.5296842463387,147.44,1
TXN_005793,2434.42,card_expired,customer_followup,0.43155601156746615,1050.588585680071,0.0,0
TXN_005794,2078.7,card_expired,customer_followup,0.6577412647524183,1367.2467670408519,0.0,0
TXN_005795,1359.9,network_error,retry_later,0.666065725818594,905.7827805407061,1359.9,1
TXN_005796,1625.88,insufficient_funds,retry_later,0.8285390141630385,1347.1050123474013,1625.88,1
TXN_005797,40066.64,insufficient_funds,retry_later,0.459469661215043,18409.40550682509,40066.64,1
TXN_005798,1396.64,limit_exceeded,alternate_payment,0.4877670029168866,681.2349069538406,0.0,0
TXN_005799,3011.29,network_error,retry_later,0.4682437959417455,1410.0178602814187,0.0,0
TXN_005800,944.48,card_expired,customer_followup,0.5172626760371835,488.54425226359905,944.48,1
TXN_005801,2428.99,network_error,retry,0.580383849852314,1409.7465674527718,2428.99,1
TXN_005802,1424.77,card_expired,customer_followup,0.2828643785018478,403.0166805580777,1424.77,1
TXN_005803,1199.29,limit_exceeded,alternate_payment,0.5194202013302095,622.935453253307,1199.29,1
TXN_005804,11146.7,card_expired,customer_followup,0.29055433633091865,3238.722020779851,0.0,0
TXN_005805,5867.51,bank_decline,alternate_payment,0.3120901691292905,1831.1921882678034,5867.51,1
TXN_005806,2072.99,insufficient_funds,retry_later,0.6387073606734214,1324.0339716023957,2072.99,1
TXN_005807,180.51,network_error,retry_later,0.5380989058699511,97.13223349858487,180.51,1
TXN_005808,1260.16,authentication_failed,customer_followup,0.3776679431751982,475.92203527165776,0.0,0
TXN_005809,26984.76,limit_exceeded,alternate_payment,0.4947066722712333,13349.540821637886,26984.76,1
TXN_005810,1435.6,limit_exceeded,alternate_payment,0.346720316025169,497.7516856857326,1435.6,1
TXN_005811,5449.16,card_expired,customer_followup,0.5478083360335282,2985.0952723804603,5449.16,1
TXN_005812,7646.03,authentication_failed,customer_followup,0.4983193642269225,3810.1648084599765,0.0,0
TXN_005813,2250.63,bank_decline,alternate_payment,0.41158290136198394,926.320825292322,0.0,0
TXN_005814,779.13,limit_exceeded,alternate_payment,0.5170917333580558,402.881682211262,779.13,1
TXN_005815,158.33,insufficient_funds,retry_later,0.8226639396875348,130.2523815707274,158.33,1
TXN_005816,3583.74,card_expired,customer_followup,0.35543974159824726,1273.8036195553025,3583.74,1
TXN_005817,800.51,authentication_failed,customer_followup,0.3050048057621931,244.15939706069318,800.51,1
TXN_005818,2156.3,bank_decline,alternate_payment,0.30214182353795294,651.5084140948879,2156.3,1
TXN_005819,518.11,insufficient_funds,retry_later,0.6035509587485139,312.70578723719257,0.0,0
TXN_005820,1386.81,authentication_failed,customer_followup,0.5446665894616859,755.3490729313605,1386.81,1
TXN_005821,1870.05,network_error,retry,0.6662859178324967,1245.9879806426604,1870.05,1
TXN_005822,2365.14,card_expired,customer_followup,0.2963911699867825,701.0066117825387,2365.14,1
TXN_005823,592.99,bank_decline,alternate_payment,0.701053140441809,415.7175017505883,592.99,1
TXN_005824,5984.4,authentication_failed,customer_followup,0.26294490668448495,1573.5674995626316,0.0,0
TXN_005825,995.36,network_error,retry,0.9047670036162775,900.568884719498,995.36,1
TXN_005826,338.84,authentication_failed,customer_followup,0.3344947553149099,113.34020289090407,338.84,1
TXN_005827,1621.29,bank_decline,alternate_payment,0.4667586200762722,756.7510831434594,1621.29,1
TXN_005828,1871.28,card_expired,customer_followup,0.6747014117048534,1262.5552576950581,1871.28,1
TXN_005829,2123.01,insufficient_funds,retry_later,0.7034189754662479,1493.3655191045991,2123.01,1
TXN_005830,7059.52,limit_exceeded,alternate_payment,0.3382971384644592,2388.2154149326193,7059.52,1
TXN_005831,1427.32,insufficient_funds,retry_later,0.6432544375393181,918.1299237886195,0.0,0
TXN_005832,1604.2,insufficient_funds,retry_later,0.49430686591296386,792.9670742975767,1604.2,1
TXN_005833,599.93,bank_decline,alternate_payment,0.43507786515242475,261.0162636408942,0.0,0
TXN_005834,4107.43,limit_exceeded,alternate_payment,0.32774020183857827,1346.1699372378316,4107.43,1
TXN_005835,2173.97,limit_exceeded,alternate_payment,0.43244482867491546,940.1220841944058,0.0,0
TXN_005836,1187.94,insufficient_funds,retry_later,0.7904943201867856,939.0598227226901,1187.94,1
TXN_005837,269.17,card_expired,customer_followup,0.45517201027314846,122.51865000522338,0.0,0
TXN_005838,7664.94,bank_decline,alternate_payment,0.864963395125812,6629.892525835641,7664.94,1
TXN_005839,529.7,authentication_failed,customer_followup,0.2912808553700849,154.291469089534,529.7,1
TXN_005840,1000.97,limit_exceeded,alternate_payment,0.3648420866818849,365.19598350596635,1000.97,1
TXN_005841,2587.23,limit_exceeded,alternate_payment,0.48726852934444903,1260.675757175839,2587.23,1
TXN_005842,546.45,limit_exceeded,alternate_payment,0.2759402357606464,150.78754183140524,546.45,1
TXN_005843,406.06,authentication_failed,customer_followup,0.5773784859624354,234.4503080099065,406.06,1
TXN_005844,216.17,bank_decline,alternate_payment,0.5673513547376123,122.64434235362965,216.17,1
TXN_005845,3718.21,card_expired,customer_followup,0.4588133474847451,1705.9643767512541,0.0,0
TXN_005846,1048.18,bank_decline,alternate_payment,0.8453949320168901,886.1260598414639,1048.18,1
TXN_005847,33768.04,bank_decline,alternate_payment,0.38366733008083775,12955.693748862934,33768.04,1
TXN_005848,668.91,authentication_failed,customer_followup,0.39369779246815806,263.3483903598756,0.0,0
TXN_005849,719.49,bank_decline,alternate_payment,0.40862647810279074,294.0026647301769,719.49,1
TXN_005850,1027.22,card_expired,customer_followup,0.25000643343408957,256.81160855216547,1027.22,1
TXN_005851,2305.69,insufficient_funds,retry_later,0.6314190618048299,1455.8566166127782,2305.69,1
TXN_005852,1129.8,card_expired,customer_followup,0.3706280172976707,418.7355339429083,0.0,0
TXN_005853,3335.35,card_expired,customer_followup,0.553826601603946,1847.2055556597213,0.0,0
TXN_005854,679.54,authentication_failed,customer_followup,0.4471631147550691,303.8652230006596,0.0,0
TXN_005855,454.14,limit_exceeded,alternate_payment,0.6198541543859717,281.5005656728452,454.14,1
TXN_005856,299.4,insufficient_funds,retry_later,0.3837564889871599,114.89669280275567,0.0,0
TXN_005857,195.67,network_error,retry,0.8374668792655612,163.86714426589234,195.67,1
TXN_005858,1077.0,bank_decline,alternate_payment,0.39022281595798586,420.26997278675077,1077.0,1
TXN_005859,1338.12,insufficient_funds,retry_later,0.7232995345661233,967.8615731936208,1338.12,1
TXN_005860,961.57,authentication_failed,customer_followup,0.35094528394573077,337.45845668369634,961.57,1
TXN_005861,6269.21,limit_exceeded,alternate_payment,0.41557268341083553,2605.312422566044,6269.21,1
TXN_005862,6173.56,bank_decline,alternate_payment,0.41210214228896136,2544.1373015494405,6173.56,1
TXN_005863,1293.62,authentication_failed,customer_followup,0.35228556752711143,455.72365586442186,1293.62,1
TXN_005864,300.69,bank_decline,alternate_payment,0.40056392300571875,120.44556600858957,300.69,1
TXN_005865,1025.87,authentication_failed,customer_followup,0.49835326052852413,511.245659378397,1025.87,1
TXN_005866,992.45,authentication_failed,customer_followup,0.36094920191790125,358.2240354434211,992.45,1
TXN_005867,937.17,authentication_failed,customer_followup,0.2896951797497052,271.4936316060312,0.0,0
TXN_005868,899.9,bank_decline,alternate_payment,0.44499562875742654,400.45156631880815,899.9,1
TXN_005869,940.62,network_error,retry,0.70166761896312,660.00259574909,940.62,1
TXN_005870,1228.39,limit_exceeded,alternate_payment,0.41720195788670444,512.4867130484489,1228.39,1
TXN_005871,957.63,insufficient_funds,retry_later,0.5260614221284419,503.7721996728598,957.63,1
TXN_005872,2226.8,bank_decline,alternate_payment,0.4045782170522816,900.9147737320208,2226.8,1
TXN_005873,2592.48,network_error,retry_later,0.6044857026232549,1567.1170943367358,0.0,0
TXN_005874,727.31,insufficient_funds,retry_later,0.517410829778918,376.31807060650476,0.0,0
TXN_005875,6445.03,bank_decline,alternate_payment,0.6704808696970279,4321.269319623436,6445.03,1
TXN_005876,678.54,insufficient_funds,retry_later,0.28326378983023115,192.20581195140502,678.54,1
TXN_005877,358.6,network_error,retry,0.7218178978086724,258.84389815418996,358.6,1
TXN_005878,2645.93,authentication_failed,customer_followup,0.5861734636999103,1550.9739528075036,2645.93,1
TXN_005879,798.39,limit_exceeded,alternate_payment,0.44372622674528706,354.2665821711697,798.39,1
TXN_005880,2493.12,card_expired,customer_followup,0.48479048215586246,1208.6408468724237,2493.12,1
TXN_005881,163.42,insufficient_funds,retry_later,0.5091917837822597,83.21212130569687,163.42,1
TXN_005882,7276.87,bank_decline,alternate_payment,0.6192110188975635,4505.918087085112,7276.87,1
TXN_005883,3541.46,card_expired,customer_followup,0.626130424027239,2217.415851475506,3541.46,1
TXN_005884,403.24,insufficient_funds,retry_later,0.3375771297287182,136.12460179180832,0.0,0
TXN_005885,412.08,insufficient_funds,retry_later,0.4568020488050383,188.23898827158015,412.08,1
TXN_005886,9626.41,card_expired,customer_followup,0.3656224040644654,3519.6311667102104,9626.41,1
TXN_005887,864.91,authentication_failed,customer_followup,0.7850973647380812,679.0385617356138,864.91,1
TXN_005888,785.1,bank_decline,alternate_payment,0.349547427530934,274.4296853545363,0.0,0
TXN_005889,187.53,bank_decline,alternate_payment,0.30811707077355827,57.78119428216538,0.0,0
TXN_005890,1273.11,authentication_failed,customer_followup,0.36891535515394036,469.669827800033,1273.11,1
TXN_005891,1439.83,network_error,retry,0.8932586645937373,1286.1406230420007,1439.83,1
TXN_005892,3697.8,insufficient_funds,retry_later,0.402010775269835,1486.555444792796,3697.8,1
TXN_005893,446.27,network_error,retry,0.6570884258687817,293.2388518124612,446.27,1
TXN_005894,395.33,limit_exceeded,alternate_payment,0.48007165644417066,189.78672794207398,395.33,1
TXN_005895,2838.31,card_expired,customer_followup,0.5996589302733732,1702.017938384218,2838.31,1
TXN_005896,4947.96,bank_decline,alternate_payment,0.23781537405010825,1176.7009581849736,4947.96,1
TXN_005897,375.72,card_expired,customer_followup,0.23750709824378763,89.2361669521559,0.0,0
TXN_005898,5332.17,insufficient_funds,retry_later,0.6839132099454618,3646.741500674893,5332.17,1
TXN_005899,1877.21,bank_decline,alternate_payment,0.34420556661414586,646.1461317037408,0.0,0
TXN_005900,5387.33,card_expired,customer_followup,0.31928284878521945,1720.0820697460763,5387.33,1
TXN_005901,1685.44,bank_decline,alternate_payment,0.7590556486789701,1279.3427525094835,1685.44,1
TXN_005902,145.14,bank_decline,alternate_payment,0.46744561839730153,67.84505705418434,145.14,1
TXN_005903,1553.14,bank_decline,alternate_payment,0.8381244765026861,1301.724649435382,1553.14,1
TXN_005904,5219.43,network_error,retry_later,0.4603512313621364,2402.7710275084755,5219.43,1
TXN_005905,739.71,limit_exceeded,alternate_payment,0.3005818066225031,222.3433681767318,739.71,1
TXN_005906,1226.64,card_expired,customer_followup,0.5066095105712196,621.4274900470808,1226.64,1
TXN_005907,1516.05,authentication_failed,customer_followup,0.32255618457278284,489.01130362156744,1516.05,1
TXN_005908,99.53,bank_decline,alternate_payment,0.3089553378602772,30.750324777233388,0.0,0
TXN_005909,9617.58,insufficient_funds,retry_later,0.6013925584328589,5783.941042132695,9617.58,1
TXN_005910,734.08,limit_exceeded,alternate_payment,0.5472266633839328,401.7081490568774,734.08,1
TXN_005911,2998.1,network_error,retry,0.8760056103979516,2626.3524205340987,2998.1,1
TXN_005912,1657.89,network_error,retry_later,0.3629894164124,601.7965235759539,0.0,0
TXN_005913,6358.95,limit_exceeded,alternate_payment,0.40603095812072276,2581.93056114177,0.0,0
TXN_005914,2713.67,authentication_failed,customer_followup,0.4618536754098669,1253.3184633494934,2713.67,1
TXN_005915,1429.49,authentication_failed,customer_followup,0.3085389797753661,441.0533861990881,1429.49,1
TXN_005916,739.88,network_error,retry,0.5891108327673292,435.87132294789154,739.88,1
TXN_005917,4015.23,network_error,retry,0.785600508486826,3154.3667296915587,0.0,0
TXN_005918,277.7,card_expired,customer_followup,0.331970399403815,92.18817991443943,277.7,1
TXN_005919,3449.18,network_error,retry,0.6432810534330993,2218.7921438803774,3449.18,1
TXN_005920,602.42,network_error,retry_later,0.4106127968447353,247.36136107520542,0.0,0
TXN_005921,6325.12,bank_decline,alternate_payment,0.5230029431423239,3308.0563757283753,6325.12,1
TXN_005922,2124.52,authentication_failed,customer_followup,0.7418086463804096,1575.9873054081077,0.0,0
TXN_005923,3443.09,card_expired,customer_followup,0.6156562624110591,2119.7599205448937,3443.09,1
TXN_005924,1962.53,network_error,retry_later,0.6700568951874448,1315.006758512216,0.0,0
TXN_005925,313.44,card_expired,customer_followup,0.38559699685745974,120.86152269500218,313.44,1
TXN_005926,764.54,authentication_failed,customer_followup,0.2359588409347459,180.3999722482506,0.0,0
TXN_005927,3541.8,network_error,retry,0.4363561222684541,1545.486113850411,0.0,0
TXN_005928,2135.93,bank_decline,alternate_payment,0.3946396134443431,842.9225895441757,0.0,0
TXN_005929,5889.87,limit_exceeded,alternate_payment,0.40823175114465166,2404.4319441143493,5889.87,1
TXN_005930,2706.13,network_error,retry,0.8630044209961811,2335.402153790396,2706.13,1
TXN_005931,687.66,authentication_failed,customer_followup,0.31376095665731424,215.7608594549687,687.66,1
TXN_005932,815.61,card_expired,customer_followup,0.5993095348170911,488.80284969216774,815.61,1
TXN_005933,2004.03,bank_decline,alternate_payment,0.25215732482255626,505.33084366414744,2004.03,1
TXN_005934,178.74,insufficient_funds,retry_later,0.3130517953749715,55.95487790532241,0.0,0
TXN_005935,9637.74,insufficient_funds,retry_later,0.8212314830337504,7914.815513293697,9637.74,1
TXN_005936,2812.27,authentication_failed,customer_followup,0.6082711725106899,1710.6227703166378,2812.27,1
TXN_005937,6167.41,authentication_failed,customer_followup,0.527058445294926,3250.5855260963795,6167.41,1
TXN_005938,372.19,bank_decline,alternate_payment,0.5273358130217064,196.2691162485489,372.19,1
TXN_005939,6276.48,limit_exceeded,alternate_payment,0.3038132087162013,1906.8775282430631,6276.48,1
TXN_005940,16839.77,card_expired,customer_followup,0.34154303060640634,5751.506080514843,16839.77,1
TXN_005941,482.57,network_error,retry,0.5474779742735537,264.1964460451888,482.57,1
TXN_005942,3910.43,insufficient_funds,retry_later,0.45518448235567766,1779.9670553381125,3910.43,1
TXN_005943,1810.05,insufficient_funds,retry_later,0.39942660295929305,722.9821226864684,1810.05,1
TXN_005944,385.9,authentication_failed,customer_followup,0.25142636795780055,97.02543539491522,0.0,0
TXN_005945,2959.82,authentication_failed,customer_followup,0.2667863953213969,789.6397086001771,0.0,0
TXN_005946,4161.38,card_expired,customer_followup,0.7722508194341132,3213.6291149767303,4161.38,1
TXN_005947,991.16,bank_decline,alternate_payment,0.24560038647504073,243.42927905860137,991.16,1
TXN_005948,5801.76,limit_exceeded,alternate_payment,0.7555828631762178,4383.710432261254,5801.76,1
TXN_005949,341.46,insufficient_funds,retry_later,0.28698551513005977,97.9940739963102,0.0,0
TXN_005950,405.55,card_expired,customer_followup,0.27051668327838324,109.70804090354832,0.0,0
TXN_005951,2072.68,bank_decline,alternate_payment,0.4816356224794266,998.2765220006578,2072.68,1
TXN_005952,1854.53,insufficient_funds,retry_later,0.3472721109707468,644.026547958579,1854.53,1
TXN_005953,883.09,network_error,retry,0.9039398710713819,798.2602607444267,883.09,1
TXN_005954,4062.66,card_expired,customer_followup,0.7611966418694586,3092.4831490573742,4062.66,1
TXN_005955,3074.49,insufficient_funds,retry_later,0.39247763083981196,1206.6685512406934,3074.49,1
TXN_005956,4264.75,bank_decline,alternate_payment,0.463704573048297,1977.5840779077246,4264.75,1
TXN_005957,1598.57,insufficient_funds,retry_later,0.3033051728652611,484.8545501872204,1598.57,1
TXN_005958,3302.98,network_error,retry,0.42064993280848506,1389.39831506777,3302.98,1
TXN_005959,1157.88,authentication_failed,customer_followup,0.3797714127413975,439.7297233850093,1157.88,1
TXN_005960,14098.43,authentication_failed,customer_followup,0.797221153861872,11239.566632240832,14098.43,1
TXN_005961,802.28,limit_exceeded,alternate_payment,0.3615896793309777,290.0961679336568,802.28,1
TXN_005962,14843.2,card_expired,customer_followup,0.518886475998763,7701.93574054484,0.0,0
TXN_005963,1872.23,bank_decline,alternate_payment,0.6043025077631665,1131.3932841094334,1872.23,1
TXN_005964,456.91,network_error,retry,0.8098930527920543,370.04823475121754,456.91,1
TXN_005965,7101.63,bank_decline,alternate_payment,0.5579952486047832,3962.6757973491867,7101.63,1
TXN_005966,2050.63,card_expired,customer_followup,0.3533797411453129,724.651098584813,0.0,0
TXN_005967,4234.94,network_error,retry_later,0.6767558339093875,2866.0203512562216,0.0,0
TXN_005968,6147.84,insufficient_funds,retry_later,0.7449353899849708,4579.743587965203,6147.84,1
TXN_005969,2535.02,authentication_failed,customer_followup,0.4319828148580448,1095.0850753214406,0.0,0
TXN_005970,1000.0,insufficient_funds,retry_later,0.7831796388637562,783.1796388637562,0.0,0
TXN_005971,4796.84,limit_exceeded,alternate_payment,0.6424031458235897,3081.5051060124283,4796.84,1
TXN_005972,1809.41,insufficient_funds,retry_later,0.5716915959623384,1034.424490650215,1809.41,1
TXN_005973,3589.82,bank_decline,alternate_payment,0.4039078852806736,1449.9566047382677,0.0,0
TXN_005974,209.82,limit_exceeded,alternate_payment,0.4141601927233118,86.89909163720527,0.0,0
TXN_005975,2827.03,bank_decline,alternate_payment,0.7939959417379002,2244.6503471712963,2827.03,1
TXN_005976,954.72,limit_exceeded,alternate_payment,0.3571234272221459,340.95287843752715,0.0,0
TXN_005977,9445.65,card_expired,customer_followup,0.526201690685402,4970.316999622567,9445.65,1
TXN_005978,3371.41,insufficient_funds,retry_later,0.7505416904310378,2530.383760536105,3371.41,1
TXN_005979,2298.15,insufficient_funds,retry_later,0.409093076437106,940.1572536139353,2298.15,1
TXN_005980,2940.43,insufficient_funds,retry_later,0.39413306861501196,1158.9206989476395,2940.43,1
TXN_005981,666.18,limit_exceeded,alternate_payment,0.2670200483436175,177.88341580555107,0.0,0
TXN_005982,9166.0,authentication_failed,customer_followup,0.25257137273636043,2315.0692025014796,9166.0,1
TXN_005983,13244.93,network_error,retry,0.7136155831629123,9451.788445901951,0.0,0
TXN_005984,2678.24,authentication_failed,customer_followup,0.34799130050173177,932.004220655758,2678.24,1
TXN_005985,8869.76,insufficient_funds,retry_later,0.29534548446263514,2619.6435642673027,8869.76,1
TXN_005986,1023.37,card_expired,customer_followup,0.6808655825865624,696.7774112516104,1023.37,1
TXN_005987,814.75,network_error,retry,0.8914826418704627,726.3354824639595,814.75,1
TXN_005988,1883.57,limit_exceeded,alternate_payment,0.3301686713087455,621.8958042170137,0.0,0
TXN_005989,2793.19,network_error,retry,0.8203561385863027,2291.410562737875,2793.19,1
TXN_005990,1219.28,insufficient_funds,retry_later,0.45818837353024944,558.6599200779625,0.0,0
TXN_005991,3095.7,card_expired,customer_followup,0.5271467332290838,1631.8881420572745,3095.7,1
TXN_005992,2456.25,authentication_failed,customer_followup,0.19430194793443217,477.254159613949,0.0,0
TXN_005993,666.27,bank_decline,alternate_payment,0.7789946022296991,519.0207336275815,666.27,1
TXN_005994,3037.51,authentication_failed,customer_followup,0.4969678794602277,1509.5449035392364,3037.51,1
TXN_005995,4287.8,network_error,retry,0.8063785974816673,3457.5901502818933,4287.8,1
TXN_005996,2146.23,card_expired,customer_followup,0.2824015225564839,606.0986197564024,0.0,0
TXN_005997,5725.29,insufficient_funds,retry_later,0.6386478043564894,3656.443887804165,5725.29,1
TXN_005998,535.18,authentication_failed,customer_followup,0.3185939187696586,170.50509344714587,0.0,0
TXN_005999,2886.93,network_error,retry,0.6289467689742286,1815.7252957547698,2886.93,1
TXN_006000,561.0,bank_decline,alternate_payment,0.8667116609475425,486.2252417915713,561.0,1
TXN_006001,593.43,insufficient_funds,retry_later,0.26556788774816253,157.5959516263921,0.0,0
TXN_006002,962.05,insufficient_funds,retry_later,0.5329886302257846,512.761711708716,962.05,1
TXN_006003,704.82,bank_decline,alternate_payment,0.6460765230346184,455.36765496525976,0.0,0
TXN_006004,1045.24,authentication_failed,customer_followup,0.4311301064850056,450.63443250238726,1045.24,1
TXN_006005,1459.5,limit_exceeded,alternate_payment,0.8384908265340014,1223.777361326375,1459.5,1
TXN_006006,4176.19,network_error,retry,0.6209079449074159,2593.029550442901,0.0,0
TXN_006007,1311.39,authentication_failed,customer_followup,0.24483154327492473,321.06963753530357,1311.39,1
TXN_006008,370.32,bank_decline,alternate_payment,0.5498433314453075,203.61798250082626,370.32,1
TXN_006009,5653.71,card_expired,customer_followup,0.4849666526088786,2741.860813521343,5653.71,1
TXN_006010,782.83,limit_exceeded,alternate_payment,0.46138250092592126,361.18406319983893,782.83,1
TXN_006011,1704.93,card_expired,customer_followup,0.42642709856952477,727.0283531641398,0.0,0
TXN_006012,2825.77,bank_decline,alternate_payment,0.4544227578751483,1284.0941965208578,0.0,0
TXN_006013,2207.49,limit_exceeded,alternate_payment,0.302978977838221,668.8230637880944,0.0,0
TXN_006014,5400.14,insufficient_funds,retry_later,0.8092955720906307,4370.309390669499,5400.14,1
TXN_006015,2919.02,network_error,retry,0.8295390455585829,2421.441064766415,2919.02,1
TXN_006016,764.09,network_error,retry,0.668756568357132,510.99020631600104,764.09,1
TXN_006017,15971.52,insufficient_funds,retry_later,0.6881747010813299,10991.196001814484,15971.52,1
TXN_006018,2195.87,limit_exceeded,alternate_payment,0.3333225283671101,731.932940365486,2195.87,1
TXN_006019,1560.34,limit_exceeded,alternate_payment,0.38015100879619257,593.1648250650511,1560.34,1
TXN_006020,4740.63,card_expired,customer_followup,0.2831979864794996,1342.5368706443103,4740.63,1
TXN_006021,2320.3,insufficient_funds,retry_later,0.6472566884220077,1501.8296941455844,2320.3,1
TXN_006022,2695.2,card_expired,customer_followup,0.5360187553078386,1444.6777493056866,0.0,0
TXN_006023,21854.98,authentication_failed,customer_followup,0.22170572457581178,4845.374176489875,0.0,0
TXN_006024,1373.17,bank_decline,alternate_payment,0.4415243349094184,606.2879709675661,1373.17,1
TXN_006025,1315.85,card_expired,customer_followup,0.8433698151914113,1109.7481713196185,1315.85,1
TXN_006026,2031.6,insufficient_funds,retry_later,0.3210822235002243,652.3106452630557,2031.6,1
TXN_006027,5279.13,bank_decline,alternate_payment,0.44460745026353876,2347.1405289097556,0.0,0
TXN_006028,400.8,card_expired,customer_followup,0.34463921196639635,138.13139615613167,400.8,1
TXN_006029,253.27,insufficient_funds,retry_later,0.5997831364745645,151.90707497491294,0.0,0
TXN_006030,1005.14,authentication_failed,customer_followup,0.2986666050820931,300.201751432215,1005.14,1
TXN_006031,352.86,limit_exceeded,alternate_payment,0.3010554767523943,106.23043552684986,352.86,1
TXN_006032,1182.24,insufficient_funds,retry_later,0.6415616533486097,758.4798490548603,1182.24,1
TXN_006033,2988.42,authentication_failed,customer_followup,0.2997160885048264,895.6775532095933,0.0,0
TXN_006034,741.93,bank_decline,alternate_payment,0.31101891900292244,230.75426657583824,741.93,1
TXN_006035,434.06,authentication_failed,customer_followup,0.570251006186433,247.52315174528312,434.06,1
TXN_006036,1937.86,card_expired,customer_followup,0.7734144996449619,1498.7690222819858,1937.86,1
TXN_006037,4283.58,authentication_failed,customer_followup,0.24706392976097835,1058.3181082455317,0.0,0
TXN_006038,331.96,insufficient_funds,retry_later,0.5285800874317962,175.46744582385904,0.0,0
TXN_006039,4106.11,card_expired,customer_followup,0.7843416091302744,3220.5929246659107,4106.11,1
TXN_006040,4094.12,authentication_failed,customer_followup,0.6170046762399137,2526.0911850873554,0.0,0
TXN_006041,4694.21,insufficient_funds,retry_later,0.6437067895064552,3021.694848369097,4694.21,1
TXN_006042,6114.88,bank_decline,alternate_payment,0.6589539765273088,4029.42449198731,6114.88,1
TXN_006043,16350.5,limit_exceeded,alternate_payment,0.5642916498274407,9226.45062050357,16350.5,1
TXN_006044,1266.37,network_error,retry_later,0.6926969533209787,877.2106407770877,1266.37,1
TXN_006045,2017.41,limit_exceeded,alternate_payment,0.5413922923493094,1092.2102245084204,2017.41,1
TXN_006046,1192.21,limit_exceeded,alternate_payment,0.28418881143187097,338.8127428771909,0.0,0
TXN_006047,1811.62,insufficient_funds,retry_later,0.49389463289811497,894.7493948508829,1811.62,1
TXN_006048,8373.89,card_expired,customer_followup,0.39532952374252467,3310.4459455722895,8373.89,1
TXN_006049,471.06,limit_exceeded,alternate_payment,0.636405453371655,299.7851528652518,471.06,1
TXN_006050,764.29,limit_exceeded,alternate_payment,0.3945450375405034,301.54682674183135,0.0,0
TXN_006051,7166.56,bank_decline,alternate_payment,0.5590288867775469,4006.314058824497,7166.56,1
TXN_006052,5014.24,bank_decline,alternate_payment,0.7014337925286716,3517.157379848966,0.0,0
TXN_006053,1257.48,bank_decline,alternate_payment,0.544878355420265,685.1736343738748,1257.48,1
TXN_006054,4248.84,authentication_failed,customer_followup,0.7297750405699882,3100.6973833753887,4248.84,1
TXN_006055,2543.3,bank_decline,alternate_payment,0.41649790854275315,1059.279130796784,0.0,0
TXN_006056,8105.31,limit_exceeded,alternate_payment,0.4781891855554699,3875.871587574606,8105.31,1
TXN_006057,1947.9,bank_decline,alternate_payment,0.7695765199288516,1499.05810316941,1947.9,1
TXN_006058,5042.37,network_error,retry,0.6285865403038242,3169.565913231794,5042.37,1
TXN_006059,25387.49,authentication_failed,customer_followup,0.4537908840273911,11520.611530336551,0.0,0
TXN_006060,3288.21,insufficient_funds,retry_later,0.3674413802822006,1208.2244210577348,0.0,0
TXN_006061,1899.47,insufficient_funds,retry_later,0.477058398103377,906.1581154454216,1899.47,1
TXN_006062,3723.6,card_expired,customer_followup,0.3085501663378349,1148.917399375562,3723.6,1
TXN_006063,1254.78,bank_decline,alternate_payment,0.35390845447691377,444.07725050854185,1254.78,1
TXN_006064,19692.0,card_expired,customer_followup,0.6127683151161072,12066.633661266384,19692.0,1
TXN_006065,2164.77,insufficient_funds,retry_later,0.6865977081456787,1486.3261206625207,2164.77,1
TXN_006066,1376.18,bank_decline,alternate_payment,0.35941050351140147,494.6135467223205,0.0,0
TXN_006067,783.92,bank_decline,alternate_payment,0.3286243685565224,257.615214998829,783.92,1
TXN_006068,5416.58,insufficient_funds,retry_later,0.7582064240679047,4106.885752477731,5416.58,1
TXN_006069,4303.52,bank_decline,alternate_payment,0.7128337838372305,3067.6944454191985,4303.52,1
TXN_006070,1099.54,authentication_failed,customer_followup,0.30837416778633786,339.06973244778993,1099.54,1
TXN_006071,3217.79,bank_decline,alternate_payment,0.8021107023424532,2581.0237968905226,0.0,0
TXN_006072,399.99,bank_decline,alternate_payment,0.7318841621332617,292.74634601168333,399.99,1
TXN_006073,2175.41,card_expired,customer_followup,0.660989849925291,1437.9239294259771,2175.41,1
TXN_006074,2843.4,network_error,retry_later,0.38742557625473006,1101.6058835226995,2843.4,1
TXN_006075,9969.94,insufficient_funds,retry_later,0.5821092658382286,5803.594453851189,9969.94,1
TXN_006076,836.46,insufficient_funds,retry_later,0.4333560479432971,362.4849998626503,836.46,1
TXN_006077,503.53,limit_exceeded,alternate_payment,0.29207445121788056,147.06824842173938,503.53,1
TXN_006078,738.46,insufficient_funds,retry_later,0.44488201264810395,328.5275710601189,738.46,1
TXN_006079,475.06,card_expired,customer_followup,0.5316805327160046,252.58015387206513,475.06,1
TXN_006080,6881.95,limit_exceeded,alternate_payment,0.3971923875903112,2733.458151777142,6881.95,1
TXN_006081,8506.95,bank_decline,alternate_payment,0.771064599679246,6559.4079962413625,8506.95,1
TXN_006082,2490.44,network_error,retry,0.5491219257674473,1367.5552088082816,0.0,0
TXN_006083,6132.11,card_expired,customer_followup,0.7500358161643842,4599.302128659781,6132.11,1
TXN_006084,2067.22,network_error,retry,0.8872711340257713,1834.1846336807548,2067.22,1
TXN_006085,1644.0,authentication_failed,customer_followup,0.34272456118149336,563.4391785823751,1644.0,1
TXN_006086,1295.9,limit_exceeded,alternate_payment,0.4305854207272769,557.9956467204781,1295.9,1
TXN_006087,1325.58,limit_exceeded,alternate_payment,0.7143063887776102,946.8702628358245,1325.58,1
TXN_006088,384.6,authentication_failed,customer_followup,0.27400340360581366,105.38170902679593,384.6,1
TXN_006089,2354.9,card_expired,customer_followup,0.5875130957697297,1383.5345892281364,2354.9,1
TXN_006090,1736.57,card_expired,customer_followup,0.3935275674780985,683.3881678554415,1736.57,1
TXN_006091,3809.91,network_error,retry_later,0.4192608604654362,1597.3461448958699,3809.91,1
TXN_006092,1985.3,card_expired,customer_followup,0.8146146831072026,1617.2545303727293,1985.3,1
TXN_006093,1536.55,bank_decline,alternate_payment,0.40590830712348214,623.6984093105865,1536.55,1
TXN_006094,756.58,card_expired,customer_followup,0.3220169371985962,243.63157434571391,756.58,1
TXN_006095,1943.32,card_expired,customer_followup,0.46325424211877564,900.2512337942591,1943.32,1
TXN_006096,3782.87,limit_exceeded,alternate_payment,0.430686229542698,1629.2300171501859,0.0,0
TXN_006097,576.32,bank_decline,alternate_payment,0.6615379204273886,381.2575343007126,576.32,1
TXN_006098,1973.32,insufficient_funds,retry_later,0.5538431809129976,1092.9098257592364,0.0,0
TXN_006099,2282.54,insufficient_funds,retry_later,0.43198066940914365,986.0131571531467,2282.54,1
TXN_006100,881.77,authentication_failed,customer_followup,0.2556749729489994,225.44652089723917,0.0,0
TXN_006101,1004.4,card_expired,customer_followup,0.31946276670778095,320.8684028812952,1004.4,1
TXN_006102,2276.99,authentication_failed,customer_followup,0.35357457954823135,805.0857818855272,2276.99,1
TXN_006103,582.06,card_expired,customer_followup,0.44587476733442066,259.5258670746729,582.06,1
TXN_006104,2565.54,bank_decline,alternate_payment,0.7395747289619659,1897.4085501410818,0.0,0
TXN_006105,738.52,network_error,retry_later,0.47088561952562674,347.75844773206586,738.52,1
TXN_006106,5233.59,card_expired,customer_followup,0.7511500035149608,3931.2111468958637,5233.59,1
TXN_006107,18728.99,authentication_failed,customer_followup,0.25650367000070146,4804.054670406438,18728.99,1
TXN_006108,764.52,authentication_failed,customer_followup,0.32354730780142704,247.358387760347,764.52,1
TXN_006109,3084.69,card_expired,customer_followup,0.35832498140379654,1105.3214868864773,3084.69,1
TXN_006110,874.16,authentication_failed,customer_followup,0.5308709768811972,464.06617315046736,0.0,0
TXN_006111,5120.23,authentication_failed,customer_followup,0.2980934959278692,1526.3072606547537,0.0,0
TXN_006112,510.17,bank_decline,alternate_payment,0.8081477901938361,412.29275812318934,510.17,1
TXN_006113,2923.65,authentication_failed,customer_followup,0.7135123829531671,2086.0604784210273,0.0,0
TXN_006114,755.22,insufficient_funds,retry_later,0.8720130986767382,658.5617323826463,755.22,1
TXN_006115,1470.0,insufficient_funds,retry_later,0.6500775779409427,955.6140395731858,1470.0,1
TXN_006116,644.82,network_error,retry,0.7720232796843505,497.8160512060629,644.82,1
TXN_006117,4114.82,insufficient_funds,retry_later,0.8815844605404322,3627.5613699209807,4114.82,1
TXN_006118,782.91,insufficient_funds,retry_later,0.38530293966602047,301.6575244939241,0.0,0
TXN_006119,3139.96,bank_decline,alternate_payment,0.28619364121858903,898.6365856807208,3139.96,1
TXN_006120,1281.65,card_expired,customer_followup,0.4504094902829136,577.2673232210963,1281.65,1
TXN_006121,1612.48,bank_decline,alternate_payment,0.43299517269030086,698.1960560596564,1612.48,1
TXN_006122,2095.94,authentication_failed,customer_followup,0.26355735863022156,552.4004102474266,2095.94,1
TXN_006123,844.02,insufficient_funds,retry_later,0.7817055989268528,659.7751596062423,844.02,1
TXN_006124,2231.36,authentication_failed,customer_followup,0.26506485514412953,591.4551151744049,0.0,0
TXN_006125,8352.65,limit_exceeded,alternate_payment,0.48404946895270207,4043.095796847787,0.0,0
TXN_006126,830.4,limit_exceeded,alternate_payment,0.2873709428917928,238.63283097734475,0.0,0
TXN_006127,5836.05,limit_exceeded,alternate_payment,0.41449257318634875,2418.9993817441905,5836.05,1
TXN_006128,8087.68,card_expired,customer_followup,0.6508832209323282,5264.135208269972,8087.68,1
TXN_006129,799.39,card_expired,customer_followup,0.3542272427524113,283.16571558385004,799.39,1
TXN_006130,421.97,network_error,retry_later,0.692691933172187,292.29521504066776,421.97,1
TXN_006131,2445.39,network_error,retry_later,0.5368525702585234,1312.8139067844904,2445.39,1
TXN_006132,1045.86,bank_decline,alternate_payment,0.5896636367344885,616.7056111151321,1045.86,1
TXN_006133,11714.74,insufficient_funds,retry_later,0.5777180905511021,6767.817224102618,11714.74,1
TXN_006134,1872.08,limit_exceeded,alternate_payment,0.40036089399732766,749.5076224345171,1872.08,1
TXN_006135,810.62,authentication_failed,customer_followup,0.2895380023766353,234.7052954865481,810.62,1
TXN_006136,574.12,network_error,retry_later,0.501061880057938,287.66964657886336,574.12,1
TXN_006137,5377.1,card_expired,customer_followup,0.7019368673038484,3774.3847291795237,5377.1,1
TXN_006138,1021.28,card_expired,customer_followup,0.4169750323996229,425.84826108908686,0.0,0
TXN_006139,1889.05,network_error,retry_later,0.4705258919340634,888.8469361580425,0.0,0
TXN_006140,4702.28,card_expired,customer_followup,0.3225619962133844,1516.776823554273,0.0,0
TXN_006141,1114.03,insufficient_funds,retry_later,0.5470474055815424,609.4272212400057,1114.03,1
TXN_006142,1726.88,insufficient_funds,retry_later,0.5610018371201573,968.7828524860572,1726.88,1
TXN_006143,1778.33,bank_decline,alternate_payment,0.47597496017902186,846.4405509351599,1778.33,1
TXN_006144,3580.74,insufficient_funds,retry_later,0.4169653144421187,1493.0443800354722,0.0,0
TXN_006145,3264.12,network_error,retry,0.5921175975180526,1932.7428924106257,3264.12,1
TXN_006146,1450.82,network_error,retry,0.8699213920656923,1262.0993540367476,1450.82,1
TXN_006147,1926.86,insufficient_funds,retry_later,0.3504448856006445,675.2582322684578,1926.86,1
TXN_006148,1246.66,network_error,retry_later,0.6739731623092259,840.2153825244196,1246.66,1
TXN_006149,412.56,bank_decline,alternate_payment,0.8151047078594611,336.2795982744993,412.56,1
TXN_006150,2339.29,bank_decline,alternate_payment,0.3331103680639856,779.2417529084008,0.0,0
TXN_006151,11994.36,card_expired,customer_followup,0.28452602200261756,3412.707537267316,0.0,0
TXN_006152,747.16,bank_decline,alternate_payment,0.5218875082089156,389.93347063337336,747.16,1
TXN_006153,834.61,authentication_failed,customer_followup,0.7105970162187345,593.071375706318,834.61,1
TXN_006154,756.93,insufficient_funds,retry_later,0.4083088276791249,309.06120093516,756.93,1
TXN_006155,3731.6,limit_exceeded,alternate_payment,0.3587984740524468,1338.8923857741104,3731.6,1
TXN_006156,2831.28,network_error,retry,0.737141986210846,2087.0553627190443,2831.28,1
TXN_006157,1542.97,network_error,retry,0.8009525128252204,1235.8456987139302,1542.97,1
TXN_006158,721.97,bank_decline,alternate_payment,0.7110419026538123,513.3509224589728,721.97,1
TXN_006159,1983.02,bank_decline,alternate_payment,0.4246457983388934,842.0811110219923,1983.02,1
TXN_006160,378.18,bank_decline,alternate_payment,0.29659891583368336,112.16777798998238,0.0,0
TXN_006161,2086.88,network_error,retry,0.6212660707543827,1296.5077377359062,2086.88,1
TXN_006162,4322.22,authentication_failed,customer_followup,0.47329235775670714,2045.6736945431949,4322.22,1
TXN_006163,517.39,network_error,retry_later,0.5463208354577436,282.66093705748193,517.39,1
TXN_006164,390.52,bank_decline,alternate_payment,0.5391023957921196,210.53026760473853,390.52,1
TXN_006165,8773.03,authentication_failed,customer_followup,0.4291140474354028,3764.6304115722123,8773.03,1
TXN_006166,980.67,bank_decline,alternate_payment,0.3807589473777372,373.3988769249255,980.67,1
TXN_006167,5630.47,authentication_failed,customer_followup,0.6201388049527916,3491.6729371225447,5630.47,1
TXN_006168,1549.99,limit_exceeded,alternate_payment,0.40178805116952476,622.7674614322517,0.0,0
TXN_006169,1537.7,limit_exceeded,alternate_payment,0.315531821323058,485.1932816484663,1537.7,1
TXN_006170,2802.91,bank_decline,alternate_payment,0.2978501918864581,834.8472813404723,2802.91,1
TXN_006171,746.95,authentication_failed,customer_followup,0.6501776960678511,485.6502300778814,746.95,1
TXN_006172,2064.2,insufficient_funds,retry_later,0.34821093261024094,718.7770070940593,0.0,0
TXN_006173,1234.61,authentication_failed,customer_followup,0.538182763718676,664.4458219147145,1234.61,1
TXN_006174,482.75,limit_exceeded,alternate_payment,0.7290349390904038,351.94161684589244,0.0,0
TXN_006175,2533.82,bank_decline,alternate_payment,0.37184669917523716,942.1926033041995,2533.82,1
TXN_006176,1389.49,card_expired,customer_followup,0.7813071376613652,1085.6184547090902,1389.49,1
TXN_006177,1545.3,bank_decline,alternate_payment,0.3163846331558691,488.90917361576453,1545.3,1
TXN_006178,539.07,card_expired,customer_followup,0.3616975724618148,194.9803103869905,539.07,1
TXN_006179,8878.61,network_error,retry_later,0.636598643616046,5652.111083195863,8878.61,1
TXN_006180,4344.71,authentication_failed,customer_followup,0.46923024091232235,2038.669319994176,4344.71,1
TXN_006181,4741.72,authentication_failed,customer_followup,0.25057776493356276,1188.1695995407733,0.0,0
TXN_006182,1332.16,bank_decline,alternate_payment,0.36609406077972045,487.6958640083124,1332.16,1
TXN_006183,320.8,network_error,retry,0.425429867801685,136.47790159078056,320.8,1
TXN_006184,12745.29,limit_exceeded,alternate_payment,0.37634842826023995,4796.669859220954,0.0,0
TXN_006185,1700.88,bank_decline,alternate_payment,0.3186732199129817,542.0249062855924,1700.88,1
TXN_006186,855.08,insufficient_funds,retry_later,0.6984957604448931,597.2697548412193,855.08,1
TXN_006187,2742.98,insufficient_funds,retry_later,0.6474391004912325,1775.912503865441,0.0,0
TXN_006188,5808.75,limit_exceeded,alternate_payment,0.46355853170021555,2692.6956210136273,5808.75,1
TXN_006189,1766.84,card_expired,customer_followup,0.23159722885107126,409.19524782322674,1766.84,1
TXN_006190,6493.62,limit_exceeded,alternate_payment,0.285866848948936,1856.3106876717898,6493.62,1
TXN_006191,5340.1,authentication_failed,customer_followup,0.7945144986755166,4242.786874377127,5340.1,1
TXN_006192,616.23,card_expired,customer_followup,0.5830449190648102,359.289770475308,616.23,1
TXN_006193,921.69,limit_exceeded,alternate_payment,0.3616602438902277,333.338630191184,0.0,0
TXN_006194,4710.44,limit_exceeded,alternate_payment,0.30898496301042205,1455.4551291628122,0.0,0
TXN_006195,119.99,card_expired,customer_followup,0.7657327612802646,91.88027402601894,119.99,1
TXN_006196,1557.04,authentication_failed,customer_followup,0.8181723117708006,1273.9270163196074,1557.04,1
TXN_006197,432.32,insufficient_funds,retry_later,0.6271263677690257,271.1192713139052,432.32,1
TXN_006198,1122.65,card_expired,customer_followup,0.6225933411140065,698.9544144016395,0.0,0
TXN_006199,1341.01,authentication_failed,customer_followup,0.22783335832434692,305.52681184653244,1341.01,1
TXN_006200,1263.64,limit_exceeded,alternate_payment,0.27105306765037707,342.5134984057225,1263.64,1
TXN_006201,1040.79,insufficient_funds,retry_later,0.5846047568067734,608.4507848369217,0.0,0
TXN_006202,603.57,authentication_failed,customer_followup,0.5327079909245133,321.5265620823085,603.57,1
TXN_006203,17888.46,authentication_failed,customer_followup,0.28012223706379874,5010.955432826281,0.0,0
TXN_006204,11701.38,bank_decline,alternate_payment,0.3842601383083167,4496.37389719817,11701.38,1
TXN_006205,565.63,insufficient_funds,retry_later,0.6211660822141023,351.3501710827627,565.63,1
TXN_006206,8796.57,card_expired,customer_followup,0.5758165418488652,5065.210517531472,0.0,0
TXN_006207,1212.62,limit_exceeded,alternate_payment,0.3628542746014184,440.00435046717195,1212.62,1
TXN_006208,2057.38,authentication_failed,customer_followup,0.7472461036952589,1537.369188820552,2057.38,1
TXN_006209,1697.18,bank_decline,alternate_payment,0.6388886960789832,1084.3091172113288,1697.18,1
TXN_006210,934.72,network_error,retry_later,0.7391461767404144,690.8947143228002,934.72,1
TXN_006211,4836.04,limit_exceeded,alternate_payment,0.34208540226778356,1654.338688783092,4836.04,1
TXN_006212,2050.6,network_error,retry,0.7726221338945412,1584.338947764146,2050.6,1
TXN_006213,1122.65,bank_decline,alternate_payment,0.34633760379091716,388.8159108958732,1122.65,1
TXN_006214,490.49,insufficient_funds,retry_later,0.8103019954753046,397.44502576068214,490.49,1
TXN_006215,739.82,network_error,retry_later,0.4530111355593698,335.14669830953295,0.0,0
TXN_006216,350.24,card_expired,customer_followup,0.2379330667141354,83.33367728595879,0.0,0
TXN_006217,1830.28,bank_decline,alternate_payment,0.6029987796959813,1103.6566065019606,1830.28,1
TXN_006218,546.39,authentication_failed,customer_followup,0.3130995268789239,171.07445049137522,546.39,1
TXN_006219,1386.36,bank_decline,alternate_payment,0.8467859229643885,1173.9501321609096,1386.36,1
TXN_006220,7116.01,card_expired,customer_followup,0.39142358867879,2785.3741712741567,7116.01,1
TXN_006221,5998.71,bank_decline,alternate_payment,0.5359448905261446,3214.9779742480887,0.0,0
TXN_006222,1750.62,card_expired,customer_followup,0.37990257245822207,665.0650413968127,0.0,0
TXN_006223,1657.25,card_expired,customer_followup,0.2925593589985369,484.8439977003253,1657.25,1
TXN_006224,11847.53,bank_decline,alternate_payment,0.5714732339373951,6770.546283270307,11847.53,1
TXN_006225,3043.48,bank_decline,alternate_payment,0.5997201596853667,1825.23631159922,3043.48,1
TXN_006226,1302.7,bank_decline,alternate_payment,0.4113603667072253,535.8791497095025,1302.7,1
TXN_006227,434.41,authentication_failed,customer_followup,0.3735448956264236,162.2716381090747,434.41,1
TXN_006228,2680.81,authentication_failed,customer_followup,0.22546899784042584,604.439544100592,0.0,0
TXN_006229,4143.61,limit_exceeded,alternate_payment,0.44794776675174747,1856.1208457902083,0.0,0
TXN_006230,961.36,card_expired,customer_followup,0.3708214262521094,356.4928863417279,961.36,1
TXN_006231,2419.23,network_error,retry_later,0.5581680106004956,1350.336796285037,2419.23,1
TXN_006232,1256.93,bank_decline,alternate_payment,0.4361360896329663,548.1925351423644,0.0,0
TXN_006233,1504.13,limit_exceeded,alternate_payment,0.5454200618236524,820.3826775908104,1504.13,1
TXN_006234,150.23,network_error,retry,0.5800247554459608,87.13711901064669,150.23,1
TXN_006235,1448.41,insufficient_funds,retry_later,0.4962323178404433,718.7478514832766,1448.41,1
TXN_006236,4766.51,insufficient_funds,retry_later,0.5233702971351772,2494.649754997794,0.0,0
TXN_006237,961.6,bank_decline,alternate_payment,0.5825784540999057,560.2074414624693,961.6,1
TXN_006238,1905.55,insufficient_funds,retry_later,0.5638721241476913,1074.4865261696332,1905.55,1
TXN_006239,848.99,network_error,retry,0.9235839273008368,784.1135184391375,848.99,1
TXN_006240,2592.67,insufficient_funds,retry_later,0.620015286594118,1607.4950330939719,0.0,0
TXN_006241,1456.04,bank_decline,alternate_payment,0.46370579866641504,675.174191090247,0.0,0
TXN_006242,706.81,card_expired,customer_followup,0.314912777213846,222.58350006251845,706.81,1
TXN_006243,6853.75,authentication_failed,customer_followup,0.3766660049999272,2581.574631768251,6853.75,1
TXN_006244,4577.61,authentication_failed,customer_followup,0.47424159769596985,2170.893080029048,0.0,0
TXN_006245,987.42,authentication_failed,customer_followup,0.33933846796159695,335.06959003464004,0.0,0
TXN_006246,2974.37,card_expired,customer_followup,0.8093243182518931,2407.229972478883,2974.37,1
TXN_006247,3094.59,insufficient_funds,retry_later,0.6904946795437527,2136.7979303693014,3094.59,1
TXN_006248,3436.82,authentication_failed,customer_followup,0.43381885488915034,1490.9573168601298,0.0,0
TXN_006249,332.2,network_error,retry,0.7715635875378526,256.31342378007463,332.2,1
TXN_006250,4947.35,insufficient_funds,retry_later,0.8162069715595179,4038.0615607449813,4947.35,1
TXN_006251,1022.8,card_expired,customer_followup,0.37296093120311186,381.4644404345428,1022.8,1
TXN_006252,1264.17,limit_exceeded,alternate_payment,0.5670420618270381,716.8375632998868,1264.17,1
TXN_006253,25282.85,authentication_failed,customer_followup,0.7488638056644742,18933.41126904405,25282.85,1
TXN_006254,2445.18,insufficient_funds,retry_later,0.67635617216066,1653.8125850438025,2445.18,1
TXN_006255,1228.66,card_expired,customer_followup,0.5244532947609857,644.3747851410327,1228.66,1
TXN_006256,199.28,bank_decline,alternate_payment,0.4102119154338147,81.74703050765059,199.28,1
TXN_006257,7257.31,limit_exceeded,alternate_payment,0.4047277516692451,2937.234759466729,7257.31,1
TXN_006258,470.97,authentication_failed,customer_followup,0.31135542080107004,146.63906253467997,0.0,0
TXN_006259,662.86,bank_decline,alternate_payment,0.29147932713176594,193.20998678256237,0.0,0
TXN_006260,1298.09,bank_decline,alternate_payment,0.30315743704801906,393.52563745766304,1298.09,1
TXN_006261,7453.3,authentication_failed,customer_followup,0.5844002536714865,4355.71041068969,7453.3,1
TXN_006262,3917.62,network_error,retry,0.8222292840061234,3221.181887608069,3917.62,1
TXN_006263,1544.05,bank_decline,alternate_payment,0.6233202183557192,962.4375831521481,1544.05,1
TXN_006264,2460.92,card_expired,customer_followup,0.42372612159108547,1042.756087145934,0.0,0
TXN_006265,991.89,network_error,retry,0.6946333081904325,688.9998320610081,991.89,1
TXN_006266,2079.02,bank_decline,alternate_payment,0.6734162697485828,1400.0458931326987,2079.02,1
TXN_006267,1945.62,bank_decline,alternate_payment,0.5258330421812385,1023.0712835286612,0.0,0
TXN_006268,4763.65,authentication_failed,customer_followup,0.34731772891607526,1654.5000993510619,4763.65,1
TXN_006269,4756.08,authentication_failed,customer_followup,0.4417366953528127,2100.9350620336054,4756.08,1
TXN_006270,2963.06,insufficient_funds,retry_later,0.5587156791468235,1655.5080802527868,2963.06,1
TXN_006271,1258.47,limit_exceeded,alternate_payment,0.31964520422838016,402.2639001652896,1258.47,1
TXN_006272,3796.45,authentication_failed,customer_followup,0.4382233235612531,1663.6929367341193,0.0,0
TXN_006273,1649.18,authentication_failed,customer_followup,0.43465331232725735,716.8215496238663,1649.18,1
TXN_006274,612.83,insufficient_funds,retry_later,0.5505089391284876,337.3683931661111,612.83,1
TXN_006275,1207.99,network_error,retry,0.715585138342538,864.4196912664025,1207.99,1
TXN_006276,1967.52,limit_exceeded,alternate_payment,0.7176378775251441,1411.9668767882715,1967.52,1
TXN_006277,4492.73,limit_exceeded,alternate_payment,0.2244771086897261,1008.515040523593,4492.73,1
TXN_006278,1504.89,insufficient_funds,retry_later,0.5919595102081956,890.8339473172115,1504.89,1
TXN_006279,539.59,authentication_failed,customer_followup,0.6734546870086107,363.38941456297624,0.0,0
TXN_006280,1913.6,network_error,retry,0.7867552946741889,1505.5349318885278,1913.6,1
TXN_006281,2025.27,limit_exceeded,alternate_payment,0.42760619522264,866.0179989985561,0.0,0
TXN_006282,2177.29,insufficient_funds,retry_later,0.3810031816243714,829.5544173189276,0.0,0
TXN_006283,4536.32,insufficient_funds,retry_later,0.7112787666640543,3226.5880947934825,4536.32,1
TXN_006284,5008.66,limit_exceeded,alternate_payment,0.5951318608546643,2980.8131461883227,5008.66,1
TXN_006285,998.04,insufficient_funds,retry_later,0.5422473796535243,541.1845747894034,998.04,1
TXN_006286,976.38,authentication_failed,customer_followup,0.3839614454994539,374.8922761567568,976.38,1
TXN_006287,638.93,bank_decline,alternate_payment,0.7570334421606082,483.69137719967733,638.93,1
TXN_006288,3636.64,insufficient_funds,retry_later,0.3530816572316623,1284.0308779549523,3636.64,1
TXN_006289,7698.8,network_error,retry_later,0.3351876556141937,2580.542723042555,0.0,0
TXN_006290,1319.38,authentication_failed,customer_followup,0.2170563026305611,286.37974456470977,1319.38,1
TXN_006291,1420.22,network_error,retry,0.9122554428885528,1295.6034250991804,1420.22,1
TXN_006292,7838.34,bank_decline,alternate_payment,0.2958928699176395,2319.308917990231,7838.34,1
TXN_006293,2997.57,limit_exceeded,alternate_payment,0.606993828539772,1819.5064906159646,0.0,0
TXN_006294,2796.81,limit_exceeded,alternate_payment,0.2924992695747811,818.0648821394435,2796.81,1
TXN_006295,549.54,network_error,retry,0.76422569956988,419.9725909416318,549.54,1
TXN_006296,3564.32,insufficient_funds,retry_later,0.6348719133035907,2262.8866580262547,0.0,0
TXN_006297,713.99,limit_exceeded,alternate_payment,0.24925153152941412,177.9631009966864,713.99,1
TXN_006298,581.71,network_error,retry_later,0.4585314827383252,266.73234882371116,581.71,1
TXN_006299,1278.23,network_error,retry,0.8341107705293425,1066.1854102137215,1278.23,1
TXN_006300,1006.47,authentication_failed,customer_followup,0.3053717701465642,307.3475254994125,1006.47,1
TXN_006301,1448.67,limit_exceeded,alternate_payment,0.7623703666294225,1104.4230790250456,1448.67,1
TXN_006302,427.96,network_error,retry_later,0.5883526372842685,251.7913946521755,427.96,1
TXN_006303,4716.47,card_expired,customer_followup,0.2686618701233058,1267.135650580468,4716.47,1
TXN_006304,5584.14,card_expired,customer_followup,0.6115637735984929,3415.057730702288,5584.14,1
TXN_006305,257.92,authentication_failed,customer_followup,0.28399689064634526,73.24847803550537,257.92,1
TXN_006306,4810.03,card_expired,customer_followup,0.32815841234932297,1578.451808152614,4810.03,1
TXN_006307,803.9,authentication_failed,customer_followup,0.7920806501358677,636.753634644224,803.9,1
TXN_006308,4259.79,network_error,retry,0.8639315239173097,3680.1668662677166,4259.79,1
TXN_006309,1688.43,limit_exceeded,alternate_payment,0.6595915103873705,1113.674093883348,1688.43,1
TXN_006310,1860.83,authentication_failed,customer_followup,0.4403847903981595,819.4812295166071,0.0,0
TXN_006311,1502.53,card_expired,customer_followup,0.6036074458507013,906.9382956140541,1502.53,1
TXN_006312,6076.17,insufficient_funds,retry_later,0.30010161610990804,1823.46843675854,6076.17,1
TXN_006313,523.43,insufficient_funds,retry_later,0.4517029974609758,236.43489996099854,0.0,0
TXN_006314,3320.4,card_expired,customer_followup,0.642152334178133,2132.202610405073,3320.4,1
TXN_006315,5438.89,insufficient_funds,retry_later,0.3631958981289909,1975.3825383747874,5438.89,1
TXN_006316,3700.93,authentication_failed,customer_followup,0.45514447456188534,1684.4578402403183,0.0,0
TXN_006317,18484.71,card_expired,customer_followup,0.291867469376167,5395.085529852327,0.0,0
TXN_006318,1065.34,bank_decline,alternate_payment,0.8656185024800647,922.178015432112,1065.34,1
TXN_006319,4709.35,network_error,retry_later,0.6348015706022196,2989.5027765155633,0.0,0
TXN_006320,1626.05,bank_decline,alternate_payment,0.47293315772099054,769.0129611122167,1626.05,1
TXN_006321,6206.83,authentication_failed,customer_followup,0.4786993566163098,2971.20552762681,6206.83,1
TXN_006322,1794.19,card_expired,customer_followup,0.6696262185543587,1201.4366650680447,1794.19,1
TXN_006323,1226.75,network_error,retry_later,0.4880880938077227,598.7620690786239,0.0,0
TXN_006324,6674.65,bank_decline,alternate_payment,0.6238676354760961,4164.098113130525,6674.65,1
TXN_006325,1105.93,authentication_failed,customer_followup,0.6087408790903708,673.2248004124137,1105.93,1
TXN_006326,440.22,limit_exceeded,alternate_payment,0.3720044470773944,163.76379769241058,440.22,1
TXN_006327,1078.31,authentication_failed,customer_followup,0.34610049353798256,373.20362318694197,0.0,0
TXN_006328,3357.77,insufficient_funds,retry_later,0.3347379021877354,1123.9728858289122,3357.77,1
TXN_006329,7273.83,network_error,retry_later,0.6491250185298796,4721.625033533194,7273.83,1
TXN_006330,2020.56,network_error,retry_later,0.602339435530646,1217.0629698558018,2020.56,1
TXN_006331,6756.07,bank_decline,alternate_payment,0.6457777072317934,4362.919394497502,6756.07,1
TXN_006332,464.9,network_error,retry_later,0.46490924321747307,216.13630717180322,0.0,0
TXN_006333,1160.65,bank_decline,alternate_payment,0.495225562840945,574.7835495113428,1160.65,1
TXN_006334,1354.82,card_expired,customer_followup,0.8095958603667701,1096.8566635421075,1354.82,1
TXN_006335,1612.34,card_expired,customer_followup,0.5523769879135485,890.6195126925307,1612.34,1
TXN_006336,1966.66,card_expired,customer_followup,0.49572257477578147,974.9177589085384,1966.66,1
TXN_006337,3608.01,bank_decline,alternate_payment,0.7518513704269775,2712.6872630142393,3608.01,1
TXN_006338,1158.86,limit_exceeded,alternate_payment,0.6964483188959067,807.0860988357105,1158.86,1
TXN_006339,2077.72,limit_exceeded,alternate_payment,0.38050172816249644,790.576050637782,2077.72,1
TXN_006340,1728.27,bank_decline,alternate_payment,0.4830758417479708,834.8854850177655,1728.27,1
TXN_006341,716.31,card_expired,customer_followup,0.7749640795365003,555.1145198127905,716.31,1
TXN_006342,1613.78,card_expired,customer_followup,0.44663425224699504,720.7694235911556,1613.78,1
TXN_006343,1566.09,network_error,retry,0.8281309125006459,1296.9275407581365,1566.09,1
TXN_006344,1532.9,network_error,retry,0.7978768483658982,1223.0654208600854,1532.9,1
TXN_006345,1866.39,bank_decline,alternate_payment,0.5902341307451101,1101.6070792813662,1866.39,1
TXN_006346,1950.17,insufficient_funds,retry_later,0.27600688819284525,538.2603531470411,1950.17,1
TXN_006347,1173.45,limit_exceeded,alternate_payment,0.33504430863929485,393.15774397278057,1173.45,1
TXN_006348,6455.67,insufficient_funds,retry_later,0.7352757889286381,4746.697852312941,0.0,0
TXN_006349,561.45,network_error,retry_later,0.6816905600962718,382.73516496605185,561.45,1
TXN_006350,879.22,authentication_failed,customer_followup,0.587915828690557,516.9073549013116,879.22,1
TXN_006351,29142.81,insufficient_funds,retry_later,0.7834571040662517,22832.141526953,29142.81,1
TXN_006352,640.35,bank_decline,alternate_payment,0.27059863277748625,173.27783449906332,640.35,1
TXN_006353,466.96,authentication_failed,customer_followup,0.24330635723599067,113.6143365749182,466.96,1
TXN_006354,3768.67,bank_decline,alternate_payment,0.42676140726483747,1608.3229127167751,3768.67,1
TXN_006355,226.53,network_error,retry_later,0.48570110418507534,110.02587113104512,0.0,0
TXN_006356,1428.99,limit_exceeded,alternate_payment,0.7275158820959453,1039.6129203562848,0.0,0
TXN_006357,15457.12,bank_decline,alternate_payment,0.4141849571289845,6402.10658453757,15457.12,1
TXN_006358,385.7,insufficient_funds,retry_later,0.47983228499468455,185.0713123224498,385.7,1
TXN_006359,249.15,card_expired,customer_followup,0.3066947982223365,76.41300897709513,0.0,0
TXN_006360,403.76,bank_decline,alternate_payment,0.30794336745582696,124.33521404396468,0.0,0
TXN_006361,4439.78,insufficient_funds,retry_later,0.7020718646083993,3117.044623051079,4439.78,1
TXN_006362,5567.92,card_expired,customer_followup,0.7516444340876176,4185.096077445128,5567.92,1
TXN_006363,1082.91,bank_decline,alternate_payment,0.508333072923686,550.4789679997889,1082.91,1
TXN_006364,3580.34,authentication_failed,customer_followup,0.5194879062715266,1859.9433303401977,3580.34,1
TXN_006365,7260.87,bank_decline,alternate_payment,0.7253018400976243,5266.322371709637,7260.87,1
TXN_006366,10800.49,bank_decline,alternate_payment,0.5317016305503246,5742.638143742475,10800.49,1
TXN_006367,1413.27,bank_decline,alternate_payment,0.397201887737226,561.3535118823894,1413.27,1
TXN_006368,181.01,authentication_failed,customer_followup,0.41903368878380454,75.84928800675645,181.01,1
TXN_006369,795.62,bank_decline,alternate_payment,0.3883281345962533,308.96163044747107,795.62,1
TXN_006370,1179.91,authentication_failed,customer_followup,0.28393485045463956,335.0175693999338,0.0,0
TXN_006371,1395.57,bank_decline,alternate_payment,0.3959437942152342,552.5672808929544,0.0,0
TXN_006372,1498.38,card_expired,customer_followup,0.5522647702585702,827.5024864600365,1498.38,1
TXN_006373,5535.26,card_expired,customer_followup,0.26454543464150865,1464.327762553757,0.0,0
TXN_006374,6466.75,authentication_failed,customer_followup,0.24672210132532005,1595.4901487455134,0.0,0
TXN_006375,1522.83,card_expired,customer_followup,0.3409471089746959,519.204485959936,1522.83,1
TXN_006376,5423.44,bank_decline,alternate_payment,0.4045703862771145,2194.163215750754,5423.44,1
TXN_006377,2585.47,insufficient_funds,retry_later,0.5997367608130486,1550.6014029793128,0.0,0
TXN_006378,1928.52,insufficient_funds,retry_later,0.5829492116069894,1124.2292135683113,0.0,0
TXN_006379,4476.26,bank_decline,alternate_payment,0.6235655417394679,2791.2414918667105,0.0,0
TXN_006380,1943.51,card_expired,customer_followup,0.7028230255651411,1365.9435784161074,0.0,0
TXN_006381,14154.83,network_error,retry_later,0.633387622506847,8965.494120688592,0.0,0
TXN_006382,429.06,insufficient_funds,retry_later,0.6996033896456977,300.17183036138306,429.06,1
TXN_006383,1080.12,card_expired,customer_followup,0.32793493924216155,354.2090865742435,1080.12,1
TXN_006384,1593.17,limit_exceeded,alternate_payment,0.4187807018939328,667.1888508363569,1593.17,1
TXN_006385,2805.82,limit_exceeded,alternate_payment,0.6307654951784284,1769.814441681538,2805.82,1
TXN_006386,6425.06,authentication_failed,customer_followup,0.26994457195054883,1734.4100714565934,0.0,0
TXN_006387,1764.46,card_expired,customer_followup,0.7769929408915247,1370.9729644854597,1764.46,1
TXN_006388,436.06,insufficient_funds,retry_later,0.3246786003354779,141.5793504622885,0.0,0
TXN_006389,4198.63,network_error,retry,0.7570686372029276,3178.651092219328,4198.63,1
TXN_006390,3846.65,network_error,retry,0.8657685170655256,3330.308466170104,3846.65,1
TXN_006391,259.34,insufficient_funds,retry_later,0.5182585212256374,134.4051648946568,259.34,1
TXN_006392,1801.18,bank_decline,alternate_payment,0.31713599545448057,571.2190122927013,1801.18,1
TXN_006393,368.65,insufficient_funds,retry_later,0.5479184695325108,201.9901437931601,368.65,1
TXN_006394,930.15,authentication_failed,customer_followup,0.5290253444621646,492.0729241514824,0.0,0
TXN_006395,733.03,card_expired,customer_followup,0.3408508853824632,249.853924511907,0.0,0
TXN_006396,4061.33,insufficient_funds,retry_later,0.5408495475984756,2196.568493148117,4061.33,1
TXN_006397,2032.11,authentication_failed,customer_followup,0.44642337616680183,907.1814069423197,2032.11,1
TXN_006398,499.9,bank_decline,alternate_payment,0.6292584532373839,314.5663007733682,499.9,1
TXN_006399,4359.3,network_error,retry,0.7463658439214136,3253.632623406618,4359.3,1
TXN_006400,431.04,bank_decline,alternate_payment,0.8528191045853164,367.5991468404548,0.0,0
TXN_006401,2515.22,insufficient_funds,retry_later,0.8267319577175933,2079.412754690445,2515.22,1
TXN_006402,801.1,network_error,retry_later,0.7161898818005134,573.7397143103913,0.0,0
TXN_006403,1254.29,card_expired,customer_followup,0.22950480814208613,287.8655858045372,1254.29,1
TXN_006404,2993.72,insufficient_funds,retry_later,0.516379143608674,1545.8945698041593,0.0,0
TXN_006405,3045.59,limit_exceeded,alternate_payment,0.32496026826582464,989.695743427713,3045.59,1
TXN_006406,6884.1,network_error,retry,0.7276342205931094,5009.106737985025,6884.1,1
TXN_006407,1665.28,insufficient_funds,retry_later,0.3548853613618782,590.9834945687086,1665.28,1
TXN_006408,2456.4,card_expired,customer_followup,0.33921267342590566,833.2420110033947,2456.4,1
TXN_006409,1167.08,insufficient_funds,retry_later,0.2859655070699333,333.7446239911777,1167.08,1
TXN_006410,2168.93,authentication_failed,customer_followup,0.33256959900053046,721.3201803602204,0.0,0
TXN_006411,2805.92,bank_decline,alternate_payment,0.38887788691015435,1091.1602404389403,2805.92,1
TXN_006412,1638.75,insufficient_funds,retry_later,0.7307022029448276,1197.4382350758362,1638.75,1
TXN_006413,297.75,limit_exceeded,alternate_payment,0.7110062614501558,211.70211434678387,297.75,1
TXN_006414,2518.63,limit_exceeded,alternate_payment,0.29986355404661885,755.2453431284357,2518.63,1
TXN_006415,2603.37,limit_exceeded,alternate_payment,0.31900940757424834,830.4995213965709,2603.37,1
TXN_006416,915.83,authentication_failed,customer_followup,0.45544427246118147,417.1095280481238,915.83,1
TXN_006417,500.5,authentication_failed,customer_followup,0.28130248186867857,140.79189217527363,500.5,1
TXN_006418,7909.97,limit_exceeded,alternate_payment,0.364713344559364,2884.8716140642323,0.0,0
TXN_006419,2955.57,insufficient_funds,retry_later,0.8636725835896064,2552.6447778799334,2955.57,1
TXN_006420,1437.87,limit_exceeded,alternate_payment,0.7566913137660132,1088.0237393247373,1437.87,1
TXN_006421,579.96,network_error,retry_later,0.6030472988234382,349.74331142564125,0.0,0
TXN_006422,794.88,network_error,retry_later,0.4407463815419461,350.3404837600621,0.0,0
TXN_006423,6651.45,bank_decline,alternate_payment,0.6457820593782396,4295.387078851392,6651.45,1
TXN_006424,2074.89,network_error,retry_later,0.6750793738598204,1400.7154420280026,2074.89,1
TXN_006425,1042.54,card_expired,customer_followup,0.3157730516993893,329.2060373186813,1042.54,1
TXN_006426,3009.98,insufficient_funds,retry_later,0.30794786417264175,926.9169122023682,3009.98,1
TXN_006427,800.79,network_error,retry,0.855428514587087,685.0186001961933,0.0,0
TXN_006428,8109.92,card_expired,customer_followup,0.5931825806946656,4810.663274827282,8109.92,1
TXN_006429,6993.95,limit_exceeded,alternate_payment,0.6461987562208801,4519.481791071024,6993.95,1
TXN_006430,1133.91,card_expired,customer_followup,0.46762100444261967,530.2401331475309,1133.91,1
TXN_006431,964.23,authentication_failed,customer_followup,0.3015023422409725,290.71760345901293,964.23,1
TXN_006432,131.88,network_error,retry_later,0.4168920460395485,54.979723031695656,0.0,0
TXN_006433,410.93,bank_decline,alternate_payment,0.7373682401140365,303.006730910061,410.93,1
TXN_006434,473.68,card_expired,customer_followup,0.2731094148082959,129.36646760639363,473.68,1
TXN_006435,2069.76,limit_exceeded,alternate_payment,0.4899805839492639,1014.1422134348286,0.0,0
TXN_006436,1304.75,network_error,retry_later,0.6365508518739857,830.5397239825829,0.0,0
TXN_006437,470.91,insufficient_funds,retry_later,0.5712014573275737,268.98447827012774,470.91,1
TXN_006438,1364.9,bank_decline,alternate_payment,0.38508284478194976,525.5995748428833,1364.9,1
TXN_006439,2996.91,network_error,retry_later,0.47857326030458447,1434.240989539412,2996.91,1
TXN_006440,3065.11,insufficient_funds,retry_later,0.8462847231555737,2593.9557677913804,3065.11,1
TXN_006441,270.52,card_expired,customer_followup,0.38943637985277574,105.35032947777289,270.52,1
TXN_006442,1590.39,card_expired,customer_followup,0.3405576213636886,541.6194354405968,1590.39,1
TXN_006443,453.35,insufficient_funds,retry_later,0.2599415896420122,117.84451966420623,0.0,0
TXN_006444,4454.76,network_error,retry_later,0.6035422524005931,2688.635884304066,4454.76,1
TXN_006445,3960.58,card_expired,customer_followup,0.5834412911530419,2310.7659089149147,3960.58,1
TXN_006446,736.55,limit_exceeded,alternate_payment,0.5278322849117205,388.77486945172774,736.55,1
TXN_006447,840.46,network_error,retry_later,0.7072528439484866,594.4177252249451,0.0,0
TXN_006448,1139.94,card_expired,customer_followup,0.4152399375284689,473.3486143862028,1139.94,1
TXN_006449,190.03,authentication_failed,customer_followup,0.2760341582685066,52.45477109576431,190.03,1
TXN_006450,2529.98,limit_exceeded,alternate_payment,0.3399206685481243,859.9924930133835,2529.98,1
TXN_006451,1376.3,card_expired,customer_followup,0.3363912187631171,462.97523438367807,0.0,0
TXN_006452,4770.35,card_expired,customer_followup,0.2714242027628049,1294.7884456495462,0.0,0
TXN_006453,602.8,authentication_failed,customer_followup,0.6009096470620829,362.2283352490236,602.8,1
TXN_006454,973.48,limit_exceeded,alternate_payment,0.5208404488043955,507.02776010210295,973.48,1
TXN_006455,400.8,limit_exceeded,alternate_payment,0.33484450070017385,134.20567588062968,0.0,0
TXN_006456,662.29,bank_decline,alternate_payment,0.7412672878708004,490.9339120839524,662.29,1
TXN_006457,554.47,authentication_failed,customer_followup,0.7635277667471453,423.35324082828964,554.47,1
TXN_006458,4895.02,limit_exceeded,alternate_payment,0.45449394741824445,2224.7569624912553,4895.02,1
TXN_006459,899.41,bank_decline,alternate_payment,0.5022164462803157,451.69849394897875,899.41,1
TXN_006460,2047.09,card_expired,customer_followup,0.6987161827344945,1430.3349105139564,2047.09,1
TXN_006461,1235.51,bank_decline,alternate_payment,0.4199184284370704,518.8134175182848,1235.51,1
TXN_006462,508.03,insufficient_funds,retry_later,0.6720209159229207,341.4067859163214,508.03,1
TXN_006463,1527.98,insufficient_funds,retry_later,0.6315746591071121,965.0334476224851,0.0,0
TXN_006464,3291.52,insufficient_funds,retry_later,0.6506984282899152,2141.7868906848216,3291.52,1
TXN_006465,540.36,authentication_failed,customer_followup,0.30487559379161716,164.74257586123827,0.0,0
TXN_006466,4060.71,insufficient_funds,retry_later,0.3931576006734151,1596.4990006305434,4060.71,1
TXN_006467,773.0,network_error,retry_later,0.6537941932668121,505.38291139524574,773.0,1
TXN_006468,1115.45,insufficient_funds,retry_later,0.6628275846209875,739.3510292654805,1115.45,1
TXN_006469,3073.84,card_expired,customer_followup,0.28188982064622836,866.4842062952026,0.0,0
TXN_006470,931.28,limit_exceeded,alternate_payment,0.315424251700796,293.7482971239173,0.0,0
TXN_006471,1877.27,insufficient_funds,retry_later,0.3783308569231704,710.2291677761601,0.0,0
TXN_006472,1319.9,bank_decline,alternate_payment,0.4840526527193683,638.9010963242943,0.0,0
TXN_006473,2057.75,card_expired,customer_followup,0.3690758084417167,759.4657448209426,0.0,0
TXN_006474,167.21,card_expired,customer_followup,0.2670892668818819,44.659996315319475,0.0,0
TXN_006475,290.13,insufficient_funds,retry_later,0.7533583291757919,218.5718520437725,290.13,1
TXN_006476,3347.49,limit_exceeded,alternate_payment,0.3034290146469504,1015.7255922405199,0.0,0
TXN_006477,5100.95,bank_decline,alternate_payment,0.2662580338980218,1358.168918012114,5100.95,1
TXN_006478,727.43,card_expired,customer_followup,0.3946538041453451,287.0830167494484,727.43,1
TXN_006479,1416.54,card_expired,customer_followup,0.27081477994344993,383.61996838109457,1416.54,1
TXN_006480,2427.75,network_error,retry,0.841521250246587,2043.0032152861515,2427.75,1
TXN_006481,3616.34,authentication_failed,customer_followup,0.3002404773560329,1085.771647881716,0.0,0
TXN_006482,238.01,bank_decline,alternate_payment,0.5658582423856326,134.67992027020443,238.01,1
TXN_006483,745.43,insufficient_funds,retry_later,0.7238584726828993,539.5858212920135,745.43,1
TXN_006484,1296.5,card_expired,customer_followup,0.35399778098896384,458.95812305219164,1296.5,1
TXN_006485,3652.4,card_expired,customer_followup,0.3585479049503528,1309.5603680406687,3652.4,1
TXN_006486,21991.92,authentication_failed,customer_followup,0.23002521678926283,5058.696165612125,21991.92,1
TXN_006487,1439.42,limit_exceeded,alternate_payment,0.2477723834289236,356.6485241552612,0.0,0
TXN_006488,442.76,insufficient_funds,retry_later,0.7220965219251003,319.71545604755744,442.76,1
TXN_006489,2703.41,network_error,retry_later,0.5120080631146892,1384.1677179048818,2703.41,1
TXN_006490,6775.01,network_error,retry_later,0.4701050546702711,3184.9664464416333,0.0,0
TXN_006491,2014.27,bank_decline,alternate_payment,0.4098001507520387,825.448149655309,2014.27,1
TXN_006492,730.22,authentication_failed,customer_followup,0.4136679566050895,302.0686152721685,730.22,1
TXN_006493,4712.59,limit_exceeded,alternate_payment,0.4726682029565792,2227.4914465711454,4712.59,1
TXN_006494,3510.61,limit_exceeded,alternate_payment,0.2245598008517415,788.3418824681322,3510.61,1
TXN_006495,648.02,authentication_failed,customer_followup,0.2877270580848538,186.45288818014697,0.0,0
TXN_006496,2647.64,card_expired,customer_followup,0.781009809175949,2067.8328111666096,2647.64,1
TXN_006497,4901.35,card_expired,customer_followup,0.3313683174070719,1624.152102523152,4901.35,1
TXN_006498,5895.18,card_expired,customer_followup,0.711722824112885,4195.734158253797,5895.18,1
TXN_006499,1691.8,card_expired,customer_followup,0.3106283798894303,525.5210930969382,1691.8,1
TXN_006500,1263.85,insufficient_funds,retry_later,0.651023097051566,822.7955412086217,1263.85,1
TXN_006501,6168.89,insufficient_funds,retry_later,0.40470756855616413,2496.5964725904355,6168.89,1
TXN_006502,539.07,bank_decline,alternate_payment,0.487626910879026,262.86503884755655,539.07,1
TXN_006503,2803.37,network_error,retry_later,0.663476645045214,1859.9705224204015,2803.37,1
TXN_006504,459.42,bank_decline,alternate_payment,0.8313550810811764,381.94115135031404,459.42,1
TXN_006505,5246.81,card_expired,customer_followup,0.28359485569566867,1487.9683248125914,5246.81,1
TXN_006506,1396.82,authentication_failed,customer_followup,0.6211947832622187,867.6972971563322,1396.82,1
TXN_006507,6429.06,insufficient_funds,retry_later,0.30615690791165584,1968.3011303785102,0.0,0
TXN_006508,2955.47,insufficient_funds,retry_later,0.850541461679802,2513.7497737508043,0.0,0
TXN_006509,532.07,limit_exceeded,alternate_payment,0.41940471778859706,223.15266819377885,0.0,0
TXN_006510,7514.79,limit_exceeded,alternate_payment,0.47993051693062394,3606.5770493250834,0.0,0
TXN_006511,8529.15,insufficient_funds,retry_later,0.25382397542922475,2164.902760032172,8529.15,1
TXN_006512,4368.99,limit_exceeded,alternate_payment,0.5197402583988512,2270.739991541997,0.0,0
TXN_006513,844.22,insufficient_funds,retry_later,0.6476702026238488,546.7761384591056,0.0,0
TXN_006514,1331.4,authentication_failed,customer_followup,0.33220455158611256,442.2971399817503,0.0,0
TXN_006515,2091.06,limit_exceeded,alternate_payment,0.2564570601103166,536.2671001142786,2091.06,1
TXN_006516,894.52,bank_decline,alternate_payment,0.638399998134904,571.0615663316344,894.52,1
TXN_006517,9821.67,insufficient_funds,retry_later,0.34717010351850974,3409.7901906246416,0.0,0
TXN_006518,2088.76,card_expired,customer_followup,0.6644635391260492,1387.9048619849266,2088.76,1
TXN_006519,121.1,card_expired,customer_followup,0.3770085481494691,45.655735180900706,0.0,0
TXN_006520,2538.57,bank_decline,alternate_payment,0.8391142776097438,2130.150331711767,2538.57,1
TXN_006521,1276.46,bank_decline,alternate_payment,0.1919206710096002,244.97905971691426,1276.46,1
TXN_006522,1677.52,limit_exceeded,alternate_payment,0.32706315871603575,548.6549900093243,1677.52,1
TXN_006523,1250.6,bank_decline,alternate_payment,0.2571559982889392,321.59929146014736,0.0,0
TXN_006524,4052.33,bank_decline,alternate_payment,0.3253760079607748,1318.5309583396865,4052.33,1
TXN_006525,5539.66,authentication_failed,customer_followup,0.4465364739402556,2473.660243227876,5539.66,1
TXN_006526,2399.59,limit_exceeded,alternate_payment,0.6217982703201694,1492.0609114775755,0.0,0
TXN_006527,1287.8,insufficient_funds,retry_later,0.7473257824490916,962.4061426379402,1287.8,1
TXN_006528,1734.83,authentication_failed,customer_followup,0.39440799930372994,684.2308294320898,0.0,0
TXN_006529,1843.83,limit_exceeded,alternate_payment,0.6335869801205711,1168.2266815557127,1843.83,1
TXN_006530,810.43,authentication_failed,customer_followup,0.5233990074176471,424.1782575814837,0.0,0
TXN_006531,3225.78,insufficient_funds,retry_later,0.4591158892368533,1481.0068531824568,3225.78,1
TXN_006532,2864.19,authentication_failed,customer_followup,0.36092961393134665,1033.7709909260238,0.0,0
TXN_006533,8437.5,bank_decline,alternate_payment,0.5183445568727959,4373.532198614215,0.0,0
TXN_006534,6344.54,network_error,retry_later,0.4614509941353825,2927.6942903316994,6344.54,1
TXN_006535,910.8,card_expired,customer_followup,0.26136085111265445,238.04746319340566,910.8,1
TXN_006536,4106.39,bank_decline,alternate_payment,0.20350658946706668,835.677423921668,4106.39,1
TXN_006537,698.58,limit_exceeded,alternate_payment,0.26788015979672203,187.13572203079408,0.0,0
TXN_006538,3626.17,bank_decline,alternate_payment,0.38034059043050455,1379.1796388013827,0.0,0
TXN_006539,1078.56,insufficient_funds,retry_later,0.7400399917844775,798.1775335390661,1078.56,1
TXN_006540,649.85,limit_exceeded,alternate_payment,0.3168730241213078,205.91993472523188,649.85,1
TXN_006541,2392.38,network_error,retry_later,0.36311643291678153,868.7124917814498,2392.38,1
TXN_006542,124.64,insufficient_funds,retry_later,0.8697020757468539,108.39966672108787,124.64,1
TXN_006543,313.88,bank_decline,alternate_payment,0.2678590103964025,84.07558618322281,0.0,0
TXN_006544,1514.0,limit_exceeded,alternate_payment,0.6885495257869996,1042.4639820415173,1514.0,1
TXN_006545,1963.42,authentication_failed,customer_followup,0.683098765517816,1341.2097781929904,1963.42,1
TXN_006546,1249.73,limit_exceeded,alternate_payment,0.33326573954899513,416.4921926865657,1249.73,1
TXN_006547,372.62,card_expired,customer_followup,0.609810087968361,227.22743497877067,372.62,1
TXN_006548,798.0,limit_exceeded,alternate_payment,0.35600260870067363,284.09008174313755,798.0,1
TXN_006549,2673.68,card_expired,customer_followup,0.6086333397628318,1627.2907878570882,2673.68,1
TXN_006550,3234.99,bank_decline,alternate_payment,0.363909356540255,1177.2431293141594,3234.99,1
TXN_006551,1778.95,insufficient_funds,retry_later,0.670878005076985,1193.4584271317026,1778.95,1
TXN_006552,5749.3,network_error,retry_later,0.4780479783478607,2748.441241915356,0.0,0
TXN_006553,2690.27,network_error,retry,0.8251423692285861,2219.855761664588,2690.27,1
TXN_006554,856.23,bank_decline,alternate_payment,0.5312392817352918,454.86301020020886,856.23,1
TXN_006555,1365.8,network_error,retry,0.8203050561107412,1120.3726456360503,1365.8,1
TXN_006556,444.58,limit_exceeded,alternate_payment,0.40576447629190593,180.39477086985553,0.0,0
TXN_006557,1622.72,insufficient_funds,retry_later,0.6575226073701121,1066.9750854316285,1622.72,1
TXN_006558,5497.79,network_error,retry,0.7748375316869016,4259.894033332931,5497.79,1
TXN_006559,3587.78,insufficient_funds,retry_later,0.8749103949119823,3138.986016657312,3587.78,1
TXN_006560,7346.72,bank_decline,alternate_payment,0.4096943606018525,3009.909752920842,0.0,0
TXN_006561,1335.57,limit_exceeded,alternate_payment,0.44753010381631625,597.7077807539574,1335.57,1
TXN_006562,6947.24,network_error,retry,0.8514585760417406,5915.287077820221,6947.24,1
TXN_006563,1490.24,insufficient_funds,retry_later,0.4062643227384397,605.4313443177324,1490.24,1
TXN_006564,7876.08,authentication_failed,customer_followup,0.4738898952959988,3732.39472654291,7876.08,1
TXN_006565,1768.95,network_error,retry,0.5776848218807116,1021.8955656658848,1768.95,1
TXN_006566,3667.37,limit_exceeded,alternate_payment,0.3427977760930422,1257.16628011034,3667.37,1
TXN_006567,7903.91,card_expired,customer_followup,0.3963056626306678,3132.3642899231613,0.0,0
TXN_006568,1490.06,network_error,retry,0.6839597540795884,1019.1410711638315,1490.06,1
TXN_006569,2249.33,network_error,retry_later,0.5397428186620394,1214.059714301085,2249.33,1
TXN_006570,6560.77,authentication_failed,customer_followup,0.4633449602175392,3039.899714646425,6560.77,1
TXN_006571,1582.87,network_error,retry,0.5124430755551996,811.1307710040588,1582.87,1
TXN_006572,482.56,limit_exceeded,alternate_payment,0.4009110765456815,193.46364909788406,482.56,1
TXN_006573,15413.62,network_error,retry_later,0.7489768268489151,11544.444197854975,15413.62,1
TXN_006574,1130.3,bank_decline,alternate_payment,0.7895052797494456,892.3778177007983,0.0,0
TXN_006575,2119.12,bank_decline,alternate_payment,0.8736048811077297,1851.2735756530121,2119.12,1
TXN_006576,5744.55,insufficient_funds,retry_later,0.7917736672093053,4548.383419967215,5744.55,1
TXN_006577,983.88,card_expired,customer_followup,0.2811451296417255,276.6130701519009,0.0,0
TXN_006578,659.93,network_error,retry_later,0.5107814360457418,337.07999308966635,659.93,1
TXN_006579,2330.27,bank_decline,alternate_payment,0.299185123575313,697.1821179138446,2330.27,1
TXN_006580,300.94,insufficient_funds,retry_later,0.6190849479306645,186.30742423025416,300.94,1
TXN_006581,1355.73,authentication_failed,customer_followup,0.6095989159181445,826.451538277706,0.0,0
TXN_006582,2310.08,limit_exceeded,alternate_payment,0.4870985144114739,1125.2365361716575,0.0,0
TXN_006583,1380.29,card_expired,customer_followup,0.3898291564141108,538.077286306833,0.0,0
TXN_006584,386.27,authentication_failed,customer_followup,0.28062801886048616,108.39818484523998,386.27,1
TXN_006585,8903.31,insufficient_funds,retry_later,0.3275225964774061,2916.0352084432543,0.0,0
TXN_006586,2005.28,authentication_failed,customer_followup,0.6583104664450463,1320.0968121529224,2005.28,1
TXN_006587,7563.97,network_error,retry,0.5861181725947173,4433.380273961264,7563.97,1
TXN_006588,1394.04,authentication_failed,customer_followup,0.6474777329988703,902.6098589097452,1394.04,1
TXN_006589,749.94,bank_decline,alternate_payment,0.37303786872383493,279.7560192707528,749.94,1
TXN_006590,2366.53,bank_decline,alternate_payment,0.651202650682101,1541.0906089187126,0.0,0
TXN_006591,1457.11,limit_exceeded,alternate_payment,0.6508383605076848,948.3430834793526,1457.11,1
TXN_006592,556.82,authentication_failed,customer_followup,0.2961798939851066,164.91888856878705,556.82,1
TXN_006593,7861.91,card_expired,customer_followup,0.42591667416233436,3348.518559763598,7861.91,1
TXN_006594,970.42,bank_decline,alternate_payment,0.33233367822247833,322.5032480206574,0.0,0
TXN_006595,287.07,authentication_failed,customer_followup,0.586146950689493,168.26520513443273,287.07,1
TXN_006596,6823.76,network_error,retry_later,0.5346633734261534,3648.414541050449,6823.76,1
TXN_006597,1091.93,limit_exceeded,alternate_payment,0.7235829129160622,790.1018901004359,1091.93,1
TXN_006598,984.54,bank_decline,alternate_payment,0.5508859815143151,542.3692842401038,984.54,1
TXN_006599,309.39,bank_decline,alternate_payment,0.43915075879988064,135.86885326509505,0.0,0
TXN_006600,10310.74,limit_exceeded,alternate_payment,0.23502414427594612,2423.2728453517684,0.0,0
TXN_006601,497.96,authentication_failed,customer_followup,0.5933546351343961,295.4668741115239,497.96,1
TXN_006602,1916.87,authentication_failed,customer_followup,0.6004783308580902,1151.0388980719474,1916.87,1
TXN_006603,4503.55,authentication_failed,customer_followup,0.371235444646945,1671.8773867397492,4503.55,1
TXN_006604,2756.5,card_expired,customer_followup,0.42163127656039473,1162.226613838728,0.0,0
TXN_006605,1703.34,bank_decline,alternate_payment,0.7221242172901536,1230.0230642790102,1703.34,1
TXN_006606,329.75,network_error,retry,0.669898056566639,220.89888415284923,329.75,1
TXN_006607,804.54,network_error,retry,0.6985976152668547,562.0497253867952,804.54,1
TXN_006608,2181.57,insufficient_funds,retry_later,0.3642267387399564,794.5861264329268,2181.57,1
TXN_006609,822.89,authentication_failed,customer_followup,0.3394368566403632,279.3191949607885,0.0,0
TXN_006610,2215.78,insufficient_funds,retry_later,0.619493612108248,1372.6615558372139,2215.78,1
TXN_006611,3575.08,insufficient_funds,retry_later,0.29186088269571764,1043.4260045078063,0.0,0
TXN_006612,4733.89,card_expired,customer_followup,0.2840375790888686,1344.6026552730043,0.0,0
TXN_006613,530.5,limit_exceeded,alternate_payment,0.46145166239411894,244.8001069000801,530.5,1
TXN_006614,16262.97,card_expired,customer_followup,0.5587628643618425,9087.143700230714,16262.97,1
TXN_006615,3895.12,authentication_failed,customer_followup,0.4848419449578344,1888.5175566441599,3895.12,1
TXN_006616,1804.95,authentication_failed,customer_followup,0.24195663581245286,436.7196298096868,0.0,0
TXN_006617,5375.12,limit_exceeded,alternate_payment,0.8199430772840143,4407.29243357085,5375.12,1
TXN_006618,19252.72,authentication_failed,customer_followup,0.20030858715476882,3856.485142086361,19252.72,1
TXN_006619,428.92,network_error,retry_later,0.5771652321248617,247.5577113629957,0.0,0
TXN_006620,1443.37,authentication_failed,customer_followup,0.6190720738890642,893.5500592892585,0.0,0
TXN_006621,167.6,network_error,retry,0.7305787637762196,122.44500080889439,167.6,1
TXN_006622,2192.18,insufficient_funds,retry_later,0.4629415647158378,1014.8512393387653,2192.18,1
TXN_006623,2605.54,authentication_failed,customer_followup,0.26956545595712833,702.3635781145362,2605.54,1
TXN_006624,1738.6,bank_decline,alternate_payment,0.44172999159469173,767.991763386531,1738.6,1
TXN_006625,939.61,network_error,retry,0.7862923586833359,738.8081631424493,939.61,1
TXN_006626,232.87,authentication_failed,customer_followup,0.3078542877736423,71.69002799384809,232.87,1
TXN_006627,2626.83,network_error,retry_later,0.5479580049289432,1439.3925260874958,0.0,0
TXN_006628,7749.89,network_error,retry,0.8943588450776156,6931.182669878563,7749.89,1
TXN_006629,1001.23,authentication_failed,customer_followup,0.24276358373602117,243.06218294401648,0.0,0
TXN_006630,2807.53,insufficient_funds,retry_later,0.5744385266109282,1612.7533966159795,2807.53,1
TXN_006631,376.85,limit_exceeded,alternate_payment,0.28033870668047217,105.64564161253594,376.85,1
TXN_006632,2856.1,authentication_failed,customer_followup,0.8851805263723486,2528.1641013720646,2856.1,1
TXN_006633,1220.01,insufficient_funds,retry_later,0.37043200002583154,451.93074435151476,0.0,0
TXN_006634,843.52,insufficient_funds,retry_later,0.6081624324509302,512.9971750210086,843.52,1
TXN_006635,845.25,authentication_failed,customer_followup,0.5026322735529616,424.8499292206408,0.0,0
TXN_006636,1219.73,bank_decline,alternate_payment,0.5825529923169046,710.5573613186981,1219.73,1
TXN_006637,2650.31,bank_decline,alternate_payment,0.31765694554696705,841.8893793525822,0.0,0
TXN_006638,486.79,insufficient_funds,retry_later,0.756074675895704,368.04959147926974,486.79,1
TXN_006639,1215.47,network_error,retry_later,0.5592413629706484,679.741099449934,1215.47,1
TXN_006640,1734.59,bank_decline,alternate_payment,0.33241657241972083,576.6064623535235,1734.59,1
TXN_006641,602.42,authentication_failed,customer_followup,0.5395687242114635,325.0469908394698,0.0,0
TXN_006642,10901.6,bank_decline,alternate_payment,0.283900167653316,3094.9660676893895,0.0,0
TXN_006643,770.09,network_error,retry_later,0.7043967161022398,542.4488671031738,770.09,1
TXN_006644,925.71,bank_decline,alternate_payment,0.3332827553199697,308.52317942724915,0.0,0
TXN_006645,679.73,authentication_failed,customer_followup,0.33624681125631206,228.557045015253,679.73,1
TXN_006646,10921.41,authentication_failed,customer_followup,0.32540125322224706,3553.840500953981,10921.41,1
TXN_006647,3142.91,insufficient_funds,retry_later,0.5782723847606209,1817.458060788003,0.0,0
TXN_006648,708.68,card_expired,customer_followup,0.3138623207400163,222.42794946203475,0.0,0
TXN_006649,5465.61,network_error,retry,0.8532783081704567,4663.686453919529,5465.61,1
TXN_006650,2209.89,bank_decline,alternate_payment,0.7286350561025516,1610.2033241304678,0.0,0
TXN_006651,2338.47,limit_exceeded,alternate_payment,0.4492557677316982,1050.571135167544,2338.47,1
TXN_006652,1281.16,insufficient_funds,retry_later,0.5662970726206317,725.5171575586485,0.0,0
TXN_006653,854.56,card_expired,customer_followup,0.5274713835882404,450.7559455591667,854.56,1
TXN_006654,2534.54,card_expired,customer_followup,0.41164270590893803,1043.3249038344397,2534.54,1
TXN_006655,1048.29,limit_exceeded,alternate_payment,0.3561014596605962,373.2975991476064,1048.29,1
TXN_006656,11122.84,insufficient_funds,retry_later,0.5955952961121849,6624.711183408454,11122.84,1
TXN_006657,508.12,authentication_failed,customer_followup,0.3990100031759516,202.74496281376452,508.12,1
TXN_006658,8401.43,authentication_failed,customer_followup,0.3778624617927659,3174.5850223795974,8401.43,1
TXN_006659,1617.57,network_error,retry,0.7431945024330264,1202.1691313005906,1617.57,1
TXN_006660,2438.37,network_error,retry,0.6467462755408183,1577.006715890465,2438.37,1
TXN_006661,4159.53,limit_exceeded,alternate_payment,0.5053037354733734,2101.8260468135604,4159.53,1
TXN_006662,962.71,authentication_failed,customer_followup,0.629605613946636,606.1276206025659,962.71,1
TXN_006663,4290.89,network_error,retry,0.7953722778805192,3412.854953434741,4290.89,1
TXN_006664,120.6,network_error,retry,0.760810506597298,91.75374709563414,120.6,1
TXN_006665,880.08,bank_decline,alternate_payment,0.7464024237195761,656.8938450671245,0.0,0
TXN_006666,717.62,network_error,retry_later,0.6273724090291908,450.2149881675279,0.0,0
TXN_006667,516.2,authentication_failed,customer_followup,0.320880806214547,165.63867216794918,516.2,1
TXN_006668,1458.33,insufficient_funds,retry_later,0.49911519544661065,727.8746629756557,0.0,0
TXN_006669,2659.12,card_expired,customer_followup,0.6556424170098385,1743.4318639192018,2659.12,1
TXN_006670,3650.65,authentication_failed,customer_followup,0.5348339567770838,1952.491584308261,3650.65,1
TXN_006671,2300.49,network_error,retry,0.741383644473445,1705.5456602747151,2300.49,1
TXN_006672,929.18,authentication_failed,customer_followup,0.3278801500056114,304.659677782214,0.0,0
TXN_006673,2614.99,limit_exceeded,alternate_payment,0.6570995784470378,1718.3088266432192,2614.99,1
TXN_006674,2047.32,authentication_failed,customer_followup,0.2966261846837019,607.2887204266365,2047.32,1
TXN_006675,4610.34,card_expired,customer_followup,0.47143282691299615,2173.4656192300627,4610.34,1
TXN_006676,3932.13,network_error,retry_later,0.6917147017707874,2719.9121302739663,0.0,0
TXN_006677,1863.99,insufficient_funds,retry_later,0.3357100712546741,625.760215718,0.0,0
TXN_006678,737.12,insufficient_funds,retry_later,0.6552968755375677,483.03243289625186,737.12,1
TXN_006679,941.1,bank_decline,alternate_payment,0.554023129587421,521.3911672547218,941.1,1
TXN_006680,1043.37,limit_exceeded,alternate_payment,0.43372653664799576,452.5372565424193,1043.37,1
TXN_006681,1319.14,card_expired,customer_followup,0.683051972386995,901.0411788545806,1319.14,1
TXN_006682,2363.86,authentication_failed,customer_followup,0.3852974162385833,910.7891503497376,2363.86,1
TXN_006683,3696.62,limit_exceeded,alternate_payment,0.542280609491981,2004.6053466602466,0.0,0
TXN_006684,1717.94,card_expired,customer_followup,0.45826083789808025,787.264623858628,1717.94,1
TXN_006685,1837.43,card_expired,customer_followup,0.8590780851715711,1578.4958460368,1837.43,1
TXN_006686,2086.63,insufficient_funds,retry_later,0.8348760627701807,1742.0774388581422,2086.63,1
TXN_006687,1079.33,card_expired,customer_followup,0.7911989412859692,853.9647532981851,1079.33,1
TXN_006688,716.66,card_expired,customer_followup,0.39114955018678715,280.32123663686286,716.66,1
TXN_006689,312.49,limit_exceeded,alternate_payment,0.40488674783937073,126.52305983232496,312.49,1
TXN_006690,902.21,authentication_failed,customer_followup,0.6228380969076479,561.930759411049,902.21,1
TXN_006691,2901.97,bank_decline,alternate_payment,0.663789330692615,1926.296723990048,0.0,0
TXN_006692,895.24,limit_exceeded,alternate_payment,0.3745935710151124,335.35114851556926,895.24,1
TXN_006693,1425.38,authentication_failed,customer_followup,0.37591423613167324,535.8206338973645,1425.38,1
TXN_006694,2882.55,card_expired,customer_followup,0.2803798742011949,808.2090063786545,0.0,0
TXN_006695,3043.27,bank_decline,alternate_payment,0.3556394044233183,1082.306730299352,3043.27,1
TXN_006696,614.29,card_expired,customer_followup,0.6727971970084072,413.2925901502945,614.29,1
TXN_006697,4900.34,network_error,retry_later,0.632135189948733,3097.677356713374,0.0,0
TXN_006698,5582.27,limit_exceeded,alternate_payment,0.494764785901626,2761.91062139507,5582.27,1
TXN_006699,584.15,network_error,retry_later,0.4248322292982768,248.16574674458838,0.0,0
TXN_006700,793.27,network_error,retry_later,0.5836676466169068,463.00603403179366,793.27,1
TXN_006701,5949.67,limit_exceeded,alternate_payment,0.58809251429035,3498.956389497867,5949.67,1
TXN_006702,1561.1,bank_decline,alternate_payment,0.4654793866222146,726.6598704559392,0.0,0
TXN_006703,196.41,authentication_failed,customer_followup,0.2955617448212087,58.051282300333604,196.41,1
TXN_006704,446.0,bank_decline,alternate_payment,0.3943394946488391,175.87541461338225,446.0,1
TXN_006705,1408.99,card_expired,customer_followup,0.3454943320524709,486.79805891861093,1408.99,1
TXN_006706,565.07,authentication_failed,customer_followup,0.42497259115078084,240.13926208157176,0.0,0
TXN_006707,1195.81,insufficient_funds,retry_later,0.6657288757760131,796.0852469417142,0.0,0
TXN_006708,1867.58,authentication_failed,customer_followup,0.5439462921026219,1015.8632162050146,1867.58,1
TXN_006709,7802.93,authentication_failed,customer_followup,0.5382444186355193,4199.883521503652,7802.93,1
TXN_006710,1352.28,bank_decline,alternate_payment,0.6842979242302707,925.3623969781104,0.0,0
TXN_006711,5284.54,network_error,retry_later,0.7329901745492323,3873.5158970124003,5284.54,1
TXN_006712,7545.9,bank_decline,alternate_payment,0.5469960172496109,4127.577246563838,7545.9,1
TXN_006713,7587.9,insufficient_funds,retry_later,0.3428598911003839,2601.586567680603,0.0,0
TXN_006714,2403.68,network_error,retry_later,0.6470340086142057,1555.2627058257938,0.0,0
TXN_006715,253.84,authentication_failed,customer_followup,0.2916690141847419,74.03726256065488,0.0,0
TXN_006716,2866.44,bank_decline,alternate_payment,0.8042540205158076,2305.3458945673315,2866.44,1
TXN_006717,5158.49,insufficient_funds,retry_later,0.6255336136507278,3226.8088906811427,5158.49,1
TXN_006718,1667.25,bank_decline,alternate_payment,0.5518962815545672,920.1490754218521,1667.25,1
TXN_006719,10348.37,authentication_failed,customer_followup,0.2609222280207023,2700.1197567825952,10348.37,1
TXN_006720,4271.98,card_expired,customer_followup,0.7090788885013971,3029.170830100198,4271.98,1
TXN_006721,3191.59,bank_decline,alternate_payment,0.6469006910249784,2064.6417764684106,0.0,0
TXN_006722,5358.19,bank_decline,alternate_payment,0.21924106498114418,1174.735281971317,5358.19,1
TXN_006723,2523.42,card_expired,customer_followup,0.3728756559498949,940.9218877370838,0.0,0
TXN_006724,149.48,bank_decline,alternate_payment,0.5071042692885119,75.80194617324676,149.48,1
TXN_006725,1097.58,insufficient_funds,retry_later,0.4083633312712984,448.2114251367517,1097.58,1
TXN_006726,5985.94,network_error,retry,0.8602527302709815,5149.421228238279,5985.94,1
TXN_006727,806.26,insufficient_funds,retry_later,0.34660348881005637,279.45252888799604,806.26,1
TXN_006728,1445.96,card_expired,customer_followup,0.31168602065158074,450.6855184213597,1445.96,1
TXN_006729,635.98,insufficient_funds,retry_later,0.7280139985392571,463.00234279099675,0.0,0
TXN_006730,10763.57,insufficient_funds,retry_later,0.6961885353254559,7493.474033173017,0.0,0
TXN_006731,9715.64,authentication_failed,customer_followup,0.27354541804758764,2657.668805399864,9715.64,1
TXN_006732,747.05,card_expired,customer_followup,0.7915026639923942,591.2920651355181,747.05,1
TXN_006733,2094.98,network_error,retry,0.6073212765608356,1272.3259279694194,0.0,0
TXN_006734,915.53,network_error,retry_later,0.6396782249309554,585.6446052710376,915.53,1
TXN_006735,3344.07,bank_decline,alternate_payment,0.45439420234501815,1519.526020235905,3344.07,1
TXN_006736,3009.96,card_expired,customer_followup,0.36617991530058824,1102.1868978581585,3009.96,1
TXN_006737,4071.25,limit_exceeded,alternate_payment,0.6657220169197944,2710.320761384713,0.0,0
TXN_006738,2519.76,card_expired,customer_followup,0.44105633859811766,1111.356119745993,2519.76,1
TXN_006739,34043.9,network_error,retry_later,0.6109910205206541,20800.5172035031,34043.9,1
TXN_006740,646.83,bank_decline,alternate_payment,0.5191067484953678,335.77381812925876,0.0,0
TXN_006741,326.82,insufficient_funds,retry_later,0.6268852860460907,204.87864918558336,326.82,1
TXN_006742,1220.37,network_error,retry_later,0.55438301882258,676.5524046805119,1220.37,1
TXN_006743,376.91,limit_exceeded,alternate_payment,0.48834099857949,184.0606057745956,376.91,1
TXN_006744,406.48,card_expired,customer_followup,0.8146623414184722,331.1439485397806,406.48,1
TXN_006745,664.27,network_error,retry_later,0.6804871722496181,452.0272139102538,664.27,1
TXN_006746,718.96,authentication_failed,customer_followup,0.3530193093439759,253.80676264594493,0.0,0
TXN_006747,696.02,authentication_failed,customer_followup,0.27597793784932567,192.08616430188764,0.0,0
TXN_006748,3035.77,network_error,retry_later,0.6462427125866578,1961.844239589198,3035.77,1
TXN_006749,1089.87,authentication_failed,customer_followup,0.5987584653106441,652.5688885881117,0.0,0
TXN_006750,1510.94,limit_exceeded,alternate_payment,0.6195778469519324,936.1449520735528,1510.94,1
TXN_006751,4421.49,authentication_failed,customer_followup,0.4313498016387757,1907.2088344478302,4421.49,1
TXN_006752,840.23,network_error,retry_later,0.600284489075652,504.3770362560351,840.23,1
TXN_006753,1387.77,insufficient_funds,retry_later,0.5052489340251238,701.1693131720461,1387.77,1
TXN_006754,2606.49,authentication_failed,customer_followup,0.283074927784744,737.8319685216574,2606.49,1
TXN_006755,259.42,card_expired,customer_followup,0.3416887574078409,88.64089744674209,259.42,1
TXN_006756,166.52,card_expired,customer_followup,0.494922386760334,82.41447584333082,166.52,1
TXN_006757,2555.79,limit_exceeded,alternate_payment,0.5247756455497397,1341.216347139569,0.0,0
TXN_006758,2957.25,card_expired,customer_followup,0.3152727982441683,932.3404826075667,2957.25,1
TXN_006759,14245.84,network_error,retry_later,0.24681953874930576,3516.15165789641,0.0,0
TXN_006760,2117.72,insufficient_funds,retry_later,0.4853906694494933,1027.921528506581,2117.72,1
TXN_006761,4104.09,card_expired,customer_followup,0.3112234604164328,1277.2890916604777,4104.09,1
TXN_006762,1487.02,bank_decline,alternate_payment,0.43435228016978433,645.8905276580726,1487.02,1
TXN_006763,2433.84,authentication_failed,customer_followup,0.4054759531428728,986.8635937972497,2433.84,1
TXN_006764,9578.31,limit_exceeded,alternate_payment,0.837137638361435,8018.3638128937155,9578.31,1
TXN_006765,216.16,network_error,retry,0.656324054937701,141.87100771533343,216.16,1
TXN_006766,2734.26,authentication_failed,customer_followup,0.26484776361950946,724.16264615428,0.0,0
TXN_006767,15299.67,insufficient_funds,retry_later,0.6031526072204294,9228.035850112186,0.0,0
TXN_006768,2397.15,limit_exceeded,alternate_payment,0.4118108436412494,987.1723638346211,2397.15,1
TXN_006769,9419.84,insufficient_funds,retry_later,0.32247776394283434,3037.6889398992685,0.0,0
TXN_006770,963.71,card_expired,customer_followup,0.37976522386519185,365.98354389112404,963.71,1
TXN_006771,1751.02,limit_exceeded,alternate_payment,0.4439545860424217,777.3733592520013,1751.02,1
TXN_006772,1869.68,bank_decline,alternate_payment,0.32585910756613184,609.2522562342455,0.0,0
TXN_006773,196.84,bank_decline,alternate_payment,0.3588080317757446,70.62777297473757,0.0,0
TXN_006774,562.18,card_expired,customer_followup,0.5563450184525137,312.7660424736341,562.18,1
TXN_006775,603.73,network_error,retry_later,0.6091767236459729,367.7782633667832,603.73,1
TXN_006776,4113.65,authentication_failed,customer_followup,0.7672655266404522,3156.261833664496,4113.65,1
TXN_006777,4324.94,card_expired,customer_followup,0.6626043567133535,2865.724086523851,4324.94,1
TXN_006778,2499.98,limit_exceeded,alternate_payment,0.4166443791663409,1041.602615028269,2499.98,1
TXN_006779,4122.04,network_error,retry,0.7337497202261535,3024.5456967610135,0.0,0
TXN_006780,1534.33,insufficient_funds,retry_later,0.5292498025574659,812.0438495579966,1534.33,1
TXN_006781,6014.52,insufficient_funds,retry_later,0.7440981642920153,4475.393291097612,6014.52,1
TXN_006782,1824.0,limit_exceeded,alternate_payment,0.5275979238710242,962.3386131407482,1824.0,1
TXN_006783,1915.75,insufficient_funds,retry_later,0.45311474103444915,868.054565136746,1915.75,1
TXN_006784,1386.32,network_error,retry,0.9183213060634408,1273.087193021869,1386.32,1
TXN_006785,3584.77,network_error,retry_later,0.35668649280449716,1278.6390388107773,0.0,0
TXN_006786,1186.55,authentication_failed,customer_followup,0.22221834998885984,263.67318317928164,0.0,0
TXN_006787,4800.29,limit_exceeded,alternate_payment,0.37621765807817026,1805.9538618960598,0.0,0
TXN_006788,582.8,limit_exceeded,alternate_payment,0.4537717601581641,264.458181820178,0.0,0
TXN_006789,602.5,insufficient_funds,retry_later,0.661746669737177,398.70236851664913,0.0,0
TXN_006790,3595.46,card_expired,customer_followup,0.5653017138555086,2032.5197000989272,3595.46,1
TXN_006791,1654.83,limit_exceeded,alternate_payment,0.7470020910254808,1236.1614702916963,1654.83,1
TXN_006792,1148.38,network_error,retry,0.7835517683049212,899.8151796860055,1148.38,1
TXN_006793,4403.07,limit_exceeded,alternate_payment,0.4070186767960031,1792.1317252401773,4403.07,1
TXN_006794,985.1,bank_decline,alternate_payment,0.7833330455667955,771.6613831878502,985.1,1
TXN_006795,1480.0,authentication_failed,customer_followup,0.6631554941873963,981.4701313973464,1480.0,1
TXN_006796,7326.32,insufficient_funds,retry_later,0.6290946787675136,4608.94892694801,7326.32,1
TXN_006797,8426.55,card_expired,customer_followup,0.5210872612844717,4390.967861576664,0.0,0
TXN_006798,8711.49,authentication_failed,customer_followup,0.44094520581020813,3841.28975096357,8711.49,1
TXN_006799,1363.59,insufficient_funds,retry_later,0.8138184968352251,1109.7147640995445,1363.59,1
TXN_006800,6190.08,limit_exceeded,alternate_payment,0.6211316060585448,3844.854332030877,6190.08,1
TXN_006801,699.98,card_expired,customer_followup,0.5186884538422124,363.07154392047187,699.98,1
TXN_006802,730.04,network_error,retry_later,0.6487120380611242,473.5857362661431,730.04,1
TXN_006803,172.35,limit_exceeded,alternate_payment,0.4468339888520193,77.01183797864553,172.35,1
TXN_006804,9632.21,bank_decline,alternate_payment,0.36833021254142173,3547.8339565436077,9632.21,1
TXN_006805,762.06,insufficient_funds,retry_later,0.4671894029419612,356.02635640595093,762.06,1
TXN_006806,1593.15,authentication_failed,customer_followup,0.5223225496754815,832.1381700154934,1593.15,1
TXN_006807,727.54,limit_exceeded,alternate_payment,0.5396004472689665,392.5809094060639,0.0,0
TXN_006808,3623.39,authentication_failed,customer_followup,0.4680880764568698,1696.0656553530573,3623.39,1
TXN_006809,1241.86,card_expired,customer_followup,0.2341072676339023,290.72845138383786,1241.86,1
TXN_006810,490.38,authentication_failed,customer_followup,0.35179310213001197,172.51230142251526,490.38,1
TXN_006811,2812.03,limit_exceeded,alternate_payment,0.5997210350516555,1686.433542196307,2812.03,1
TXN_006812,431.07,authentication_failed,customer_followup,0.6207743660449399,267.5972059709922,431.07,1
TXN_006813,782.58,network_error,retry_later,0.4661495468030048,364.7993123370955,782.58,1
TXN_006814,219.89,insufficient_funds,retry_later,0.5358021379172074,117.81753210661473,219.89,1
TXN_006815,435.3,network_error,retry_later,0.5897396693848294,256.7136780832162,435.3,1
TXN_006816,2161.44,authentication_failed,customer_followup,0.2965114924142819,640.8918001639254,2161.44,1
TXN_006817,253.53,bank_decline,alternate_payment,0.38751788927609243,98.24741046816771,253.53,1
TXN_006818,411.11,insufficient_funds,retry_later,0.5762957004183868,236.920925399003,0.0,0
TXN_006819,1803.76,bank_decline,alternate_payment,0.6305734210029649,1137.4031138683079,0.0,0
TXN_006820,1049.84,authentication_failed,customer_followup,0.3340546255515263,350.70390808901436,0.0,0
TXN_006821,13253.76,limit_exceeded,alternate_payment,0.5053636959324909,6697.9691386022105,13253.76,1
TXN_006822,11315.14,limit_exceeded,alternate_payment,0.3149929723422917,3564.189581069158,11315.14,1
TXN_006823,759.06,insufficient_funds,retry_later,0.29679113512645305,225.28227902908543,0.0,0
TXN_006824,3156.24,bank_decline,alternate_payment,0.48804190031146066,1540.3773674390445,0.0,0
TXN_006825,3824.88,bank_decline,alternate_payment,0.2396513654213037,916.6377145726361,3824.88,1
TXN_006826,994.78,card_expired,customer_followup,0.3015494836519913,299.9753953473279,0.0,0
TXN_006827,405.23,insufficient_funds,retry_later,0.7064311536208773,286.2670963817881,405.23,1
TXN_006828,1785.94,limit_exceeded,alternate_payment,0.41443367771866113,740.1536823848656,1785.94,1
TXN_006829,1521.05,limit_exceeded,alternate_payment,0.6152972660179412,935.8979064765895,1521.05,1
TXN_006830,1169.39,bank_decline,alternate_payment,0.31467550997636307,367.97839461125926,1169.39,1
TXN_006831,2813.87,insufficient_funds,retry_later,0.8559853766373158,2408.6315717584434,0.0,0
TXN_006832,853.44,card_expired,customer_followup,0.27842052203860523,237.61521032862726,853.44,1
TXN_006833,571.35,insufficient_funds,retry_later,0.6785024631491203,387.6623823202499,571.35,1
TXN_006834,2016.43,bank_decline,alternate_payment,0.23143636608394055,466.6752316626403,0.0,0
TXN_006835,2659.7,bank_decline,alternate_payment,0.4986344218399123,1326.2179717676147,0.0,0
TXN_006836,557.44,card_expired,customer_followup,0.6952377843599238,387.55335051359594,557.44,1
TXN_006837,4573.76,network_error,retry_later,0.554816402831864,2537.597070616266,4573.76,1
TXN_006838,307.82,limit_exceeded,alternate_payment,0.4606001180661089,141.78192834310963,307.82,1
TXN_006839,1014.23,authentication_failed,customer_followup,0.6287435901189783,637.6906114063713,1014.23,1
TXN_006840,1396.87,authentication_failed,customer_followup,0.35223482298012554,492.0262571762479,0.0,0
TXN_006841,956.97,bank_decline,alternate_payment,0.4855471105574001,464.65401839011514,0.0,0
TXN_006842,1027.56,insufficient_funds,retry_later,0.30483262733068145,313.233814539915,1027.56,1
TXN_006843,11743.73,network_error,retry_later,0.5687004346967139,6678.66435596084,11743.73,1
TXN_006844,772.1,card_expired,customer_followup,0.7819872940845416,603.7723897626746,772.1,1
TXN_006845,20769.1,authentication_failed,customer_followup,0.46681355837244354,9695.297475193116,0.0,0
TXN_006846,2799.31,network_error,retry_later,0.6379912391612236,1785.9352556964047,2799.31,1
TXN_006847,1982.38,card_expired,customer_followup,0.22897270815031914,453.9109171830297,1982.38,1
TXN_006848,2910.97,bank_decline,alternate_payment,0.34710209706220474,1010.403791485166,2910.97,1
TXN_006849,22695.63,card_expired,customer_followup,0.26428506816299585,5998.116121552134,0.0,0
TXN_006850,669.42,network_error,retry_later,0.5656535315146135,378.65978706651254,669.42,1
TXN_006851,589.68,card_expired,customer_followup,0.3229817326839263,190.45586812905765,589.68,1
TXN_006852,849.91,insufficient_funds,retry_later,0.590898265991652,502.2103452489649,0.0,0
TXN_006853,1867.1,network_error,retry,0.7320739899313453,1366.8553466008148,1867.1,1
TXN_006854,321.9,authentication_failed,customer_followup,0.46519168498889696,149.74520339792593,0.0,0
TXN_006855,1848.89,authentication_failed,customer_followup,0.629460775386383,1163.8037330041298,1848.89,1
TXN_006856,9833.47,bank_decline,alternate_payment,0.43767384646380514,4303.852638986434,9833.47,1
TXN_006857,2103.6,network_error,retry_later,0.6465257748095607,1360.031619889392,0.0,0
TXN_006858,1349.26,insufficient_funds,retry_later,0.3239204050021339,437.0528456531792,1349.26,1
TXN_006859,974.42,authentication_failed,customer_followup,0.280973704074489,273.78639672426357,0.0,0
TXN_006860,4440.45,insufficient_funds,retry_later,0.24859839640427345,1103.888749313356,0.0,0
TXN_006861,791.69,network_error,retry,0.5399555441425697,427.47740474223104,791.69,1
TXN_006862,11457.46,network_error,retry,0.8788394329284349,10069.267649200225,0.0,0
TXN_006863,12498.45,limit_exceeded,alternate_payment,0.37008045003905543,4625.432000790633,0.0,0
TXN_006864,2337.3,insufficient_funds,retry_later,0.4679623689324889,1093.7684449059063,2337.3,1
TXN_006865,1787.34,authentication_failed,customer_followup,0.31889501434752215,569.9738149439003,1787.34,1
TXN_006866,5067.79,bank_decline,alternate_payment,0.6184357072600104,3134.102292895208,5067.79,1
TXN_006867,5403.48,limit_exceeded,alternate_payment,0.36676049773611413,1981.7830143071378,5403.48,1
TXN_006868,807.55,limit_exceeded,alternate_payment,0.48413279649333396,390.9614398081918,807.55,1
TXN_006869,1067.9,authentication_failed,customer_followup,0.46449846588912824,496.0379117230001,1067.9,1
TXN_006870,481.86,card_expired,customer_followup,0.3522536255528356,169.73693200888937,0.0,0
TXN_006871,2721.84,limit_exceeded,alternate_payment,0.6433239788056628,1751.0249384724054,2721.84,1
TXN_006872,3521.45,card_expired,customer_followup,0.2921198577965762,1028.685473237753,3521.45,1
TXN_006873,468.75,network_error,retry_later,0.5141317116507456,240.999239836287,0.0,0
TXN_006874,1146.88,bank_decline,alternate_payment,0.34599866049991035,396.8189437541372,1146.88,1
TXN_006875,470.01,card_expired,customer_followup,0.46066636520099613,216.51779830812018,0.0,0
TXN_006876,735.98,insufficient_funds,retry_later,0.7703059332481962,566.9297607520075,735.98,1
TXN_006877,3136.98,authentication_failed,customer_followup,0.338078409469204,1060.5452089367036,3136.98,1
TXN_006878,868.28,bank_decline,alternate_payment,0.5488016374026401,476.5134857239643,868.28,1
TXN_006879,1338.32,bank_decline,alternate_payment,0.30388304361134777,406.6927549259389,0.0,0
TXN_006880,355.2,limit_exceeded,alternate_payment,0.5384717659603723,191.26517126912424,355.2,1
TXN_006881,2179.8,bank_decline,alternate_payment,0.274097573367002,597.477890425391,0.0,0
TXN_006882,1729.74,network_error,retry,0.7050713525438739,1219.5901213492405,1729.74,1
TXN_006883,872.22,network_error,retry_later,0.5602809992377561,488.68829315515563,872.22,1
TXN_006884,1496.65,insufficient_funds,retry_later,0.4493795720739208,672.5639365444337,1496.65,1
TXN_006885,2165.26,insufficient_funds,retry_later,0.39014059401398116,844.755822594713,0.0,0
TXN_006886,800.42,network_error,retry,0.7625126680422656,610.3303897543902,800.42,1
TXN_006887,413.12,card_expired,customer_followup,0.29557869649836155,122.10947109740313,413.12,1
TXN_006888,10999.16,authentication_failed,customer_followup,0.282414463818008,3106.3218738484807,10999.16,1
TXN_006889,959.8,authentication_failed,customer_followup,0.5059945578378003,485.65357661272077,959.8,1
TXN_006890,1641.29,bank_decline,alternate_payment,0.5443487589330922,893.4341745492949,1641.29,1
TXN_006891,4968.33,insufficient_funds,retry_later,0.5357210062419882,2661.638746942257,4968.33,1
TXN_006892,61639.32,card_expired,customer_followup,0.7186648636438895,44298.01350290207,0.0,0
TXN_006893,520.88,authentication_failed,customer_followup,0.5435639690013128,283.1316001734038,0.0,0
TXN_006894,2835.09,bank_decline,alternate_payment,0.37610015122982465,1066.2777777501635,2835.09,1
TXN_006895,891.09,bank_decline,alternate_payment,0.3878322666725844,345.5934545092733,891.09,1
TXN_006896,1054.91,insufficient_funds,retry_later,0.6565748461824885,692.627370986369,0.0,0
TXN_006897,879.88,authentication_failed,customer_followup,0.3086361900049914,271.5628108615918,0.0,0
TXN_006898,586.6,authentication_failed,customer_followup,0.29614975426943624,173.7214458544513,586.6,1
TXN_006899,1734.91,card_expired,customer_followup,0.2510851681941298,435.6101691516777,1734.91,1
TXN_006900,413.85,limit_exceeded,alternate_payment,0.5679853350649962,235.06073091664868,413.85,1
TXN_006901,4660.17,insufficient_funds,retry_later,0.4755545232908867,2216.1649228044917,4660.17,1
TXN_006902,1910.28,limit_exceeded,alternate_payment,0.4090260556654335,781.3542936165643,1910.28,1
TXN_006903,2758.48,insufficient_funds,retry_later,0.25627361200288656,706.9256332377225,2758.48,1
TXN_006904,1134.35,network_error,retry_later,0.43581139631056304,494.36265740488716,0.0,0
TXN_006905,1252.37,authentication_failed,customer_followup,0.4890523595477121,612.4745035267681,1252.37,1
TXN_006906,2410.44,network_error,retry,0.8366858047450463,2016.7809311896494,2410.44,1
TXN_006907,564.51,card_expired,customer_followup,0.332208054982941,187.53476911842,564.51,1
TXN_006908,1263.97,bank_decline,alternate_payment,0.4340839588412601,548.6691014565876,1263.97,1
TXN_006909,765.39,insufficient_funds,retry_later,0.4307346884696963,329.68002320782085,0.0,0
TXN_006910,742.06,authentication_failed,customer_followup,0.44347181775843114,329.0826970858214,742.06,1
TXN_006911,219.24,network_error,retry_later,0.3927624203632052,86.1092330404291,219.24,1
TXN_006912,6900.34,bank_decline,alternate_payment,0.28934308360869154,1996.5656535483986,0.0,0
TXN_006913,910.02,card_expired,customer_followup,0.30440243094723685,277.01230021060445,910.02,1
TXN_006914,5787.04,authentication_failed,customer_followup,0.7037118750957334,4072.408769654013,5787.04,1
TXN_006915,5264.77,authentication_failed,customer_followup,0.21966562571132683,1156.4889962762222,5264.77,1
TXN_006916,499.7,insufficient_funds,retry_later,0.7342059100245888,366.882693239287,499.7,1
TXN_006917,608.86,insufficient_funds,retry_later,0.5144464029433448,313.2258368960849,608.86,1
TXN_006918,23400.27,network_error,retry_later,0.7666124929245441,17938.93931980742,0.0,0
TXN_006919,10414.2,network_error,retry,0.8824192189518534,9189.690230008393,10414.2,1
TXN_006920,1751.94,card_expired,customer_followup,0.3712779655473881,650.4567189610912,1751.94,1
TXN_006921,2338.75,bank_decline,alternate_payment,0.7858825724941858,1837.982866420777,0.0,0
TXN_006922,962.13,card_expired,customer_followup,0.38572788698929666,371.120371909012,962.13,1
TXN_006923,2785.97,authentication_failed,customer_followup,0.38307396975662117,1067.2325875228537,2785.97,1
TXN_006924,882.55,network_error,retry,0.7464698651552818,658.7969794927939,882.55,1
TXN_006925,236.9,limit_exceeded,alternate_payment,0.7740579366779002,183.37432519899457,236.9,1
TXN_006926,482.24,card_expired,customer_followup,0.4272875868297482,206.0551658727778,482.24,1
TXN_006927,1846.58,card_expired,customer_followup,0.32304884483493357,596.5355358952916,1846.58,1
TXN_006928,583.43,insufficient_funds,retry_later,0.45967427193061106,268.1877604724764,0.0,0
TXN_006929,1690.4,card_expired,customer_followup,0.33946183962964,573.8262937099435,0.0,0
TXN_006930,617.29,bank_decline,alternate_payment,0.5429717061754266,335.17100450502903,617.29,1
TXN_006931,826.87,card_expired,customer_followup,0.35617337527741605,294.509078815637,826.87,1
TXN_006932,4243.59,bank_decline,alternate_payment,0.7732303517520194,3281.272588391352,4243.59,1
TXN_006933,2315.73,bank_decline,alternate_payment,0.5985925035917312,1386.1786183424797,2315.73,1
TXN_006934,1790.65,limit_exceeded,alternate_payment,0.45583097596407607,816.2337371100729,1790.65,1
TXN_006935,4354.5,authentication_failed,customer_followup,0.2878382535795452,1253.3916752121295,0.0,0
TXN_006936,2923.71,card_expired,customer_followup,0.46810485153658044,1368.6028354860157,2923.71,1
TXN_006937,7681.45,network_error,retry_later,0.39045435227377867,2999.2555842734173,7681.45,1
TXN_006938,1141.55,authentication_failed,customer_followup,0.48138621563552175,549.5264344587298,1141.55,1
TXN_006939,1176.58,insufficient_funds,retry_later,0.5337352978346027,627.9822767262368,1176.58,1
TXN_006940,492.2,card_expired,customer_followup,0.623018712158618,306.6498101244718,492.2,1
TXN_006941,1177.35,authentication_failed,customer_followup,0.3275872676492805,385.68486956688037,0.0,0
TXN_006942,4744.64,insufficient_funds,retry_later,0.5425310877304077,2574.114700089202,0.0,0
TXN_006943,6634.16,limit_exceeded,alternate_payment,0.3464071241557662,2298.120286789218,6634.16,1
TXN_006944,4723.5,authentication_failed,customer_followup,0.30592170305547123,1445.0211643825182,4723.5,1
TXN_006945,300.61,authentication_failed,customer_followup,0.5885384798969664,176.92055244182708,300.61,1
TXN_006946,5340.88,authentication_failed,customer_followup,0.2632464708797658,1405.9678113923237,0.0,0
TXN_006947,287.57,limit_exceeded,alternate_payment,0.72435410229831,208.302509197925,287.57,1
TXN_006948,4438.7,bank_decline,alternate_payment,0.2850797907241399,1265.3836670872397,4438.7,1
TXN_006949,1251.65,card_expired,customer_followup,0.32510992441216613,406.9238368904878,0.0,0
TXN_006950,3650.19,insufficient_funds,retry_later,0.6996451828583992,2553.8378500179,3650.19,1
TXN_006951,477.02,limit_exceeded,alternate_payment,0.3551154044768941,169.397150243568,0.0,0
TXN_006952,5832.31,card_expired,customer_followup,0.47169023520012077,2751.0436756600166,5832.31,1
TXN_006953,417.81,limit_exceeded,alternate_payment,0.3674093358955475,153.5072946305187,417.81,1
TXN_006954,926.62,authentication_failed,customer_followup,0.4304703918075573,398.88247445671874,926.62,1
TXN_006955,666.41,bank_decline,alternate_payment,0.33733980974347705,224.80662261115052,0.0,0
TXN_006956,312.85,network_error,retry,0.8504672201609997,266.0686698273688,312.85,1
TXN_006957,1987.29,authentication_failed,customer_followup,0.401296092973013,797.491712604339,1987.29,1
TXN_006958,11004.83,network_error,retry,0.4343192755653883,4779.609793320252,11004.83,1
TXN_006959,26027.4,bank_decline,alternate_payment,0.33619880796728885,8750.380854487814,0.0,0
TXN_006960,1992.52,bank_decline,alternate_payment,0.400429077402618,797.8629453062645,0.0,0
TXN_006961,5523.03,network_error,retry_later,0.6437361966463552,3555.3743261637187,5523.03,1
TXN_006962,2280.37,bank_decline,alternate_payment,0.2768666541965873,631.3584122302717,2280.37,1
TXN_006963,2977.63,network_error,retry_later,0.3338872846748894,994.1927954664909,0.0,0
TXN_006964,1284.15,bank_decline,alternate_payment,0.27698746180816924,355.69344908096053,0.0,0
TXN_006965,2197.5,network_error,retry_later,0.4862196514114206,1068.4676839765968,2197.5,1
TXN_006966,3094.8,network_error,retry_later,0.7238213819467163,2240.082412848698,3094.8,1
TXN_006967,1013.88,limit_exceeded,alternate_payment,0.27429268000159124,278.0998624000133,0.0,0
TXN_006968,1673.22,card_expired,customer_followup,0.4703939436278245,787.0725543569486,1673.22,1
TXN_006969,1705.43,bank_decline,alternate_payment,0.4096420957571227,698.6159193670698,1705.43,1
TXN_006970,4131.53,card_expired,customer_followup,0.3101722588004816,1281.4859924019536,4131.53,1
TXN_006971,622.64,card_expired,customer_followup,0.37393061757516693,232.82415972700193,622.64,1
TXN_006972,1717.21,network_error,retry_later,0.5148778094927228,884.1533232389985,1717.21,1
TXN_006973,12234.38,authentication_failed,customer_followup,0.780721845083022,9551.647727046822,12234.38,1
TXN_006974,5791.0,limit_exceeded,alternate_payment,0.42363987740975073,2453.2985300798664,5791.0,1
TXN_006975,6968.67,limit_exceeded,alternate_payment,0.7028422016095293,4897.875365090278,6968.67,1
TXN_006976,1852.76,network_error,retry_later,0.6577971219388974,1218.7401956435115,1852.76,1
TXN_006977,2492.39,bank_decline,alternate_payment,0.26567966243452296,662.1773338551807,0.0,0
TXN_006978,4925.77,network_error,retry_later,0.47780194367755624,2353.5424801085965,0.0,0
TXN_006979,8606.35,insufficient_funds,retry_later,0.31119611344448433,2678.262670942938,0.0,0
TXN_006980,256.83,bank_decline,alternate_payment,0.43288375437672844,111.17753463657516,256.83,1
TXN_006981,485.2,authentication_failed,customer_followup,0.4598276860844538,223.10839328817698,485.2,1
TXN_006982,6697.2,insufficient_funds,retry_later,0.43703317763899063,2926.898597283848,6697.2,1
TXN_006983,1370.75,network_error,retry,0.7541638700818493,1033.7701249146949,0.0,0
TXN_006984,923.6,network_error,retry,0.6517901095634646,601.9933451928159,0.0,0
TXN_006985,515.86,authentication_failed,customer_followup,0.43347553223717644,223.61268805986984,0.0,0
TXN_006986,1037.93,network_error,retry,0.5981922934929904,620.8817271851796,1037.93,1
TXN_006987,444.8,authentication_failed,customer_followup,0.4541791197616808,202.0188724699956,444.8,1
TXN_006988,14633.87,insufficient_funds,retry_later,0.8343346111897488,12209.54423665133,14633.87,1
TXN_006989,1767.93,authentication_failed,customer_followup,0.30499883261003685,539.2165861362624,1767.93,1
TXN_006990,1706.24,authentication_failed,customer_followup,0.34359625827132695,586.2576797128689,1706.24,1
TXN_006991,3255.42,bank_decline,alternate_payment,0.5400867788685944,1758.2093016643994,0.0,0
TXN_006992,4733.15,limit_exceeded,alternate_payment,0.3066768370328261,1451.5474712019209,4733.15,1
TXN_006993,4655.89,card_expired,customer_followup,0.5886631828011682,2740.7510261721313,4655.89,1
TXN_006994,5290.26,bank_decline,alternate_payment,0.6507116581455294,3442.433856620969,5290.26,1
TXN_006995,962.13,card_expired,customer_followup,0.579561970909501,557.6139590711582,0.0,0
TXN_006996,1342.29,insufficient_funds,retry_later,0.6220620478991328,834.9876662745269,1342.29,1
TXN_006997,3901.17,insufficient_funds,retry_later,0.7067682345295618,2757.2230334996907,3901.17,1
TXN_006998,1067.01,network_error,retry,0.5750158463955888,613.5476582625572,0.0,0
TXN_006999,1798.83,limit_exceeded,alternate_payment,0.7084348067229589,1274.35378337746,1798.83,1
TXN_007000,2693.95,bank_decline,alternate_payment,0.850487603922842,2291.1710805879397,2693.95,1
TXN_007001,3964.7,network_error,retry,0.5938241582593498,2354.3346402508437,3964.7,1
TXN_007002,305.61,network_error,retry_later,0.6504715421479654,198.79060799583974,305.61,1
TXN_007003,3695.04,card_expired,customer_followup,0.585280801996588,2162.6359746094727,0.0,0
TXN_007004,1431.21,bank_decline,alternate_payment,0.5970266522056622,854.4705149032658,1431.21,1
TXN_007005,3668.2,bank_decline,alternate_payment,0.3901793772240096,1431.255991533112,3668.2,1
TXN_007006,3932.11,network_error,retry_later,0.5525045784212889,2172.508777856134,3932.11,1
TXN_007007,9026.46,network_error,retry,0.9105525560636293,8219.066225206107,9026.46,1
TXN_007008,6998.52,network_error,retry,0.7481710188198922,5236.089838631393,6998.52,1
TXN_007009,6950.52,card_expired,customer_followup,0.26082943331030833,1812.9001928119644,6950.52,1
TXN_007010,7659.26,limit_exceeded,alternate_payment,0.8473721454707607,6490.243578918378,7659.26,1
TXN_007011,2419.65,card_expired,customer_followup,0.4753991090318452,1150.2994541689043,2419.65,1
TXN_007012,1867.18,authentication_failed,customer_followup,0.30126091371841246,562.5083528767454,0.0,0
TXN_007013,4327.81,insufficient_funds,retry_later,0.661115728610888,2861.1832614394875,4327.81,1
TXN_007014,3759.65,bank_decline,alternate_payment,0.42048687904278914,1580.8834947932223,3759.65,1
TXN_007015,1327.34,bank_decline,alternate_payment,0.5625420216214496,746.6845269790149,1327.34,1
TXN_007016,2710.32,insufficient_funds,retry_later,0.5021992716386234,1361.1207299075938,0.0,0
TXN_007017,1745.69,limit_exceeded,alternate_payment,0.49586586601715066,865.6280836474798,1745.69,1
TXN_007018,769.75,network_error,retry,0.7319705795187095,563.4343535845267,769.75,1
TXN_007019,6571.26,limit_exceeded,alternate_payment,0.3121593749688978,2051.2804143581193,6571.26,1
TXN_007020,1910.65,limit_exceeded,alternate_payment,0.3416288133248679,652.7330921791588,0.0,0
TXN_007021,14026.56,bank_decline,alternate_payment,0.8722581756562671,12234.78163633317,14026.56,1
TXN_007022,355.85,bank_decline,alternate_payment,0.3166213081330816,112.6696924991571,0.0,0
TXN_007023,1036.1,network_error,retry,0.4647476646815175,481.52505537652024,0.0,0
TXN_007024,1868.03,bank_decline,alternate_payment,0.5020160149440056,937.7809763958508,1868.03,1
TXN_007025,5638.54,limit_exceeded,alternate_payment,0.7642942058552998,4309.503451483342,5638.54,1
TXN_007026,2695.85,card_expired,customer_followup,0.7304274718165806,1969.1228998967288,2695.85,1
TXN_007027,2466.3,insufficient_funds,retry_later,0.3087756825059166,761.5334657643422,2466.3,1
TXN_007028,585.66,card_expired,customer_followup,0.5665395231861035,331.7995371491733,0.0,0
TXN_007029,568.53,card_expired,customer_followup,0.36211737089594653,205.87458887547248,568.53,1
TXN_007030,2496.15,bank_decline,alternate_payment,0.4602642653831067,1148.8886460360418,2496.15,1
TXN_007031,462.15,card_expired,customer_followup,0.4084737119342962,188.77612597043498,462.15,1
TXN_007032,1062.23,authentication_failed,customer_followup,0.35937519513343075,381.73911352658416,1062.23,1
TXN_007033,2983.69,card_expired,customer_followup,0.7417354424051235,2213.108622149743,2983.69,1
TXN_007034,677.0,bank_decline,alternate_payment,0.7818872413507891,529.3376623944843,677.0,1
TXN_007035,9003.39,network_error,retry,0.5934456743363937,5343.022849863543,9003.39,1
TXN_007036,6148.33,network_error,retry,0.49249035681645426,3027.99323552531,0.0,0
TXN_007037,375.62,limit_exceeded,alternate_payment,0.36538027364957554,137.24413838825356,375.62,1
TXN_007038,711.68,bank_decline,alternate_payment,0.7170237631128011,510.2914717321183,711.68,1
TXN_007039,183.87,card_expired,customer_followup,0.4115526707194199,75.67218956517975,183.87,1
TXN_007040,826.67,insufficient_funds,retry_later,0.6175413438394032,510.5029027117194,826.67,1
TXN_007041,3890.87,card_expired,customer_followup,0.4243123000881295,1650.9439990439002,0.0,0
TXN_007042,1195.24,card_expired,customer_followup,0.34076754258626907,407.29899760081224,1195.24,1
TXN_007043,2866.36,insufficient_funds,retry_later,0.6761905227539045,1938.2054668008816,2866.36,1
TXN_007044,394.52,card_expired,customer_followup,0.400767814972828,158.1109183630801,394.52,1
TXN_007045,4015.73,card_expired,customer_followup,0.357253882596071,1434.63513395752,0.0,0
TXN_007046,1037.83,authentication_failed,customer_followup,0.3342465440019198,346.8910907615124,1037.83,1
TXN_007047,1830.18,authentication_failed,customer_followup,0.7797432994406961,1427.0705917703733,1830.18,1
TXN_007048,1647.68,limit_exceeded,alternate_payment,0.7945236451978619,1309.1207197196131,1647.68,1
TXN_007049,506.97,bank_decline,alternate_payment,0.4447129092013592,225.45610357781308,506.97,1
TXN_007050,570.73,card_expired,customer_followup,0.3574495782343557,204.00719778569382,570.73,1
TXN_007051,4759.01,limit_exceeded,alternate_payment,0.28405496524013296,1351.8204201274452,0.0,0
TXN_007052,2694.57,network_error,retry,0.9353241674255632,2520.2964418199,2694.57,1
TXN_007053,5167.01,network_error,retry,0.8619830922022842,4453.8752572401245,5167.01,1
TXN_007054,2501.53,bank_decline,alternate_payment,0.36196267706264285,905.4604955525131,2501.53,1
TXN_007055,2085.97,authentication_failed,customer_followup,0.2558221222946506,533.6372724429723,2085.97,1
TXN_007056,321.82,bank_decline,alternate_payment,0.5658808643650425,182.11177976995796,321.82,1
TXN_007057,1379.72,bank_decline,alternate_payment,0.3174184602588227,437.9485979883029,0.0,0
TXN_007058,1759.2,network_error,retry,0.8929965920334275,1570.9596047052057,1759.2,1
TXN_007059,12747.71,authentication_failed,customer_followup,0.38680217934574185,4930.842009667506,0.0,0
TXN_007060,3593.77,authentication_failed,customer_followup,0.34869001024461976,1253.1116981168072,0.0,0
TXN_007061,8400.62,card_expired,customer_followup,0.24502967442234377,2058.4011835458296,0.0,0
TXN_007062,3286.37,bank_decline,alternate_payment,0.4134971489262058,1358.904625316615,3286.37,1
TXN_007063,887.76,limit_exceeded,alternate_payment,0.3690785202153467,327.6531471063762,887.76,1
TXN_007064,2032.71,card_expired,customer_followup,0.29347032644207754,596.5400672620755,0.0,0
TXN_007065,2289.81,insufficient_funds,retry_later,0.6372585202406699,1459.2009322322883,2289.81,1
TXN_007066,706.87,network_error,retry,0.751451311425228,531.1783885071509,706.87,1
TXN_007067,1231.04,insufficient_funds,retry_later,0.5232040601451632,644.0851262011016,1231.04,1
TXN_007068,1471.79,insufficient_funds,retry_later,0.5953241173411497,876.1920826615307,1471.79,1
TXN_007069,9005.76,insufficient_funds,retry_later,0.7912358101452805,7125.679809573962,9005.76,1
TXN_007070,225.71,limit_exceeded,alternate_payment,0.28513858966674116,64.35863107368014,225.71,1
TXN_007071,6037.94,authentication_failed,customer_followup,0.31501957904830297,1902.0693171189102,6037.94,1
TXN_007072,708.54,card_expired,customer_followup,0.7795499646505261,552.3423319534837,708.54,1
TXN_007073,458.48,card_expired,customer_followup,0.3790796796412703,173.80045152192963,458.48,1
TXN_007074,5883.71,bank_decline,alternate_payment,0.6739536720875292,3965.3479599981165,5883.71,1
TXN_007075,3758.96,bank_decline,alternate_payment,0.3293162974456979,1237.8867894464806,3758.96,1
TXN_007076,6339.27,bank_decline,alternate_payment,0.3814602657737579,2418.1796190116106,6339.27,1
TXN_007077,4026.7,insufficient_funds,retry_later,0.6664687405283267,2683.669677485413,4026.7,1
TXN_007078,14183.65,limit_exceeded,alternate_payment,0.8159598901705787,11573.289496217929,14183.65,1
TXN_007079,3161.25,network_error,retry,0.8628907231960439,2727.8132987034937,3161.25,1
TXN_007080,1546.15,limit_exceeded,alternate_payment,0.3560116797546648,550.447458652675,1546.15,1
TXN_007081,2547.65,network_error,retry_later,0.6301420961882199,1605.3815113539185,2547.65,1
TXN_007082,6269.61,network_error,retry_later,0.5513782638769137,3456.9266769853366,0.0,0
TXN_007083,829.34,card_expired,customer_followup,0.3430351349911437,284.49275885355513,829.34,1
TXN_007084,942.1,authentication_failed,customer_followup,0.20318485656930746,191.42045337394455,0.0,0
TXN_007085,1327.48,limit_exceeded,alternate_payment,0.7554196141616153,1002.8044294072611,1327.48,1
TXN_007086,220.39,network_error,retry,0.7849901088663427,173.00397009305325,220.39,1
TXN_007087,2075.75,limit_exceeded,alternate_payment,0.2627941226669818,545.4949001259876,0.0,0
TXN_007088,274.2,network_error,retry,0.6715902010972616,184.15003314086914,274.2,1
TXN_007089,1906.57,authentication_failed,customer_followup,0.23906386926066897,455.7920012163136,1906.57,1
TXN_007090,4295.36,bank_decline,alternate_payment,0.5989948880226579,2572.8986822170036,4295.36,1
TXN_007091,1122.29,card_expired,customer_followup,0.8218452483907022,922.3487038164011,1122.29,1
TXN_007092,9673.21,limit_exceeded,alternate_payment,0.27916425929308414,2700.4145046364542,0.0,0
TXN_007093,419.68,card_expired,customer_followup,0.3931220901233611,164.9854787829722,0.0,0
TXN_007094,5950.68,authentication_failed,customer_followup,0.42729648179433566,2542.7046282839174,5950.68,1
TXN_007095,3551.54,insufficient_funds,retry_later,0.3293896008597883,1169.8403430375724,3551.54,1
TXN_007096,325.05,card_expired,customer_followup,0.2615315939899344,85.01084462642818,0.0,0
TXN_007097,27195.16,insufficient_funds,retry_later,0.4326228490500864,11765.247599572947,0.0,0
TXN_007098,1696.38,bank_decline,alternate_payment,0.32317066191768135,548.2202474639163,1696.38,1
TXN_007099,751.83,limit_exceeded,alternate_payment,0.343218105723703,258.04166842625165,751.83,1
TXN_007100,442.71,card_expired,customer_followup,0.7743544140628762,342.8144426497759,0.0,0
TXN_007101,1450.96,card_expired,customer_followup,0.2023173511829318,293.5543838723867,1450.96,1
TXN_007102,1591.76,bank_decline,alternate_payment,0.3679569634958828,585.6991762142064,1591.76,1
TXN_007103,2003.49,network_error,retry_later,0.42335682026174715,848.1911558262078,0.0,0
TXN_007104,1342.39,network_error,retry,0.8404249010235865,1128.1779828850524,1342.39,1
TXN_007105,3405.77,limit_exceeded,alternate_payment,0.5785388198149521,1970.3701563611696,3405.77,1
TXN_007106,1227.05,bank_decline,alternate_payment,0.2895218874899151,355.2578320445003,1227.05,1
TXN_007107,261.13,authentication_failed,customer_followup,0.8222414738762103,214.7119160732948,261.13,1
TXN_007108,1557.19,insufficient_funds,retry_later,0.8089030419801826,1259.6157279411207,1557.19,1
TXN_007109,169.44,authentication_failed,customer_followup,0.46863089008793984,79.40481801650053,0.0,0
TXN_007110,2575.43,authentication_failed,customer_followup,0.23794398469036587,612.808076491109,2575.43,1
TXN_007111,679.05,limit_exceeded,alternate_payment,0.5810603852711544,394.5690546183774,679.05,1
TXN_007112,2128.9,card_expired,customer_followup,0.7231832245204619,1539.5847666816114,0.0,0
TXN_007113,6728.28,insufficient_funds,retry_later,0.3504580531606118,2357.979909919481,6728.28,1
TXN_007114,700.12,authentication_failed,customer_followup,0.2438695221939708,170.73792987844283,700.12,1
TXN_007115,5225.24,network_error,retry,0.8047728003513795,4205.131027308043,5225.24,1
TXN_007116,1172.17,authentication_failed,customer_followup,0.29041241052180355,340.4127152413425,0.0,0
TXN_007117,10437.86,network_error,retry,0.8821582767288632,9207.844590337132,10437.86,1
TXN_007118,1254.95,network_error,retry_later,0.41779487930369275,524.3116837821692,1254.95,1
TXN_007119,780.17,insufficient_funds,retry_later,0.5183032289930651,404.3646301635196,780.17,1
TXN_007120,3594.78,card_expired,customer_followup,0.6476202056369438,2328.052162819573,3594.78,1
TXN_007121,1169.36,network_error,retry_later,0.6132921658718364,717.1593270838906,0.0,0
TXN_007122,779.42,limit_exceeded,alternate_payment,0.27629493768823965,215.34980033296773,779.42,1
TXN_007123,1121.21,limit_exceeded,alternate_payment,0.40636090068629444,455.6159054584802,1121.21,1
TXN_007124,1729.16,bank_decline,alternate_payment,0.6541742642582467,1131.17197078479,0.0,0
TXN_007125,6920.06,card_expired,customer_followup,0.7327832524969944,5070.904074274351,6920.06,1
TXN_007126,261.36,bank_decline,alternate_payment,0.5273101150034271,137.8177716572957,261.36,1
TXN_007127,1850.26,limit_exceeded,alternate_payment,0.4503784361688976,833.3172053058645,1850.26,1
TXN_007128,3377.54,network_error,retry,0.8738259263474037,2951.38201927541,3377.54,1
TXN_007129,2193.93,network_error,retry,0.8865388954169295,1945.0042788220642,2193.93,1
TXN_007130,6700.02,insufficient_funds,retry_later,0.8089634256335109,5420.0711310130355,0.0,0
TXN_007131,1678.5,bank_decline,alternate_payment,0.8357689287393487,1402.8381468889968,1678.5,1
TXN_007132,1503.35,authentication_failed,customer_followup,0.4306471518509772,647.4133957351665,1503.35,1
TXN_007133,3269.29,authentication_failed,customer_followup,0.3029283406790225,990.3605948985215,0.0,0
TXN_007134,1996.83,card_expired,customer_followup,0.592441666375557,1183.0052926687033,1996.83,1
TXN_007135,1223.65,card_expired,customer_followup,0.47404789245778695,580.068703605971,1223.65,1
TXN_007136,3029.47,limit_exceeded,alternate_payment,0.19922730591140422,603.5531464394218,0.0,0
TXN_007137,941.5,network_error,retry_later,0.6444771759860994,606.7752611909126,0.0,0
TXN_007138,981.25,bank_decline,alternate_payment,0.4313497666876507,423.26195856225723,981.25,1
TXN_007139,1066.36,insufficient_funds,retry_later,0.8656726733896296,923.1187119957654,1066.36,1
TXN_007140,6995.83,insufficient_funds,retry_later,0.5079902259844203,3553.813262648587,6995.83,1
TXN_007141,72.17,card_expired,customer_followup,0.33913573562716953,24.475426040212827,0.0,0
TXN_007142,2685.44,authentication_failed,customer_followup,0.6387729783413704,1715.3865069570497,2685.44,1
TXN_007143,1871.08,network_error,retry,0.5539356144883785,1036.457849556915,1871.08,1
TXN_007144,336.68,network_error,retry_later,0.4712149791254076,158.64865917194223,336.68,1
TXN_007145,2464.46,limit_exceeded,alternate_payment,0.2678143554383225,660.0177664035283,0.0,0
TXN_007146,2909.55,authentication_failed,customer_followup,0.3191831284271809,928.6792713153042,0.0,0
TXN_007147,3260.51,bank_decline,alternate_payment,0.5513668248227204,1797.7370460027282,3260.51,1
TXN_007148,127.51,authentication_failed,customer_followup,0.6689167525924629,85.29357512306494,127.51,1
TXN_007149,7089.64,card_expired,customer_followup,0.6286581518193668,4456.959979464656,7089.64,1
TXN_007150,864.6,limit_exceeded,alternate_payment,0.45432637528692393,392.81058407307444,864.6,1
TXN_007151,3592.37,authentication_failed,customer_followup,0.29004521822554385,1041.9497405968968,0.0,0
TXN_007152,3793.61,network_error,retry,0.5775820806802452,2191.121157089385,3793.61,1
TXN_007153,752.43,insufficient_funds,retry_later,0.7109280316173059,534.9235788298095,0.0,0
TXN_007154,3499.8,bank_decline,alternate_payment,0.7832812615518426,2741.327759179139,0.0,0
TXN_007155,1229.68,card_expired,customer_followup,0.4151211314119806,510.4661528746843,1229.68,1
TXN_007156,227.84,insufficient_funds,retry_later,0.4857749458757983,110.67896366834188,0.0,0
TXN_007157,5812.36,authentication_failed,customer_followup,0.5557621955110179,3230.28995470042,5812.36,1
TXN_007158,832.93,insufficient_funds,retry_later,0.5988633406627258,498.8112423382042,832.93,1
TXN_007159,769.32,bank_decline,alternate_payment,0.4974137223607979,382.6703248866091,769.32,1
TXN_007160,1208.26,bank_decline,alternate_payment,0.3699271370603482,446.9681626245363,1208.26,1
TXN_007161,2373.77,limit_exceeded,alternate_payment,0.5917100735027974,1404.5836211787353,2373.77,1
TXN_007162,1707.4,bank_decline,alternate_payment,0.2605429618610792,444.85105308160666,1707.4,1
TXN_007163,3127.74,limit_exceeded,alternate_payment,0.2878720876801329,900.3890435206588,3127.74,1
TXN_007164,473.67,limit_exceeded,alternate_payment,0.271575067807803,128.63696236852203,0.0,0
TXN_007165,860.59,network_error,retry,0.6608967098407941,568.761099521889,860.59,1
TXN_007166,1610.02,bank_decline,alternate_payment,0.6115352875712131,984.5840436954045,1610.02,1
TXN_007167,12062.87,card_expired,customer_followup,0.28731443498104736,3465.836678299827,0.0,0
TXN_007168,1613.54,authentication_failed,customer_followup,0.6344208413490742,1023.6634043503851,1613.54,1
TXN_007169,5351.98,card_expired,customer_followup,0.41450379271743937,2218.416008547881,5351.98,1
TXN_007170,1879.11,authentication_failed,customer_followup,0.31533384316256824,592.5469780252135,1879.11,1
TXN_007171,1114.7,network_error,retry,0.6948578718887629,774.5580697944041,1114.7,1
TXN_007172,1412.72,network_error,retry_later,0.49535155483853277,699.793048551492,0.0,0
TXN_007173,1527.79,card_expired,customer_followup,0.34380940185763026,525.268566064069,1527.79,1
TXN_007174,3306.5,bank_decline,alternate_payment,0.6670822850247234,2205.707575434248,3306.5,1
TXN_007175,7148.17,network_error,retry_later,0.6621467921037315,4733.1378349121305,7148.17,1
TXN_007176,2590.69,authentication_failed,customer_followup,0.49421192215450716,1280.3498846064601,2590.69,1
TXN_007177,5925.84,limit_exceeded,alternate_payment,0.665851832599748,3945.731423692891,0.0,0
TXN_007178,688.98,authentication_failed,customer_followup,0.28010363847847414,192.98580483889913,0.0,0
TXN_007179,1194.36,limit_exceeded,alternate_payment,0.332110613022449,396.65963176949214,1194.36,1
TXN_007180,876.29,card_expired,customer_followup,0.6943540595459126,608.4555188394877,876.29,1
TXN_007181,2476.11,card_expired,customer_followup,0.27595605426302466,683.297545521218,2476.11,1
TXN_007182,1262.74,bank_decline,alternate_payment,0.7040854578209088,889.0768710087744,1262.74,1
TXN_007183,3750.98,bank_decline,alternate_payment,0.5926322704261351,2222.9517937230244,0.0,0
TXN_007184,712.66,card_expired,customer_followup,0.2897380249618367,206.48470086930254,0.0,0
TXN_007185,1887.54,insufficient_funds,retry_later,0.35932888005153785,678.2476342524798,1887.54,1
TXN_007186,3593.41,insufficient_funds,retry_later,0.8523245782983438,3062.7516629030515,0.0,0
TXN_007187,229.22,authentication_failed,customer_followup,0.6281021867100949,143.97358323768796,229.22,1
TXN_007188,15087.64,bank_decline,alternate_payment,0.7199347086585823,10862.115707745572,15087.64,1
TXN_007189,1362.19,insufficient_funds,retry_later,0.3874197256686788,527.7392761086177,1362.19,1
TXN_007190,238.64,bank_decline,alternate_payment,0.5620954979293935,134.13846962587047,238.64,1
TXN_007191,2117.72,authentication_failed,customer_followup,0.3063749527596464,648.8163649581583,2117.72,1
TXN_007192,1869.53,network_error,retry,0.803554914358433,1502.2700190405212,1869.53,1
TXN_007193,1665.87,card_expired,customer_followup,0.2155363133182059,359.0554782673997,0.0,0
TXN_007194,4871.67,bank_decline,alternate_payment,0.29052819805771984,1415.357506631852,4871.67,1
TXN_007195,3817.86,authentication_failed,customer_followup,0.8582678811378541,3276.7466126809677,3817.86,1
TXN_007196,2435.42,insufficient_funds,retry_later,0.5953848880865864,1450.0122641438343,2435.42,1
TXN_007197,2836.02,authentication_failed,customer_followup,0.2374654786451493,673.4568467472163,2836.02,1
TXN_007198,1628.87,bank_decline,alternate_payment,0.7293936322479989,1188.087405759798,1628.87,1
TXN_007199,10673.2,authentication_failed,customer_followup,0.26304754037579775,2807.559007938965,0.0,0
TXN_007200,411.91,card_expired,customer_followup,0.7486914085127692,308.3934780804948,0.0,0
TXN_007201,2079.02,limit_exceeded,alternate_payment,0.4078363787340058,847.8999881155727,2079.02,1
TXN_007202,1929.52,authentication_failed,customer_followup,0.6067242615175179,1170.6865970832812,1929.52,1
TXN_007203,4077.67,limit_exceeded,alternate_payment,0.30916925355085945,1260.6901901267331,4077.67,1
TXN_007204,777.55,limit_exceeded,alternate_payment,0.31322770418190754,243.5502013866422,777.55,1
TXN_007205,316.18,authentication_failed,customer_followup,0.32738339119770693,103.51208062889098,0.0,0
TXN_007206,2115.03,card_expired,customer_followup,0.5835034146559415,1234.127227099756,2115.03,1
TXN_007207,2395.22,limit_exceeded,alternate_payment,0.6496754742162654,1556.115689352283,2395.22,1
TXN_007208,8019.24,authentication_failed,customer_followup,0.33376527507204923,2676.5438444687798,8019.24,1
TXN_007209,507.57,bank_decline,alternate_payment,0.5881615832400776,298.5331748051662,507.57,1
TXN_007210,5737.01,limit_exceeded,alternate_payment,0.44814227110492905,2570.996690751689,5737.01,1
TXN_007211,19291.39,insufficient_funds,retry_later,0.6021276817036287,11615.879937540565,19291.39,1
TXN_007212,1239.22,insufficient_funds,retry_later,0.452295873800461,560.4940927310073,1239.22,1
TXN_007213,497.23,insufficient_funds,retry_later,0.6206097243024282,308.5857732148964,497.23,1
TXN_007214,1203.54,card_expired,customer_followup,0.3120616340356716,375.5786590272922,1203.54,1
TXN_007215,1833.54,card_expired,customer_followup,0.4986810341960263,914.351623439782,1833.54,1
TXN_007216,3177.3,limit_exceeded,alternate_payment,0.4530748447464471,1439.5547042128865,3177.3,1
TXN_007217,1000.85,limit_exceeded,alternate_payment,0.5396280404300018,540.0867242643673,1000.85,1
TXN_007218,8562.94,limit_exceeded,alternate_payment,0.6939436585254402,5942.197911333833,8562.94,1
TXN_007219,593.16,limit_exceeded,alternate_payment,0.6220790943746872,368.99243561928944,0.0,0
TXN_007220,317.6,card_expired,customer_followup,0.44221697271999616,140.4481105358708,0.0,0
TXN_007221,5468.23,bank_decline,alternate_payment,0.44481418089394303,2432.346248389686,0.0,0
TXN_007222,185.93,limit_exceeded,alternate_payment,0.372033703860863,69.17222655885026,185.93,1
TXN_007223,1474.2,network_error,retry,0.8604216827526904,1268.4336447140163,1474.2,1
TXN_007224,40850.78,limit_exceeded,alternate_payment,0.5409588808249226,22098.59222962513,40850.78,1
TXN_007225,1786.4,bank_decline,alternate_payment,0.857486849310181,1531.8145076077076,0.0,0
TXN_007226,589.48,limit_exceeded,alternate_payment,0.6871331017723399,405.05122083275893,0.0,0
TXN_007227,1707.19,insufficient_funds,retry_later,0.6365440606777799,1086.701654948499,0.0,0
TXN_007228,1718.49,insufficient_funds,retry_later,0.6119505952696653,1051.6309784649673,1718.49,1
TXN_007229,2123.14,network_error,retry,0.9025332349985531,1916.204412554828,2123.14,1
TXN_007230,3506.11,limit_exceeded,alternate_payment,0.4305882467186839,1509.6897577028449,3506.11,1
TXN_007231,639.63,limit_exceeded,alternate_payment,0.3205012362499947,205.00220574258412,639.63,1
TXN_007232,9774.65,card_expired,customer_followup,0.33610198524715945,3285.2792700961472,9774.65,1
TXN_007233,2310.26,insufficient_funds,retry_later,0.62440614102382,1442.5405313616905,2310.26,1
TXN_007234,3739.82,limit_exceeded,alternate_payment,0.3856353091705525,1442.2066419422158,3739.82,1
TXN_007235,964.73,bank_decline,alternate_payment,0.28798087553655977,277.8237900563853,964.73,1
TXN_007236,6544.51,authentication_failed,customer_followup,0.5877029119005612,3846.227583962342,6544.51,1
TXN_007237,1398.21,network_error,retry,0.8636531128540849,1207.56841892371,1398.21,1
TXN_007238,2386.43,authentication_failed,customer_followup,0.6408346986743994,1529.3071499575467,0.0,0
TXN_007239,711.16,network_error,retry_later,0.6237021748209909,443.55203864569586,0.0,0
TXN_007240,667.19,network_error,retry,0.5717702495279404,381.4793927825466,667.19,1
TXN_007241,3598.26,bank_decline,alternate_payment,0.5827542044357705,2096.901143653056,0.0,0
TXN_007242,1160.25,insufficient_funds,retry_later,0.46697529541794264,541.808086508668,0.0,0
TXN_007243,769.84,card_expired,customer_followup,0.2994873025909155,230.5573050265904,769.84,1
TXN_007244,950.34,insufficient_funds,retry_later,0.6386462842761788,606.9311097990237,950.34,1
TXN_007245,3637.14,authentication_failed,customer_followup,0.2782317404641398,1011.9677925117413,3637.14,1
TXN_007246,963.88,insufficient_funds,retry_later,0.6539313889899,630.3113872195848,963.88,1
TXN_007247,1607.35,authentication_failed,customer_followup,0.2257392073008856,362.8419148550784,0.0,0
TXN_007248,1835.42,limit_exceeded,alternate_payment,0.3519854893946586,646.0412069447443,0.0,0
TXN_007249,265.78,limit_exceeded,alternate_payment,0.32296155357169865,85.83672170828606,265.78,1
TXN_007250,415.25,card_expired,customer_followup,0.39594692334662485,164.41695991968598,0.0,0
TXN_007251,2530.77,card_expired,customer_followup,0.5985922776992079,1514.8993786328242,0.0,0
TXN_007252,865.21,limit_exceeded,alternate_payment,0.34060892122631026,294.6982447342159,0.0,0
TXN_007253,5201.62,network_error,retry_later,0.6183080396931404,3216.203465428633,5201.62,1
TXN_007254,4754.31,insufficient_funds,retry_later,0.4956017445971964,2356.244330355897,0.0,0
TXN_007255,3711.42,bank_decline,alternate_payment,0.317378567326295,1177.9251623461578,3711.42,1
TXN_007256,11156.44,limit_exceeded,alternate_payment,0.4689544936291645,5231.862670904156,11156.44,1
TXN_007257,1663.89,bank_decline,alternate_payment,0.3427521187313472,570.3018228359014,1663.89,1
TXN_007258,3459.51,card_expired,customer_followup,0.3423416303109854,1184.3342934771572,3459.51,1
TXN_007259,1007.87,card_expired,customer_followup,0.5328347171933304,537.0281264176419,1007.87,1
TXN_007260,21001.94,authentication_failed,customer_followup,0.334381830781428,7022.667147161704,21001.94,1
TXN_007261,13142.86,insufficient_funds,retry_later,0.4178338232040505,5491.531441635588,13142.86,1
TXN_007262,1829.65,limit_exceeded,alternate_payment,0.4168692450349306,762.7248141781608,1829.65,1
TXN_007263,2661.34,authentication_failed,customer_followup,0.34238239525221054,911.195963780518,2661.34,1
TXN_007264,7039.54,network_error,retry,0.6422299001603633,4521.003071374884,7039.54,1
TXN_007265,1560.65,limit_exceeded,alternate_payment,0.3740985621466874,583.8369210142278,0.0,0
TXN_007266,937.65,insufficient_funds,retry_later,0.6510098710338262,610.4194055748671,937.65,1
TXN_007267,4332.89,limit_exceeded,alternate_payment,0.6242901966066039,2704.980749974788,4332.89,1
TXN_007268,1955.57,card_expired,customer_followup,0.48300324100737946,944.546648016801,1955.57,1
TXN_007269,2171.11,card_expired,customer_followup,0.3790580808771529,822.9767899731955,2171.11,1
TXN_007270,785.04,insufficient_funds,retry_later,0.6385551655782422,501.29134718554326,785.04,1
TXN_007271,324.51,network_error,retry_later,0.5301878710282146,172.05126602736593,324.51,1
TXN_007272,2289.62,authentication_failed,customer_followup,0.41818507918059517,957.4849209934742,0.0,0
TXN_007273,4469.19,network_error,retry,0.8657584847876962,3869.239162628324,4469.19,1
TXN_007274,1442.59,limit_exceeded,alternate_payment,0.5273048118946868,760.6846485911562,1442.59,1
TXN_007275,7604.0,bank_decline,alternate_payment,0.7445932866035223,5661.887351333184,7604.0,1
TXN_007276,894.34,insufficient_funds,retry_later,0.8228065646241574,735.8688230059689,894.34,1
TXN_007277,629.73,card_expired,customer_followup,0.2976563965583315,187.4431626046781,629.73,1
TXN_007278,1690.48,bank_decline,alternate_payment,0.3263635143912459,551.7109938081134,1690.48,1
TXN_007279,1664.71,network_error,retry_later,0.4615071207176273,768.2755189298414,0.0,0
TXN_007280,3904.83,network_error,retry,0.8952521305668395,3495.807377001312,3904.83,1
TXN_007281,833.0,card_expired,customer_followup,0.4350023528173731,362.3569598968718,833.0,1
TXN_007282,7101.73,bank_decline,alternate_payment,0.4693275876125624,3333.0378087757626,7101.73,1
TXN_007283,12924.98,limit_exceeded,alternate_payment,0.52572115637492,6794.9354317227135,12924.98,1
TXN_007284,1738.64,network_error,retry,0.8403662858404874,1461.094439213705,1738.64,1
TXN_007285,6308.86,authentication_failed,customer_followup,0.30874695762157295,1947.8413310604367,6308.86,1
TXN_007286,628.6,authentication_failed,customer_followup,0.6716525863354952,422.2008157704923,628.6,1
TXN_007287,5298.73,authentication_failed,customer_followup,0.37379841903364786,1980.6568968861607,5298.73,1
TXN_007288,5152.7,bank_decline,alternate_payment,0.5608176547328965,2889.7251295421956,5152.7,1
TXN_007289,4287.41,card_expired,customer_followup,0.43585536934804686,1868.6906690965095,0.0,0
TXN_007290,1780.12,insufficient_funds,retry_later,0.39038568302596655,694.9333620681836,0.0,0
TXN_007291,94.23,authentication_failed,customer_followup,0.42976738925029784,40.496981089055566,94.23,1
TXN_007292,951.72,limit_exceeded,alternate_payment,0.7638117819419733,726.9349491098149,951.72,1
TXN_007293,966.89,card_expired,customer_followup,0.5337987542733665,516.1246775193754,966.89,1
TXN_007294,679.76,network_error,retry_later,0.7499181335738572,509.76435047816517,679.76,1
TXN_007295,2043.14,insufficient_funds,retry_later,0.3592823944892159,734.0642314766966,2043.14,1
TXN_007296,1189.2,network_error,retry,0.6419078488873511,763.3568138968379,0.0,0
TXN_007297,792.65,limit_exceeded,alternate_payment,0.36164108813245105,286.65480850818733,792.65,1
TXN_007298,627.16,bank_decline,alternate_payment,0.4146128201764451,260.0285763018593,627.16,1
TXN_007299,884.03,limit_exceeded,alternate_payment,0.4695463201799419,415.09303342867406,884.03,1
TXN_007300,5549.7,bank_decline,alternate_payment,0.8174582849503564,4536.648243988993,5549.7,1
TXN_007301,933.53,bank_decline,alternate_payment,0.4077797461118816,380.67462638782484,933.53,1
TXN_007302,1080.37,card_expired,customer_followup,0.2960528344311138,319.84660073434236,1080.37,1
TXN_007303,1145.16,network_error,retry_later,0.7134945692490331,817.0654409212228,1145.16,1
TXN_007304,2537.65,bank_decline,alternate_payment,0.6513617303583863,1652.928095043959,0.0,0
TXN_007305,2853.35,bank_decline,alternate_payment,0.3250094123373405,927.3656066927505,2853.35,1
TXN_007306,86.09,bank_decline,alternate_payment,0.4408468365293769,37.95250415681406,0.0,0
TXN_007307,5022.26,network_error,retry,0.8000666272665204,4018.142619455555,5022.26,1
TXN_007308,7603.53,bank_decline,alternate_payment,0.4284707375637947,3257.89010718844,7603.53,1
TXN_007309,632.58,insufficient_funds,retry_later,0.34769085288046997,219.9422797151277,0.0,0
TXN_007310,683.82,network_error,retry,0.8994024558162008,615.0293873362344,683.82,1
TXN_007311,1152.57,bank_decline,alternate_payment,0.33124508918069606,381.78315243699484,0.0,0
TXN_007312,848.95,network_error,retry_later,0.674415742979059,572.5452450020722,848.95,1
TXN_007313,2261.82,authentication_failed,customer_followup,0.41343845875254664,935.1233747756851,2261.82,1
TXN_007314,258.13,insufficient_funds,retry_later,0.7234839802425237,186.75291982000263,258.13,1
TXN_007315,591.15,limit_exceeded,alternate_payment,0.415297930214619,245.50337144637203,591.15,1
TXN_007316,8427.01,network_error,retry_later,0.6617362175567629,5576.457722713017,0.0,0
TXN_007317,714.64,insufficient_funds,retry_later,0.4802046781684023,343.173471206267,714.64,1
TXN_007318,6269.35,card_expired,customer_followup,0.8228805246993998,5158.9260175241825,6269.35,1
TXN_007319,2579.47,bank_decline,alternate_payment,0.5849967884678274,1508.9816659491066,2579.47,1
TXN_007320,296.11,limit_exceeded,alternate_payment,0.3605691147029624,106.76812055469419,0.0,0
TXN_007321,3412.94,card_expired,customer_followup,0.4996880587734227,1705.4053633101653,3412.94,1
TXN_007322,1607.33,limit_exceeded,alternate_payment,0.3243266087262906,521.2998880040286,1607.33,1
TXN_007323,1146.57,card_expired,customer_followup,0.3640447273732859,417.4027630643884,1146.57,1
TXN_007324,2309.89,card_expired,customer_followup,0.3356275889520348,775.2628114444157,0.0,0
TXN_007325,2906.29,network_error,retry_later,0.407597327497057,1184.5960369314218,2906.29,1
TXN_007326,3668.7,limit_exceeded,alternate_payment,0.574088566426304,2106.1587236481814,3668.7,1
TXN_007327,5873.78,limit_exceeded,alternate_payment,0.6695736609655694,3932.928378306342,5873.78,1
TXN_007328,2719.32,limit_exceeded,alternate_payment,0.3789232686930192,1030.413623022301,0.0,0
TXN_007329,456.85,insufficient_funds,retry_later,0.3210194216221031,146.65772276805782,456.85,1
TXN_007330,1125.92,bank_decline,alternate_payment,0.45503711687207965,512.335390628612,1125.92,1
TXN_007331,34305.07,network_error,retry_later,0.3929932256537878,13481.660115578987,34305.07,1
TXN_007332,3731.22,bank_decline,alternate_payment,0.44342570022162414,1654.5188411809283,0.0,0
TXN_007333,19327.56,limit_exceeded,alternate_payment,0.3784113011347806,7313.767127360541,0.0,0
TXN_007334,7298.57,insufficient_funds,retry_later,0.24378520881960655,1779.2834115345158,0.0,0
TXN_007335,2302.62,card_expired,customer_followup,0.30070719809038604,692.4144084668847,2302.62,1
TXN_007336,2444.04,authentication_failed,customer_followup,0.664052239476847,1622.9702353709931,2444.04,1
TXN_007337,1743.1,bank_decline,alternate_payment,0.8224660487393026,1433.6405695574783,1743.1,1
TXN_007338,318.05,network_error,retry_later,0.3881867341852193,123.46279080760901,318.05,1
TXN_007339,1840.97,card_expired,customer_followup,0.686534985689554,1263.890312604898,1840.97,1
TXN_007340,6067.33,limit_exceeded,alternate_payment,0.6224248666184122,3776.457065979891,6067.33,1
TXN_007341,992.63,bank_decline,alternate_payment,0.47681293480420284,473.29882347469584,0.0,0
TXN_007342,2729.72,network_error,retry_later,0.5969315052299046,1629.455868456175,2729.72,1
TXN_007343,4236.92,bank_decline,alternate_payment,0.5791503686719929,2453.81378003374,4236.92,1
TXN_007344,728.01,authentication_failed,customer_followup,0.36854373660384493,268.30352568496517,728.01,1
TXN_007345,1151.36,network_error,retry,0.788863713782344,908.2661255004394,1151.36,1
TXN_007346,653.33,network_error,retry_later,0.5409538710466428,353.4213925709032,653.33,1
TXN_007347,794.6,limit_exceeded,alternate_payment,0.42648522076163436,338.88515641719465,794.6,1
TXN_007348,498.89,network_error,retry_later,0.7295838128096677,363.9820683726151,498.89,1
TXN_007349,734.77,insufficient_funds,retry_later,0.32681821139252565,240.13621718488608,0.0,0
TXN_007350,7476.02,bank_decline,alternate_payment,0.3644263118859568,2724.458396185651,0.0,0
TXN_007351,723.81,insufficient_funds,retry_later,0.36528100103090055,264.3940413561761,723.81,1
TXN_007352,2051.77,bank_decline,alternate_payment,0.3201047135555438,656.7812481318581,2051.77,1
TXN_007353,1093.49,authentication_failed,customer_followup,0.43874740707017834,479.7659021571693,1093.49,1
TXN_007354,5877.38,limit_exceeded,alternate_payment,0.5659198906930893,3326.1262471617497,5877.38,1
TXN_007355,6708.71,bank_decline,alternate_payment,0.6346784165028514,4257.873439576844,6708.71,1
TXN_007356,4290.12,card_expired,customer_followup,0.6918450697288929,2968.098370545318,4290.12,1
TXN_007357,2455.62,authentication_failed,customer_followup,0.2792771915845321,685.7986571988088,0.0,0
TXN_007358,1435.03,network_error,retry,0.7684840528472316,1102.797670357363,0.0,0
TXN_007359,549.01,limit_exceeded,alternate_payment,0.4439057611625223,243.70870193583636,549.01,1
TXN_007360,12626.19,network_error,retry_later,0.3803145034723854,4801.923180597998,0.0,0
TXN_007361,845.84,authentication_failed,customer_followup,0.7865483465150194,665.294053416264,845.84,1
TXN_007362,3510.97,insufficient_funds,retry_later,0.7979552097544214,2801.5968027914805,3510.97,1
TXN_007363,5216.41,network_error,retry_later,0.7069312748565274,3687.643371474338,5216.41,1
TXN_007364,1037.66,bank_decline,alternate_payment,0.5399369870283319,560.2710139598189,0.0,0
TXN_007365,5105.19,network_error,retry,0.8308091766787291,4241.438700688481,5105.19,1
TXN_007366,3882.42,network_error,retry,0.8518405668922533,3307.202853713822,3882.42,1
TXN_007367,10177.8,bank_decline,alternate_payment,0.5053134408708265,5142.979138495098,10177.8,1
TXN_007368,1130.77,network_error,retry,0.814935607823816,921.5047372589364,1130.77,1
TXN_007369,499.76,bank_decline,alternate_payment,0.7213020219217174,360.4778984755975,499.76,1
TXN_007370,1090.63,network_error,retry_later,0.5074300157205565,553.4183980453106,0.0,0
TXN_007371,2227.99,card_expired,customer_followup,0.4669165299425519,1040.285359546706,2227.99,1
TXN_007372,1916.42,bank_decline,alternate_payment,0.4668405741419291,894.6626130970758,1916.42,1
TXN_007373,1219.95,limit_exceeded,alternate_payment,0.7197789971543267,878.0943875784209,1219.95,1
TXN_007374,267.95,limit_exceeded,alternate_payment,0.4262330854607131,114.20915524919806,267.95,1
TXN_007375,2894.25,limit_exceeded,alternate_payment,0.2698045126994265,780.8817108803152,2894.25,1
TXN_007376,12995.32,limit_exceeded,alternate_payment,0.2971779404053436,3861.92243250837,12995.32,1
TXN_007377,2876.27,network_error,retry,0.8528061617810505,2452.900778945982,2876.27,1
TXN_007378,3324.7,insufficient_funds,retry_later,0.5977988976448133,1987.5019949997106,3324.7,1
TXN_007379,3204.93,card_expired,customer_followup,0.33802793870322434,1083.3558815881247,3204.93,1
TXN_007380,2689.33,limit_exceeded,alternate_payment,0.5721801555020368,1538.7812575962926,2689.33,1
TXN_007381,4590.14,limit_exceeded,alternate_payment,0.658190795425492,3021.187897714368,4590.14,1
TXN_007382,2684.83,card_expired,customer_followup,0.8035098767601151,2157.28742242186,2684.83,1
TXN_007383,1322.56,insufficient_funds,retry_later,0.6195364973519053,819.3741899377359,0.0,0
TXN_007384,815.67,limit_exceeded,alternate_payment,0.642401068939465,523.9872799018534,815.67,1
TXN_007385,1409.55,card_expired,customer_followup,0.53118879196801,748.7371617185086,1409.55,1
TXN_007386,2475.33,bank_decline,alternate_payment,0.7668499662856416,1898.2067270458372,2475.33,1
TXN_007387,1318.06,card_expired,customer_followup,0.7737474998934246,1019.8456297095272,1318.06,1
TXN_007388,2475.85,authentication_failed,customer_followup,0.609581939484775,1509.2334448733802,0.0,0
TXN_007389,2804.98,network_error,retry,0.8350122268199531,2342.192595985432,2804.98,1
TXN_007390,4159.62,card_expired,customer_followup,0.5852860326284284,2434.5674870418634,4159.62,1
TXN_007391,6521.08,network_error,retry,0.8047649129259584,5247.936378383209,6521.08,1
TXN_007392,1954.73,limit_exceeded,alternate_payment,0.5586634753240172,1092.036255120116,1954.73,1
TXN_007393,488.93,network_error,retry_later,0.4912340279880842,240.179053304214,0.0,0
TXN_007394,1280.36,bank_decline,alternate_payment,0.3296697981109184,422.0960227092954,1280.36,1
TXN_007395,1889.49,bank_decline,alternate_payment,0.4406593367510122,832.6214101976701,1889.49,1
TXN_007396,288.37,card_expired,customer_followup,0.6702234126304936,193.27232550025542,288.37,1
TXN_007397,7249.33,authentication_failed,customer_followup,0.683183594893463,4952.623329969028,7249.33,1
TXN_007398,2084.7,authentication_failed,customer_followup,0.34622138504897365,721.7677214115953,0.0,0
TXN_007399,2647.45,bank_decline,alternate_payment,0.24337185646674553,644.3148214028854,0.0,0
TXN_007400,7083.52,limit_exceeded,alternate_payment,0.338756195527277,2399.586286141377,7083.52,1
TXN_007401,962.81,bank_decline,alternate_payment,0.2712650066735255,261.17666107533705,962.81,1
TXN_007402,3210.05,insufficient_funds,retry_later,0.26278177046604845,843.5426222845389,0.0,0
TXN_007403,1619.93,limit_exceeded,alternate_payment,0.6304111144602046,1021.2218766475193,1619.93,1
TXN_007404,1504.04,network_error,retry,0.8981943983772137,1350.9203029352645,1504.04,1
TXN_007405,835.31,network_error,retry_later,0.7239765035466283,604.7448131775341,835.31,1
TXN_007406,9562.49,network_error,retry_later,0.6128910032916195,5860.764090066078,9562.49,1
TXN_007407,1242.03,limit_exceeded,alternate_payment,0.5274515720625865,655.1106760488943,1242.03,1
TXN_007408,3639.0,limit_exceeded,alternate_payment,0.28440313438558135,1034.9430060291306,0.0,0
TXN_007409,277.27,insufficient_funds,retry_later,0.4985447373293599,138.2314993193116,277.27,1
TXN_007410,5883.98,network_error,retry,0.8585884602931119,5051.917328595464,5883.98,1
TXN_007411,5178.19,authentication_failed,customer_followup,0.308661137925493,1598.3060177944085,5178.19,1
TXN_007412,1993.08,limit_exceeded,alternate_payment,0.29751040549173563,592.9620389774684,1993.08,1
TXN_007413,1440.95,network_error,retry,0.5949266537529648,857.2595617253347,1440.95,1
TXN_007414,2697.28,limit_exceeded,alternate_payment,0.43787314763512686,1181.066483653275,0.0,0
TXN_007415,17832.73,limit_exceeded,alternate_payment,0.317714012535332,5665.7082027591905,17832.73,1
TXN_007416,310.06,bank_decline,alternate_payment,0.5703248172246478,176.8349128286743,310.06,1
TXN_007417,3952.2,limit_exceeded,alternate_payment,0.24087859853464372,952.0003971286188,3952.2,1
TXN_007418,726.6,insufficient_funds,retry_later,0.502953132716992,365.4457462321664,726.6,1
TXN_007419,1772.39,card_expired,customer_followup,0.5197552435183659,921.2089960595166,1772.39,1
TXN_007420,1411.09,bank_decline,alternate_payment,0.7109257175515151,1003.1801707797674,1411.09,1
TXN_007421,1178.13,insufficient_funds,retry_later,0.7697177328065443,906.8275525513742,1178.13,1
TXN_007422,1789.22,network_error,retry_later,0.6064795071438849,1085.1252637719817,0.0,0
TXN_007423,581.63,limit_exceeded,alternate_payment,0.501994924013418,291.97530765392435,581.63,1
TXN_007424,5060.3,limit_exceeded,alternate_payment,0.416905155047149,2109.6651560850883,5060.3,1
TXN_007425,300.62,network_error,retry_later,0.6285973472561908,188.96893453215608,300.62,1
TXN_007426,3101.88,authentication_failed,customer_followup,0.28982117698862797,898.9905124774854,3101.88,1
TXN_007427,1304.36,network_error,retry_later,0.7186181156443258,937.3367253218327,1304.36,1
TXN_007428,560.64,network_error,retry_later,0.41437894016133686,232.31740901205188,560.64,1
TXN_007429,2213.62,network_error,retry,0.6051753245010026,1339.6282018219094,2213.62,1
TXN_007430,381.1,network_error,retry_later,0.6533208739092786,248.9805850468261,0.0,0
TXN_007431,1881.29,authentication_failed,customer_followup,0.6879407347163579,1294.216024814537,1881.29,1
TXN_007432,435.77,limit_exceeded,alternate_payment,0.5058090762063224,220.41642113842911,435.77,1
TXN_007433,2867.72,limit_exceeded,alternate_payment,0.5863416202793417,1681.4635913074735,2867.72,1
TXN_007434,717.41,authentication_failed,customer_followup,0.33790539577142487,242.4167099803779,717.41,1
TXN_007435,1151.71,network_error,retry_later,0.25583316518914045,294.645614679985,1151.71,1
TXN_007436,2425.88,authentication_failed,customer_followup,0.42027653597514,1019.5404430913726,0.0,0
TXN_007437,835.02,authentication_failed,customer_followup,0.7141370269633214,596.3187002549126,835.02,1
TXN_007438,1706.22,limit_exceeded,alternate_payment,0.32087501656699824,547.4833707669437,1706.22,1
TXN_007439,397.89,bank_decline,alternate_payment,0.37568776841061713,149.48240617290045,397.89,1
TXN_007440,3397.77,card_expired,customer_followup,0.40754209530895846,1384.7343051779199,3397.77,1
TXN_007441,10560.9,card_expired,customer_followup,0.26915457829944917,2842.5145859626527,0.0,0
TXN_007442,29501.87,card_expired,customer_followup,0.33494313380646634,9881.448790950975,29501.87,1
TXN_007443,1980.63,authentication_failed,customer_followup,0.8324635722400635,1648.802325085837,1980.63,1
TXN_007444,3976.69,card_expired,customer_followup,0.5169629035221432,2055.801208807472,3976.69,1
TXN_007445,304.71,limit_exceeded,alternate_payment,0.23624014536056845,71.9847346928188,304.71,1
TXN_007446,8125.27,bank_decline,alternate_payment,0.2299703509151932,1868.5711931806918,0.0,0
TXN_007447,3929.35,card_expired,customer_followup,0.7138093069582119,2804.8066002962496,3929.35,1
TXN_007448,1114.39,network_error,retry,0.8860121997706093,987.3631353023694,1114.39,1
TXN_007449,6230.31,authentication_failed,customer_followup,0.5216158504342308,3249.8284491188924,6230.31,1
TXN_007450,1401.82,network_error,retry_later,0.5059969735943428,709.3166775240217,1401.82,1
TXN_007451,1143.64,insufficient_funds,retry_later,0.4312598543431061,493.2060198209499,1143.64,1
TXN_007452,2908.33,authentication_failed,customer_followup,0.3173889727887787,923.0718712307887,2908.33,1
TXN_007453,624.31,network_error,retry,0.7716203308985659,481.7302887832836,624.31,1
TXN_007454,5022.21,insufficient_funds,retry_later,0.6527840747858669,3278.4187082303283,5022.21,1
TXN_007455,628.92,bank_decline,alternate_payment,0.6333236540858136,398.3099125276499,0.0,0
TXN_007456,632.67,limit_exceeded,alternate_payment,0.5315615686328785,336.3030576269632,0.0,0
TXN_007457,728.01,network_error,retry_later,0.539719846968758,392.9214457917255,0.0,0
TXN_007458,3864.16,card_expired,customer_followup,0.7126348202732293,2753.734967107002,3864.16,1
TXN_007459,975.77,bank_decline,alternate_payment,0.6760949816516186,659.7132002461999,975.77,1
TXN_007460,469.66,bank_decline,alternate_payment,0.5231009732447722,245.67960309413974,469.66,1
TXN_007461,986.65,insufficient_funds,retry_later,0.36252912569774715,357.6893618696822,986.65,1
TXN_007462,1751.03,network_error,retry,0.569604935169606,997.3953296300351,1751.03,1
TXN_007463,555.03,card_expired,customer_followup,0.4368089786446365,242.4420874171326,0.0,0
TXN_007464,571.53,authentication_failed,customer_followup,0.36000881794159967,205.75583971816243,571.53,1
TXN_007465,14932.52,authentication_failed,customer_followup,0.33627442313449196,5021.424548944264,14932.52,1
TXN_007466,764.66,network_error,retry_later,0.5414577202937292,414.0310603998029,764.66,1
TXN_007467,1308.92,network_error,retry,0.6793899989297497,889.267157399128,1308.92,1
TXN_007468,1252.33,limit_exceeded,alternate_payment,0.4155176672228863,520.3652401932371,1252.33,1
TXN_007469,1186.36,limit_exceeded,alternate_payment,0.41485962479195726,492.1728644681864,1186.36,1
TXN_007470,3365.55,insufficient_funds,retry_later,0.6788034413161168,2284.546921921457,3365.55,1
TXN_007471,4666.4,authentication_failed,customer_followup,0.6313494784028088,2946.1292060188666,0.0,0
TXN_007472,1331.48,card_expired,customer_followup,0.548593618196963,730.4414307568923,1331.48,1
TXN_007473,525.06,card_expired,customer_followup,0.3450892803469681,181.19257753897907,0.0,0
TXN_007474,6466.82,card_expired,customer_followup,0.8203685013631338,5305.175431985141,6466.82,1
TXN_007475,1643.62,insufficient_funds,retry_later,0.37201759600154277,611.4555611400557,1643.62,1
TXN_007476,10201.82,card_expired,customer_followup,0.4293660163885863,4380.314813313407,10201.82,1
TXN_007477,191.41,card_expired,customer_followup,0.31051647431085244,59.43595834784026,191.41,1
TXN_007478,2198.22,authentication_failed,customer_followup,0.510551570937848,1122.304674266996,2198.22,1
TXN_007479,12315.41,limit_exceeded,alternate_payment,0.3780705051830544,4656.09328023644,0.0,0
TXN_007480,1269.95,limit_exceeded,alternate_payment,0.7753200438908079,984.6176897391315,1269.95,1
TXN_007481,1443.04,card_expired,customer_followup,0.24919559538324615,359.5992119618395,1443.04,1
TXN_007482,2429.67,network_error,retry_later,0.6058807852951511,1472.0903676080698,2429.67,1
TXN_007483,1034.01,network_error,retry,0.7601438086106137,785.9962995414606,1034.01,1
TXN_007484,1323.36,bank_decline,alternate_payment,0.8030881428618692,1062.7747247376833,1323.36,1
TXN_007485,1289.73,insufficient_funds,retry_later,0.6537670404364739,843.1829650621336,1289.73,1
TXN_007486,965.44,authentication_failed,customer_followup,0.25228107714691284,243.56224312071555,0.0,0
TXN_007487,6178.66,bank_decline,alternate_payment,0.6275592994293919,3877.4755410124067,6178.66,1
TXN_007488,2867.16,bank_decline,alternate_payment,0.4919468629941694,1410.4903677023626,0.0,0
TXN_007489,2323.03,insufficient_funds,retry_later,0.6016645990926897,1397.684913630291,2323.03,1
TXN_007490,4058.51,limit_exceeded,alternate_payment,0.7445080954964317,3021.5935506532232,4058.51,1
TXN_007491,1388.03,insufficient_funds,retry_later,0.3084358584762807,428.1182246408319,1388.03,1
TXN_007492,833.64,bank_decline,alternate_payment,0.41414291422402894,345.24609901371946,833.64,1
TXN_007493,989.67,card_expired,customer_followup,0.3906603922771954,386.62487042497196,989.67,1
TXN_007494,1811.27,network_error,retry,0.8601504662786273,1557.9647350564894,1811.27,1
TXN_007495,626.9,bank_decline,alternate_payment,0.4219211685578371,264.5023805689081,0.0,0
TXN_007496,1096.35,limit_exceeded,alternate_payment,0.5803607348607183,636.2784916645484,1096.35,1
TXN_007497,1079.1,insufficient_funds,retry_later,0.5060577663356458,546.0869356527953,1079.1,1
TXN_007498,15131.84,bank_decline,alternate_payment,0.8033095314512175,12155.55130039479,0.0,0
TXN_007499,112.86,network_error,retry_later,0.5489194666159364,61.95105100227458,112.86,1
TXN_007500,1510.78,limit_exceeded,alternate_payment,0.2169451569185966,327.7564041694773,0.0,0
TXN_007501,10154.72,authentication_failed,customer_followup,0.28774884082249846,2922.0089088770414,10154.72,1
TXN_007502,2042.33,network_error,retry,0.4898873000760642,1000.5115295643482,0.0,0
TXN_007503,3840.73,authentication_failed,customer_followup,0.2760106970498372,1060.0825644802212,3840.73,1
TXN_007504,1997.85,insufficient_funds,retry_later,0.6782740010911852,1355.0897130800242,1997.85,1
TXN_007505,927.66,authentication_failed,customer_followup,0.5050484259414184,468.5132228088162,927.66,1
TXN_007506,192.11,card_expired,customer_followup,0.5379508502339191,103.3457378384382,0.0,0
TXN_007507,2220.43,bank_decline,alternate_payment,0.5282372249712104,1172.9137814428245,2220.43,1
TXN_007508,832.47,bank_decline,alternate_payment,0.6775968990451275,564.0790905480974,832.47,1
TXN_007509,812.13,card_expired,customer_followup,0.4730370427232189,384.16757350680774,812.13,1
TXN_007510,1097.74,limit_exceeded,alternate_payment,0.26810646827811996,294.3111944876234,0.0,0
TXN_007511,10351.24,network_error,retry,0.6684250353548385,6919.027962966419,0.0,0
TXN_007512,20027.02,insufficient_funds,retry_later,0.37085312968115636,7427.0830451871125,0.0,0
TXN_007513,2246.68,card_expired,customer_followup,0.2850457640824514,640.4066172487619,2246.68,1
TXN_007514,1135.96,bank_decline,alternate_payment,0.6512980438047697,739.8485258404662,1135.96,1
TXN_007515,557.12,authentication_failed,customer_followup,0.2823491340365311,157.30234955443223,557.12,1
TXN_007516,2888.64,network_error,retry_later,0.5349875908460604,1545.386554421564,0.0,0
TXN_007517,10752.63,network_error,retry,0.8892710061265137,9562.002098606134,10752.63,1
TXN_007518,1411.85,card_expired,customer_followup,0.44216114421722563,624.2652114630899,1411.85,1
TXN_007519,167.5,bank_decline,alternate_payment,0.30270481953566036,50.70305727222311,0.0,0
TXN_007520,3533.52,bank_decline,alternate_payment,0.22943106854839965,810.6992693371411,3533.52,1
TXN_007521,4843.53,insufficient_funds,retry_later,0.6970985932971423,3376.4179495925073,4843.53,1
TXN_007522,370.24,insufficient_funds,retry_later,0.4392650400725785,162.63348843647145,370.24,1
TXN_007523,2157.02,card_expired,customer_followup,0.5270473515402267,1136.8516782192999,2157.02,1
TXN_007524,2839.05,limit_exceeded,alternate_payment,0.6127689169487323,1739.6815936632984,2839.05,1
TXN_007525,1680.58,card_expired,customer_followup,0.27563468781204,463.22614364315814,1680.58,1
TXN_007526,819.94,bank_decline,alternate_payment,0.3754036994985398,307.80850936683277,819.94,1
TXN_007527,4993.72,limit_exceeded,alternate_payment,0.32384999262124425,1617.21618515256,4993.72,1
TXN_007528,1207.88,card_expired,customer_followup,0.4210591509371328,508.58892723394405,1207.88,1
TXN_007529,409.45,network_error,retry_later,0.4234966889651314,173.40071929677305,0.0,0
TXN_007530,232.88,authentication_failed,customer_followup,0.3816466172131675,88.87786421660245,232.88,1
TXN_007531,6379.53,bank_decline,alternate_payment,0.8121622057813753,5181.213156648457,6379.53,1
TXN_007532,3349.83,network_error,retry_later,0.6491752920296712,2174.6268684997535,3349.83,1
TXN_007533,1974.31,authentication_failed,customer_followup,0.2930991610534656,578.6686046594676,1974.31,1
TXN_007534,1164.13,bank_decline,alternate_payment,0.5972824379716051,695.3144045158847,1164.13,1
TXN_007535,1065.29,bank_decline,alternate_payment,0.7605419168006256,810.1976985485384,1065.29,1
TXN_007536,616.63,bank_decline,alternate_payment,0.5691730879420724,350.9692012177201,0.0,0
TXN_007537,1174.44,network_error,retry_later,0.32049746097877363,376.4050380719109,0.0,0
TXN_007538,217.0,bank_decline,alternate_payment,0.49190783512532354,106.74400022219521,217.0,1
TXN_007539,866.04,card_expired,customer_followup,0.7480672133392734,647.8561294403443,866.04,1
TXN_007540,1324.86,card_expired,customer_followup,0.5211292866096247,690.4233466576272,1324.86,1
TXN_007541,3327.18,limit_exceeded,alternate_payment,0.5080725020299612,1690.4486673040462,3327.18,1
TXN_007542,1737.28,network_error,retry,0.7296645499853741,1267.6316293985908,1737.28,1
TXN_007543,4003.5,network_error,retry_later,0.7402589699316712,2963.6267861214455,4003.5,1
TXN_007544,6968.36,bank_decline,alternate_payment,0.4392736091638143,3061.016647152757,0.0,0
TXN_007545,5209.14,card_expired,customer_followup,0.42384171782574354,2207.850845994794,5209.14,1
TXN_007546,2894.33,bank_decline,alternate_payment,0.7568279655895283,2190.5098856447394,2894.33,1
TXN_007547,1829.62,limit_exceeded,alternate_payment,0.6350669879797148,1161.9312625474458,1829.62,1
TXN_007548,678.04,limit_exceeded,alternate_payment,0.41494648831577086,281.3503169376253,678.04,1
TXN_007549,3789.33,authentication_failed,customer_followup,0.23897478810452585,905.5543338081229,0.0,0
TXN_007550,9698.7,bank_decline,alternate_payment,0.27678672637625296,2684.471423105365,0.0,0
TXN_007551,2545.56,limit_exceeded,alternate_payment,0.3207561848029198,816.5041137869205,0.0,0
TXN_007552,12298.83,limit_exceeded,alternate_payment,0.45226441410119667,5562.32314408022,12298.83,1
TXN_007553,393.24,card_expired,customer_followup,0.3002805732969886,118.0823326433078,393.24,1
TXN_007554,570.11,network_error,retry_later,0.4267276087001092,243.28167699601926,570.11,1
TXN_007555,4252.24,authentication_failed,customer_followup,0.7231768987669865,3075.121736012931,4252.24,1
TXN_007556,2354.99,limit_exceeded,alternate_payment,0.6215808945951852,1463.816790962715,2354.99,1
TXN_007557,6726.31,card_expired,customer_followup,0.45615926338017676,3068.268614866717,6726.31,1
TXN_007558,1780.28,network_error,retry_later,0.7254936373953789,1291.5818127822452,1780.28,1
TXN_007559,759.02,insufficient_funds,retry_later,0.6139654889628643,466.01208543259327,759.02,1
TXN_007560,1460.31,authentication_failed,customer_followup,0.3100793058207282,452.81191108306757,0.0,0
TXN_007561,390.46,limit_exceeded,alternate_payment,0.45507908250792767,177.69017855604542,390.46,1
TXN_007562,584.88,bank_decline,alternate_payment,0.6370396998693024,372.5917796595576,584.88,1
TXN_007563,4781.19,network_error,retry,0.9148703581390317,4374.169007630757,4781.19,1
TXN_007564,4327.68,bank_decline,alternate_payment,0.5924988187424416,2564.1452878952896,4327.68,1
TXN_007565,2599.32,bank_decline,alternate_payment,0.3485612384534691,906.0221983368714,2599.32,1
TXN_007566,323.41,network_error,retry_later,0.6938701811953224,224.40455530037923,0.0,0
TXN_007567,1263.44,insufficient_funds,retry_later,0.4135722395608036,522.5237103507017,0.0,0
TXN_007568,531.13,authentication_failed,customer_followup,0.4126600251715908,219.17611916938702,531.13,1
TXN_007569,5863.68,insufficient_funds,retry_later,0.5796785408832611,3399.0494666063605,0.0,0
TXN_007570,1008.56,card_expired,customer_followup,0.7395281012907298,745.8584618377783,1008.56,1
TXN_007571,610.48,insufficient_funds,retry_later,0.5151510794375235,314.48943097501933,610.48,1
TXN_007572,1862.73,limit_exceeded,alternate_payment,0.4650888455546499,866.334945280013,1862.73,1
TXN_007573,953.22,insufficient_funds,retry_later,0.5240016342045022,499.4888377564156,953.22,1
TXN_007574,7972.42,insufficient_funds,retry_later,0.3836973992656285,3058.996819853282,0.0,0
TXN_007575,867.13,bank_decline,alternate_payment,0.5107418063991078,442.8795425828584,867.13,1
TXN_007576,446.2,bank_decline,alternate_payment,0.6133913585499298,273.69522418497866,446.2,1
TXN_007577,210.0,network_error,retry,0.7106862846048361,149.24411976701558,210.0,1
TXN_007578,1753.23,bank_decline,alternate_payment,0.39012687288687686,683.9821373514591,0.0,0
TXN_007579,1030.78,network_error,retry_later,0.5878480385018279,605.9420011269141,0.0,0
TXN_007580,433.15,insufficient_funds,retry_later,0.37003800814651977,160.28196322866503,0.0,0
TXN_007581,5938.59,limit_exceeded,alternate_payment,0.480083955107397,2851.0217749612366,5938.59,1
TXN_007582,3523.62,bank_decline,alternate_payment,0.6085458920327758,2144.284476084529,3523.62,1
TXN_007583,1757.74,bank_decline,alternate_payment,0.30238015082228953,531.5056863063712,1757.74,1
TXN_007584,7075.02,card_expired,customer_followup,0.5687424629368667,4023.864300127591,7075.02,1
TXN_007585,3507.07,authentication_failed,customer_followup,0.6941778213111293,2434.530211785622,3507.07,1
TXN_007586,794.05,authentication_failed,customer_followup,0.6211241401442682,493.2036234815561,794.05,1
TXN_007587,639.56,insufficient_funds,retry_later,0.5891364177937448,376.7880873641674,639.56,1
TXN_007588,4096.88,insufficient_funds,retry_later,0.3900164384357957,1597.8505462988428,0.0,0
TXN_007589,2687.5,authentication_failed,customer_followup,0.878058962436352,2359.783461547696,2687.5,1
TXN_007590,2142.54,network_error,retry_later,0.45126523892852644,966.853825013925,2142.54,1
TXN_007591,775.5,network_error,retry_later,0.4728179060783314,366.670286163746,775.5,1
TXN_007592,3320.76,authentication_failed,customer_followup,0.30804785243808563,1022.9529864622973,0.0,0
TXN_007593,849.38,card_expired,customer_followup,0.5514137731999339,468.35983068055987,849.38,1
TXN_007594,1632.74,bank_decline,alternate_payment,0.6012416027386908,981.67121445557,0.0,0
TXN_007595,7684.37,card_expired,customer_followup,0.39037814127558035,2999.8100774738314,7684.37,1
TXN_007596,933.71,card_expired,customer_followup,0.6352928388172991,593.1792765321004,0.0,0
TXN_007597,375.03,card_expired,customer_followup,0.315273122010871,118.23687894773694,375.03,1
TXN_007598,631.09,bank_decline,alternate_payment,0.2257048396336832,142.44006724442113,631.09,1
TXN_007599,4886.83,network_error,retry,0.7306532178416065,3570.578064544898,0.0,0
TXN_007600,2332.58,network_error,retry_later,0.5305050813939063,1237.445542757798,2332.58,1
TXN_007601,1589.42,network_error,retry,0.7185691417265823,1142.1081652430644,1589.42,1
TXN_007602,1086.71,limit_exceeded,alternate_payment,0.32454033314528413,352.68122543231175,1086.71,1
TXN_007603,2937.63,card_expired,customer_followup,0.26026102919706184,764.5506072001648,2937.63,1
TXN_007604,773.48,insufficient_funds,retry_later,0.5945199062840691,459.84925711260183,0.0,0
TXN_007605,2454.47,card_expired,customer_followup,0.6270337079799471,1539.0354252255406,2454.47,1
TXN_007606,870.22,insufficient_funds,retry_later,0.8022457042870088,698.1302567846408,870.22,1
TXN_007607,736.82,bank_decline,alternate_payment,0.3069930713359868,226.1986348217818,736.82,1
TXN_007608,955.77,authentication_failed,customer_followup,0.3036825229521689,290.25064496199445,955.77,1
TXN_007609,1242.14,card_expired,customer_followup,0.4879601054223394,606.1147653493048,1242.14,1
TXN_007610,1721.88,network_error,retry,0.6824769612700907,1175.143430071744,1721.88,1
TXN_007611,2288.05,insufficient_funds,retry_later,0.4605692978618764,1053.8055819728663,2288.05,1
TXN_007612,45.22,network_error,retry,0.8796907831335958,39.7796172133012,45.22,1
TXN_007613,806.21,card_expired,customer_followup,0.27051790691838346,218.09424173666994,0.0,0
TXN_007614,1222.23,bank_decline,alternate_payment,0.7887635071149413,964.0504213010946,1222.23,1
TXN_007615,8144.21,bank_decline,alternate_payment,0.20477064759364255,1667.6951558386197,8144.21,1
TXN_007616,614.0,insufficient_funds,retry_later,0.42244066358980514,259.37856744414034,614.0,1
TXN_007617,2127.7,network_error,retry_later,0.6683426338033547,1422.0326219433975,2127.7,1
TXN_007618,8062.91,authentication_failed,customer_followup,0.3220052897110462,2596.2996704640914,0.0,0
TXN_007619,486.4,limit_exceeded,alternate_payment,0.3568821498240523,173.58747767441903,0.0,0
TXN_007620,2681.08,insufficient_funds,retry_later,0.7437808769540784,1994.1360335840404,2681.08,1
TXN_007621,810.56,bank_decline,alternate_payment,0.5008884080633604,406.0001080398374,0.0,0
TXN_007622,1091.56,insufficient_funds,retry_later,0.7970370213557644,870.0137310310981,1091.56,1
TXN_007623,809.88,bank_decline,alternate_payment,0.7144405727162801,578.611131031461,809.88,1
TXN_007624,869.7,limit_exceeded,alternate_payment,0.3101611153893089,269.74712205408196,0.0,0
TXN_007625,27499.2,card_expired,customer_followup,0.27388644510080773,7531.658131116132,27499.2,1
TXN_007626,4206.79,card_expired,customer_followup,0.41034140326164487,1726.220111827055,4206.79,1
TXN_007627,5441.11,card_expired,customer_followup,0.4284535255987564,2331.2627626706494,0.0,0
TXN_007628,2957.19,limit_exceeded,alternate_payment,0.7284772354376772,2154.245595863945,2957.19,1
TXN_007629,362.76,bank_decline,alternate_payment,0.5540157139681756,200.9747403990954,0.0,0
TXN_007630,2683.72,card_expired,customer_followup,0.5357569661695458,1437.8216852485334,2683.72,1
TXN_007631,5286.59,card_expired,customer_followup,0.8668347863825168,4582.6001133419495,5286.59,1
TXN_007632,770.16,authentication_failed,customer_followup,0.2866860907060393,220.7941596181632,0.0,0
TXN_007633,4747.28,authentication_failed,customer_followup,0.615367115066467,2921.3199980127374,4747.28,1
TXN_007634,3656.77,network_error,retry,0.8213504136100442,3003.4895519768015,0.0,0
TXN_007635,11522.31,insufficient_funds,retry_later,0.6676884716242082,7693.31355348033,0.0,0
TXN_007636,1190.61,authentication_failed,customer_followup,0.6191305084110343,737.1429746192615,1190.61,1
TXN_007637,603.28,insufficient_funds,retry_later,0.28853708277735046,174.06865129791998,603.28,1
TXN_007638,1259.38,insufficient_funds,retry_later,0.654912827499014,824.7841166957083,1259.38,1
TXN_007639,7597.47,insufficient_funds,retry_later,0.45552801226548345,3460.8604073466427,7597.47,1
TXN_007640,290.5,network_error,retry_later,0.6454974620378358,187.51701272199128,290.5,1
TXN_007641,228.52,insufficient_funds,retry_later,0.5131729442510612,117.27028122025251,228.52,1
TXN_007642,1977.12,bank_decline,alternate_payment,0.35340905099409237,698.7321029014398,1977.12,1
TXN_007643,1161.43,authentication_failed,customer_followup,0.7787123486590442,904.4198831030737,1161.43,1
TXN_007644,1822.07,bank_decline,alternate_payment,0.6871576191021629,1252.0492830374778,1822.07,1
TXN_007645,4653.21,bank_decline,alternate_payment,0.728201360744493,3388.4738538298825,4653.21,1
TXN_007646,1040.47,limit_exceeded,alternate_payment,0.5022027662311187,522.5269121804921,1040.47,1
TXN_007647,277.83,bank_decline,alternate_payment,0.7746173389166293,215.21193527120712,277.83,1
TXN_007648,13967.4,insufficient_funds,retry_later,0.6936263693986683,9688.15695193896,13967.4,1
TXN_007649,666.99,insufficient_funds,retry_later,0.3532309276574438,235.60149643823843,666.99,1
TXN_007650,627.01,insufficient_funds,retry_later,0.6783278447437345,425.318341932769,627.01,1
TXN_007651,5451.9,card_expired,customer_followup,0.35604498837679505,1941.1216721314488,5451.9,1
TXN_007652,1230.91,insufficient_funds,retry_later,0.4646560232624325,571.9497455939609,1230.91,1
TXN_007653,1696.99,authentication_failed,customer_followup,0.3157013075015409,535.7419618170399,1696.99,1
TXN_007654,2930.09,insufficient_funds,retry_later,0.26000715538594565,761.8443659248055,0.0,0
TXN_007655,5343.22,limit_exceeded,alternate_payment,0.3220944833784624,1721.021685477468,0.0,0
TXN_007656,1295.35,authentication_failed,customer_followup,0.23802544514633436,308.32626037030417,0.0,0
TXN_007657,8266.38,limit_exceeded,alternate_payment,0.41122374455439564,3399.331737509565,0.0,0
TXN_007658,213.62,authentication_failed,customer_followup,0.2832466049977368,60.507139759616535,0.0,0
TXN_007659,3865.27,network_error,retry_later,0.71996565833971,2782.861660210731,3865.27,1
TXN_007660,780.92,card_expired,customer_followup,0.452462249040796,353.33681952093843,780.92,1
TXN_007661,7131.46,limit_exceeded,alternate_payment,0.3735988538203086,2664.305282065378,7131.46,1
TXN_007662,2084.0,insufficient_funds,retry_later,0.7830038554131592,1631.7800346810238,2084.0,1
TXN_007663,922.51,limit_exceeded,alternate_payment,0.5159352793040032,475.955454510736,922.51,1
TXN_007664,3508.14,bank_decline,alternate_payment,0.4084596549386065,1432.933653876323,3508.14,1
TXN_007665,4416.88,insufficient_funds,retry_later,0.8372489517725497,3698.028150105139,4416.88,1
TXN_007666,3435.42,insufficient_funds,retry_later,0.36036317312083166,1237.9988522027675,3435.42,1
TXN_007667,645.68,limit_exceeded,alternate_payment,0.27343414396304083,176.55095807405618,0.0,0
TXN_007668,1114.3,authentication_failed,customer_followup,0.3892064036836524,433.69269562469384,1114.3,1
TXN_007669,1800.69,limit_exceeded,alternate_payment,0.5126264190443148,923.0812665089073,0.0,0
TXN_007670,1734.96,network_error,retry,0.7299849936084519,1266.4947645109198,1734.96,1
TXN_007671,3826.65,limit_exceeded,alternate_payment,0.3845542972519015,1471.554701578989,0.0,0
TXN_007672,241.07,bank_decline,alternate_payment,0.823270107762635,198.46572487833842,241.07,1
TXN_007673,2525.84,limit_exceeded,alternate_payment,0.33249806756722944,839.8369189840108,0.0,0
TXN_007674,1352.92,insufficient_funds,retry_later,0.8070237860699253,1091.8386206497235,1352.92,1
TXN_007675,781.72,limit_exceeded,alternate_payment,0.5715560081749709,446.79676271053825,781.72,1
TXN_007676,860.5,bank_decline,alternate_payment,0.7416480214391272,638.188122448369,860.5,1
TXN_007677,1458.94,bank_decline,alternate_payment,0.43750331285843636,638.2910832616872,1458.94,1
TXN_007678,49.35,authentication_failed,customer_followup,0.6618904830878878,32.66429534038726,0.0,0
TXN_007679,896.69,authentication_failed,customer_followup,0.7811190411205193,700.4216329823586,896.69,1
TXN_007680,753.09,network_error,retry,0.8415039847496677,633.7282358751273,753.09,1
TXN_007681,3080.3,authentication_failed,customer_followup,0.5172170267279677,1593.1836074301589,0.0,0
TXN_007682,807.93,network_error,retry_later,0.5059501611089074,408.77231366471955,0.0,0
TXN_007683,1458.1,limit_exceeded,alternate_payment,0.276705871681285,403.46483149848166,0.0,0
TXN_007684,8453.0,network_error,retry,0.7665097462822945,6479.306885324236,8453.0,1
TXN_007685,4887.09,network_error,retry,0.799214950880509,3905.835394298627,4887.09,1
TXN_007686,4457.18,network_error,retry,0.8419100543292402,3752.544655955203,4457.18,1
TXN_007687,1096.77,network_error,retry_later,0.32030078091149305,351.29628748029825,0.0,0
TXN_007688,3112.04,authentication_failed,customer_followup,0.37342740473672653,1162.1210206368823,3112.04,1
TXN_007689,1430.96,card_expired,customer_followup,0.777040733230263,1111.9142076231772,1430.96,1
TXN_007690,1486.09,bank_decline,alternate_payment,0.29226748622098075,434.33578859813724,0.0,0
TXN_007691,2723.53,authentication_failed,customer_followup,0.30540717219647495,831.7855956922655,2723.53,1
TXN_007692,995.26,insufficient_funds,retry_later,0.7705605469855132,766.9080899928019,0.0,0
TXN_007693,8046.59,card_expired,customer_followup,0.35950407818587615,2892.781920489689,8046.59,1
TXN_007694,1540.51,authentication_failed,customer_followup,0.376468390998805,579.9533210175691,1540.51,1
TXN_007695,3355.52,authentication_failed,customer_followup,0.4156865068364439,1394.8443874198242,0.0,0
TXN_007696,7751.18,insufficient_funds,retry_later,0.5530009738451445,4286.410088449007,7751.18,1
TXN_007697,5072.83,card_expired,customer_followup,0.355066602755168,1801.192514454499,5072.83,1
TXN_007698,441.9,authentication_failed,customer_followup,0.3456365253683366,152.73678056026793,0.0,0
TXN_007699,2821.14,card_expired,customer_followup,0.3889157284858704,1097.1857182606284,2821.14,1
TXN_007700,4233.23,bank_decline,alternate_payment,0.6123488563600332,2592.2135492089833,4233.23,1
TXN_007701,4411.03,insufficient_funds,retry_later,0.7583081239065086,3344.9198837953263,0.0,0
TXN_007702,593.9,authentication_failed,customer_followup,0.7071590506116805,419.98176015827704,593.9,1
TXN_007703,937.26,limit_exceeded,alternate_payment,0.5677960824962358,532.172556280422,937.26,1
TXN_007704,4888.1,insufficient_funds,retry_later,0.4248586459509769,2076.75154727297,4888.1,1
TXN_007705,844.07,limit_exceeded,alternate_payment,0.6364509928322657,537.2091895199305,844.07,1
TXN_007706,1339.84,bank_decline,alternate_payment,0.7603648598705073,1018.7672538489004,1339.84,1
TXN_007707,8741.84,authentication_failed,customer_followup,0.5722101674536879,5002.169730253348,8741.84,1
TXN_007708,1723.65,insufficient_funds,retry_later,0.5155855949972574,888.6891108170228,0.0,0
TXN_007709,874.13,network_error,retry_later,0.3769966118843301,329.5440483464495,0.0,0
TXN_007710,751.73,bank_decline,alternate_payment,0.610403276585304,458.8584551074706,0.0,0
TXN_007711,2521.78,card_expired,customer_followup,0.8124526041844923,2048.826728180369,2521.78,1
TXN_007712,476.68,card_expired,customer_followup,0.370931629552123,176.815689174906,476.68,1
TXN_007713,1411.86,insufficient_funds,retry_later,0.5608045924511584,791.7775718980924,1411.86,1
TXN_007714,2523.07,insufficient_funds,retry_later,0.44956274778505945,1134.2782820540501,2523.07,1
TXN_007715,6628.61,bank_decline,alternate_payment,0.4179311237426637,2770.302426151858,6628.61,1
TXN_007716,3524.69,card_expired,customer_followup,0.39298498745202776,1385.1502554222877,0.0,0
TXN_007717,885.31,insufficient_funds,retry_later,0.38869786080528923,344.1181031495306,885.31,1
TXN_007718,5874.75,network_error,retry,0.9122446810897917,5359.209440232254,5874.75,1
TXN_007719,1340.08,network_error,retry_later,0.5360521369136704,718.3527476352714,1340.08,1
TXN_007720,525.47,authentication_failed,customer_followup,0.62079168094761,326.2074045875406,0.0,0
TXN_007721,1522.27,limit_exceeded,alternate_payment,0.24581249987582254,374.19299418596836,1522.27,1
TXN_007722,7617.24,authentication_failed,customer_followup,0.4892035173758931,3726.380600696348,0.0,0
TXN_007723,2132.9,bank_decline,alternate_payment,0.33294464321101364,710.137629504771,2132.9,1
TXN_007724,1830.82,insufficient_funds,retry_later,0.6601280117934538,1208.575566551691,1830.82,1
TXN_007725,9294.81,bank_decline,alternate_payment,0.25529031296284005,2372.8749538301354,0.0,0
TXN_007726,432.09,bank_decline,alternate_payment,0.3647587460629721,157.6086065863496,432.09,1
TXN_007727,499.9,limit_exceeded,alternate_payment,0.3724627965537918,186.1941519972405,499.9,1
TXN_007728,359.3,network_error,retry_later,0.5640024827530916,202.6460920531858,359.3,1
TXN_007729,2624.51,insufficient_funds,retry_later,0.3061199134802551,803.4147741280643,0.0,0
TXN_007730,2135.58,card_expired,customer_followup,0.4360144441450561,931.1437266272989,2135.58,1
TXN_007731,8456.89,network_error,retry,0.45846328411706266,3877.1735628167457,8456.89,1
TXN_007732,2306.47,insufficient_funds,retry_later,0.34322615597122735,791.6408319629567,2306.47,1
TXN_007733,1206.94,card_expired,customer_followup,0.25155206781298767,303.60825272620735,1206.94,1
TXN_007734,1811.29,limit_exceeded,alternate_payment,0.4819735668845322,872.9939019622843,0.0,0
TXN_007735,2033.89,card_expired,customer_followup,0.36047900284695095,733.1746391003851,2033.89,1
TXN_007736,339.76,authentication_failed,customer_followup,0.6709238476453477,227.95308647598335,339.76,1
TXN_007737,27182.58,card_expired,customer_followup,0.3663590075362763,9958.583031075434,0.0,0
TXN_007738,3040.79,network_error,retry_later,0.5917334296260603,1799.337095472628,3040.79,1
TXN_007739,2230.56,authentication_failed,customer_followup,0.3252035951125564,725.3861311142638,0.0,0
TXN_007740,3344.81,bank_decline,alternate_payment,0.36089492452195115,1207.1249524902673,3344.81,1
TXN_007741,3675.38,bank_decline,alternate_payment,0.3768781840935558,1385.170540253773,3675.38,1
TXN_007742,1570.97,card_expired,customer_followup,0.4473472041376086,702.769037284059,1570.97,1
TXN_007743,961.75,limit_exceeded,alternate_payment,0.8243108702630384,792.7809794754771,961.75,1
TXN_007744,3292.66,card_expired,customer_followup,0.7431146894561427,2446.8240133846625,3292.66,1
TXN_007745,2659.01,network_error,retry,0.9029012421287166,2400.823431832679,2659.01,1
TXN_007746,804.41,card_expired,customer_followup,0.46353394628319144,372.871341729662,804.41,1
TXN_007747,7472.88,limit_exceeded,alternate_payment,0.6441597001926651,4813.728140375763,7472.88,1
TXN_007748,2424.43,insufficient_funds,retry_later,0.7229132794725566,1752.6526421516503,2424.43,1
TXN_007749,3751.16,limit_exceeded,alternate_payment,0.27143194330464654,1018.1846484466579,3751.16,1
TXN_007750,7272.98,network_error,retry_later,0.3025786971110711,2200.6488125148776,0.0,0
TXN_007751,1848.05,bank_decline,alternate_payment,0.31311327124369615,578.6489809219127,1848.05,1
TXN_007752,2482.33,authentication_failed,customer_followup,0.25874791199223823,642.2977043756927,0.0,0
TXN_007753,4064.42,card_expired,customer_followup,0.30802851280287213,1251.9572480062495,4064.42,1
TXN_007754,875.8,card_expired,customer_followup,0.4739577220846838,415.092173001766,875.8,1
TXN_007755,1908.46,authentication_failed,customer_followup,0.4536206843762365,865.7169313046722,1908.46,1
TXN_007756,2049.9,authentication_failed,customer_followup,0.2969437938539168,608.705083021144,0.0,0
TXN_007757,695.02,network_error,retry_later,0.5072879282887115,352.57525591922024,695.02,1
TXN_007758,18354.62,network_error,retry_later,0.559506592580309,10269.53089430639,0.0,0
TXN_007759,442.62,authentication_failed,customer_followup,0.6657665177058723,294.6815760669732,442.62,1
TXN_007760,493.68,authentication_failed,customer_followup,0.3766837382990385,185.96122792346932,493.68,1
TXN_007761,6729.3,card_expired,customer_followup,0.2554338936946155,1718.8913008391762,0.0,0
TXN_007762,3689.57,card_expired,customer_followup,0.4083128478356034,1506.4988339888073,3689.57,1
TXN_007763,648.09,card_expired,customer_followup,0.42771761375079087,277.1995082957501,648.09,1
TXN_007764,3318.57,insufficient_funds,retry_later,0.5225793079221883,1734.2160138913366,3318.57,1
TXN_007765,7846.72,insufficient_funds,retry_later,0.4660293603245512,3656.8019022458625,7846.72,1
TXN_007766,1754.15,bank_decline,alternate_payment,0.7122936317301674,1249.4698740994731,1754.15,1
TXN_007767,24314.37,network_error,retry_later,0.49706118998986454,12085.729686053863,24314.37,1
TXN_007768,322.45,insufficient_funds,retry_later,0.680626834466425,219.46812277369875,322.45,1
TXN_007769,3618.53,network_error,retry_later,0.3363906504235352,1217.239660277075,3618.53,1
TXN_007770,5805.31,card_expired,customer_followup,0.3628221175315597,2106.294867127139,5805.31,1
TXN_007771,4408.74,authentication_failed,customer_followup,0.8628415579718303,3804.0440902927267,4408.74,1
TXN_007772,1473.87,card_expired,customer_followup,0.5050084389622436,744.3167879332818,1473.87,1
TXN_007773,1352.3,authentication_failed,customer_followup,0.5935489988780607,802.6563111828015,1352.3,1
TXN_007774,2819.02,authentication_failed,customer_followup,0.42039712061507645,1185.1078909563128,2819.02,1
TXN_007775,4087.77,bank_decline,alternate_payment,0.370479672183395,1514.4356895611165,4087.77,1
TXN_007776,3302.63,network_error,retry_later,0.7007724075155686,2314.3919762331425,3302.63,1
TXN_007777,5115.64,authentication_failed,customer_followup,0.3725575305654073,1905.8702056616203,5115.64,1
TXN_007778,652.71,insufficient_funds,retry_later,0.6737863660096963,439.7870989581889,652.71,1
TXN_007779,1439.76,insufficient_funds,retry_later,0.6721082943096354,967.6746378152407,0.0,0
TXN_007780,706.26,card_expired,customer_followup,0.33120722569901306,233.91841522218496,706.26,1
TXN_007781,1228.92,limit_exceeded,alternate_payment,0.5399337496538725,663.5353836246371,1228.92,1
TXN_007782,4990.15,card_expired,customer_followup,0.3339505021479908,1666.4630982937963,4990.15,1
TXN_007783,2014.21,bank_decline,alternate_payment,0.29307255705968743,590.3096751551931,0.0,0
TXN_007784,24510.56,bank_decline,alternate_payment,0.4275351512476222,10479.125976763919,24510.56,1
TXN_007785,2193.83,card_expired,customer_followup,0.5763312874562165,1264.3728683600714,0.0,0
TXN_007786,1919.25,bank_decline,alternate_payment,0.33882746658732993,650.294615247733,1919.25,1
TXN_007787,2010.59,authentication_failed,customer_followup,0.7000737034176319,1407.5611873544565,2010.59,1
TXN_007788,955.46,card_expired,customer_followup,0.2752068805915997,262.94916613004983,0.0,0
TXN_007789,1706.44,bank_decline,alternate_payment,0.23721962069615232,404.80104954074216,1706.44,1
TXN_007790,5584.71,insufficient_funds,retry_later,0.5153845344602174,2878.2731634453207,5584.71,1
TXN_007791,2026.31,bank_decline,alternate_payment,0.797534073207469,1616.0512678810267,2026.31,1
TXN_007792,817.74,card_expired,customer_followup,0.26434371078054664,216.1644260536842,817.74,1
TXN_007793,716.88,insufficient_funds,retry_later,0.49534325519732525,355.1016727858585,716.88,1
TXN_007794,1152.63,limit_exceeded,alternate_payment,0.4806136354803995,553.9696946637729,1152.63,1
TXN_007795,1946.65,limit_exceeded,alternate_payment,0.7811560174728923,1520.637361413606,1946.65,1
TXN_007796,5964.54,limit_exceeded,alternate_payment,0.32571330203802784,1942.7300185378986,5964.54,1
TXN_007797,473.2,authentication_failed,customer_followup,0.32232104160264874,152.52231688637337,0.0,0
TXN_007798,1313.14,network_error,retry,0.9086720314780451,1193.2135914150801,1313.14,1
TXN_007799,2088.73,bank_decline,alternate_payment,0.5756102189754471,1202.2943326805855,2088.73,1
TXN_007800,288.96,limit_exceeded,alternate_payment,0.3262979632710753,94.28705946680991,288.96,1
TXN_007801,785.56,bank_decline,alternate_payment,0.4175317111924563,327.99621104434596,785.56,1
TXN_007802,916.09,network_error,retry,0.6357414104442792,582.3963486938998,916.09,1
TXN_007803,815.69,network_error,retry,0.8674640348284568,707.581738569224,0.0,0
TXN_007804,2190.51,card_expired,customer_followup,0.8128924391684813,1780.64901692295,2190.51,1
TXN_007805,1539.85,authentication_failed,customer_followup,0.3146503521156509,484.514344705285,1539.85,1
TXN_007806,1037.65,limit_exceeded,alternate_payment,0.42998383496205494,446.17272634837633,1037.65,1
TXN_007807,2773.77,card_expired,customer_followup,0.2579296735630667,715.4375906390275,0.0,0
TXN_007808,10128.16,insufficient_funds,retry_later,0.7295495427737012,7388.9944971388895,0.0,0
TXN_007809,9313.84,card_expired,customer_followup,0.8229414616359404,7664.745103043288,9313.84,1
TXN_007810,264.34,network_error,retry,0.7055242162715735,186.49827132922772,264.34,1
TXN_007811,3219.79,authentication_failed,customer_followup,0.5195826579028252,1672.9470460889374,3219.79,1
TXN_007812,1513.19,limit_exceeded,alternate_payment,0.6679186646400224,1010.6878441466355,1513.19,1
TXN_007813,2111.5,card_expired,customer_followup,0.5669929874756354,1197.2056930548042,2111.5,1
TXN_007814,1214.05,insufficient_funds,retry_later,0.321858813344656,390.7526923410796,1214.05,1
TXN_007815,2033.65,network_error,retry,0.8136439078937938,1654.6669332882138,2033.65,1
TXN_007816,2103.6,bank_decline,alternate_payment,0.31405402471068905,660.6440463814055,2103.6,1
TXN_007817,1013.38,network_error,retry,0.7721699426008359,782.5015764328351,1013.38,1
TXN_007818,737.77,insufficient_funds,retry_later,0.5115253272824976,377.3880407092082,0.0,0
TXN_007819,1154.36,limit_exceeded,alternate_payment,0.27016430681109804,311.86686921045913,0.0,0
TXN_007820,2285.32,card_expired,customer_followup,0.7825549928836555,1788.3885763368758,2285.32,1
TXN_007821,3291.16,card_expired,customer_followup,0.35061886961066535,1153.9427989078374,3291.16,1
TXN_007822,4244.37,card_expired,customer_followup,0.537576634218312,2281.674138977177,4244.37,1
TXN_007823,1103.02,bank_decline,alternate_payment,0.31635351162443454,348.94425039198376,1103.02,1
TXN_007824,2401.49,insufficient_funds,retry_later,0.6486441668502683,1557.7124802492506,2401.49,1
TXN_007825,4733.89,authentication_failed,customer_followup,0.2191713353645034,1037.5329927686691,4733.89,1
TXN_007826,5799.89,bank_decline,alternate_payment,0.770566365079883,4469.200155163163,5799.89,1
TXN_007827,1704.74,network_error,retry_later,0.6170405502720593,1051.8937076707903,0.0,0
TXN_007828,1449.64,insufficient_funds,retry_later,0.5511000723280896,798.8967088496918,1449.64,1
TXN_007829,2188.83,insufficient_funds,retry_later,0.686070189012814,1501.6910118169176,2188.83,1
TXN_007830,572.66,authentication_failed,customer_followup,0.29514313945235215,169.01667023878397,572.66,1
TXN_007831,1489.79,limit_exceeded,alternate_payment,0.30714104396410835,457.575655887289,1489.79,1
TXN_007832,3806.96,limit_exceeded,alternate_payment,0.4867642345887855,1853.0919705101228,3806.96,1
TXN_007833,3435.6,insufficient_funds,retry_later,0.6920629062511998,2377.651320716622,3435.6,1
TXN_007834,1379.85,network_error,retry_later,0.39149440193975654,540.203550516573,0.0,0
TXN_007835,2247.82,bank_decline,alternate_payment,0.7018207379665232,1577.5666912159104,2247.82,1
TXN_007836,792.62,network_error,retry_later,0.6533486562738227,517.8572119357573,792.62,1
TXN_007837,3653.69,limit_exceeded,alternate_payment,0.587574269322209,2146.814232079862,3653.69,1
TXN_007838,1672.67,limit_exceeded,alternate_payment,0.3725337892730713,623.1260933033882,1672.67,1
TXN_007839,1372.03,limit_exceeded,alternate_payment,0.28772720102557986,394.7703516231263,1372.03,1
TXN_007840,1259.26,network_error,retry,0.7648559758959175,963.1525362066931,1259.26,1
TXN_007841,1697.83,insufficient_funds,retry_later,0.4659832657773504,791.1603681347588,1697.83,1
TXN_007842,1155.31,bank_decline,alternate_payment,0.8413717438464273,972.0451893832159,1155.31,1
TXN_007843,3491.7,limit_exceeded,alternate_payment,0.4674241339675038,1632.104848574333,3491.7,1
TXN_007844,1217.7,limit_exceeded,alternate_payment,0.49634533888784127,604.3997191637243,1217.7,1
TXN_007845,8892.51,limit_exceeded,alternate_payment,0.2844369214682307,2529.358168525456,0.0,0
TXN_007846,7826.03,limit_exceeded,alternate_payment,0.7347397591606892,5750.095397384329,7826.03,1
TXN_007847,741.34,authentication_failed,customer_followup,0.3864868798992013,286.51818354447386,0.0,0
TXN_007848,1938.57,network_error,retry,0.592640984784994,1148.8760338746458,1938.57,1
TXN_007849,943.26,card_expired,customer_followup,0.594743824670414,560.9980600586147,943.26,1
TXN_007850,1304.21,limit_exceeded,alternate_payment,0.3836201224397699,500.3211998871723,1304.21,1
TXN_007851,13392.2,bank_decline,alternate_payment,0.6612089545224505,8855.042560755563,13392.2,1
TXN_007852,1329.33,insufficient_funds,retry_later,0.644739027205405,857.070931034961,1329.33,1
TXN_007853,2592.11,network_error,retry_later,0.47817590799040144,1239.4845528609994,0.0,0
TXN_007854,3106.72,network_error,retry,0.8305376532164126,2580.2479380004934,3106.72,1
TXN_007855,664.72,network_error,retry_later,0.4903232952946468,325.92770084825764,664.72,1
TXN_007856,768.86,network_error,retry,0.9077298991283919,697.9172102438554,768.86,1
TXN_007857,541.3,network_error,retry,0.7657169245289153,414.4825712475018,541.3,1
TXN_007858,745.48,limit_exceeded,alternate_payment,0.6341887685558452,472.77504318301146,745.48,1
TXN_007859,104.58,network_error,retry_later,0.6220025919543093,65.04903106658166,104.58,1
TXN_007860,3116.86,authentication_failed,customer_followup,0.32761052804054763,1021.1161504284613,3116.86,1
TXN_007861,14103.72,limit_exceeded,alternate_payment,0.40801647148786635,5754.55006925285,14103.72,1
TXN_007862,2096.07,limit_exceeded,alternate_payment,0.7982799737552715,1673.250704589212,2096.07,1
TXN_007863,438.66,limit_exceeded,alternate_payment,0.27437925044682254,120.35920200100318,438.66,1
TXN_007864,950.72,card_expired,customer_followup,0.28248440043355266,268.5635691801872,0.0,0
TXN_007865,1142.67,authentication_failed,customer_followup,0.6563413544505678,749.9815754900304,1142.67,1
TXN_007866,653.55,authentication_failed,customer_followup,0.36755072021833374,240.212773198692,0.0,0
TXN_007867,4273.48,limit_exceeded,alternate_payment,0.4308854664232368,1841.3804230503738,4273.48,1
TXN_007868,4065.37,limit_exceeded,alternate_payment,0.25456062306654326,1034.883120196033,4065.37,1
TXN_007869,569.38,limit_exceeded,alternate_payment,0.4974342547108398,283.229115947258,569.38,1
TXN_007870,3733.42,network_error,retry_later,0.5513249102718145,2058.3274465069976,3733.42,1
TXN_007871,8323.29,network_error,retry_later,0.6008525237840506,5001.069802686551,0.0,0
TXN_007872,12119.34,network_error,retry,0.8456023205482612,10248.142027513364,12119.34,1
TXN_007873,31736.16,bank_decline,alternate_payment,0.763122567662752,24218.57990695592,0.0,0
TXN_007874,733.63,insufficient_funds,retry_later,0.31283217070433,229.50306539381762,0.0,0
TXN_007875,30461.55,insufficient_funds,retry_later,0.46000541403441864,14012.477919880144,30461.55,1
TXN_007876,1268.76,card_expired,customer_followup,0.3444499823363252,437.02435958903595,1268.76,1
TXN_007877,999.78,authentication_failed,customer_followup,0.6819950422156937,681.8450033064063,999.78,1
TXN_007878,2507.58,authentication_failed,customer_followup,0.36419053518440797,913.2369022177177,2507.58,1
TXN_007879,1010.24,card_expired,customer_followup,0.24345585272089273,245.94884065275468,0.0,0
TXN_007880,2694.71,card_expired,customer_followup,0.6240377386500692,1681.6007347177278,2694.71,1
TXN_007881,482.95,bank_decline,alternate_payment,0.3713612718902222,179.3489262593828,482.95,1
TXN_007882,1424.03,card_expired,customer_followup,0.30798815825474457,438.5843769995039,1424.03,1
TXN_007883,6539.28,card_expired,customer_followup,0.7211665242737751,4715.909828853012,6539.28,1
TXN_007884,1707.76,card_expired,customer_followup,0.34115962151038254,582.6187552305709,0.0,0
TXN_007885,2083.07,network_error,retry,0.8401095107008594,1750.0069184556394,2083.07,1
TXN_007886,2908.11,limit_exceeded,alternate_payment,0.7916063809774384,2302.0784325842983,2908.11,1
TXN_007887,5829.35,bank_decline,alternate_payment,0.33608716863504473,1959.1697364826982,5829.35,1
TXN_007888,345.42,limit_exceeded,alternate_payment,0.3345522172891372,115.56102689601377,345.42,1
TXN_007889,3243.88,limit_exceeded,alternate_payment,0.3678071477294073,1193.1222503764698,3243.88,1
TXN_007890,1382.79,limit_exceeded,alternate_payment,0.831514000477464,1149.8092447202325,1382.79,1
TXN_007891,2135.89,network_error,retry,0.5785210604410775,1235.6573477854931,2135.89,1
TXN_007892,5218.42,bank_decline,alternate_payment,0.867230499335524,4525.572982342485,5218.42,1
TXN_007893,547.75,insufficient_funds,retry_later,0.6691023862950639,366.50083209312123,547.75,1
TXN_007894,656.78,authentication_failed,customer_followup,0.26147860242676024,171.73391650184757,656.78,1
TXN_007895,261.01,authentication_failed,customer_followup,0.37098627722551636,96.83112821863202,261.01,1
TXN_007896,1044.03,insufficient_funds,retry_later,0.4212257561570877,439.77232620068423,0.0,0
TXN_007897,6839.24,card_expired,customer_followup,0.2331397891927516,1594.4989718386344,0.0,0
TXN_007898,1602.65,insufficient_funds,retry_later,0.3542692349516013,567.7695893951839,1602.65,1
TXN_007899,473.37,bank_decline,alternate_payment,0.811935109872852,384.345722960512,473.37,1
TXN_007900,1112.45,insufficient_funds,retry_later,0.7422717826396731,825.7402445975043,0.0,0
TXN_007901,408.36,authentication_failed,customer_followup,0.3636961119857507,148.51894429050117,408.36,1
TXN_007902,586.88,authentication_failed,customer_followup,0.41128847332989893,241.37697922785108,586.88,1
TXN_007903,2667.29,card_expired,customer_followup,0.4661052193381424,1243.2377904884338,2667.29,1
TXN_007904,558.99,insufficient_funds,retry_later,0.6002844920690792,335.5530282216946,558.99,1
TXN_007905,5500.72,card_expired,customer_followup,0.5427202466842449,2985.3521153409597,5500.72,1
TXN_007906,1683.92,network_error,retry_later,0.6454437322780084,1086.875609657584,0.0,0
TXN_007907,1969.62,bank_decline,alternate_payment,0.6917485852845244,1362.4818485481048,1969.62,1
TXN_007908,1368.71,limit_exceeded,alternate_payment,0.3680297975802683,503.7260642460891,0.0,0
TXN_007909,3916.09,card_expired,customer_followup,0.6823695945323551,2672.220745452211,3916.09,1
TXN_007910,3956.68,authentication_failed,customer_followup,0.7034666156342991,2783.3922887479184,3956.68,1
TXN_007911,2527.67,limit_exceeded,alternate_payment,0.4888540734910922,1235.661775941229,0.0,0
TXN_007912,3180.49,bank_decline,alternate_payment,0.6056427822102105,1926.2408123917523,3180.49,1
TXN_007913,1462.51,limit_exceeded,alternate_payment,0.3216549856669509,470.4236330877723,1462.51,1
TXN_007914,3109.46,network_error,retry,0.7463168673100102,2320.6424462257846,3109.46,1
TXN_007915,1289.64,insufficient_funds,retry_later,0.45162162042803533,582.4293065688115,1289.64,1
TXN_007916,1812.08,network_error,retry,0.6193280487007922,1122.2719704897315,1812.08,1
TXN_007917,1373.83,insufficient_funds,retry_later,0.8432853417355135,1158.5307010365004,1373.83,1
TXN_007918,1144.57,insufficient_funds,retry_later,0.5794726760503406,663.2470408269382,1144.57,1
TXN_007919,907.68,card_expired,customer_followup,0.7160266941311697,649.9231097289801,907.68,1
TXN_007920,2886.18,bank_decline,alternate_payment,0.7169555737239943,2069.262837770718,2886.18,1
TXN_007921,6704.98,limit_exceeded,alternate_payment,0.5302336619937251,3555.2060989946867,6704.98,1
TXN_007922,5831.92,bank_decline,alternate_payment,0.6077158407091213,3544.150165748339,0.0,0
TXN_007923,514.62,network_error,retry_later,0.40666564406706884,209.27827374979498,514.62,1
TXN_007924,6563.0,authentication_failed,customer_followup,0.3397215817752662,2229.592741191072,6563.0,1
TXN_007925,1315.33,network_error,retry_later,0.5811722512027611,764.4332971745276,0.0,0
TXN_007926,3296.88,network_error,retry,0.7385739064994636,2434.989540859952,3296.88,1
TXN_007927,730.54,card_expired,customer_followup,0.3394765225066285,248.0011787519924,0.0,0
TXN_007928,2083.87,limit_exceeded,alternate_payment,0.4450025305993482,927.3274234400636,0.0,0
TXN_007929,2474.33,authentication_failed,customer_followup,0.40688484711542083,1006.7673837630992,2474.33,1
TXN_007930,409.69,card_expired,customer_followup,0.4581045310918269,187.68084534301056,409.69,1
TXN_007931,3321.82,bank_decline,alternate_payment,0.46328373953116636,1538.945191649419,0.0,0
TXN_007932,6946.1,card_expired,customer_followup,0.5375298536199675,3733.7361162296565,6946.1,1
TXN_007933,1518.31,limit_exceeded,alternate_payment,0.5248039240436397,796.8150459146987,1518.31,1
TXN_007934,7045.67,network_error,retry_later,0.6396498868104048,4506.762018003465,7045.67,1
TXN_007935,1495.64,bank_decline,alternate_payment,0.6329208143366647,946.6216867544892,1495.64,1
TXN_007936,4228.42,card_expired,customer_followup,0.31472166598369905,1330.7753868787927,4228.42,1
TXN_007937,196.65,insufficient_funds,retry_later,0.6046922227491569,118.91272560362171,196.65,1
TXN_007938,20308.15,network_error,retry_later,0.7082030550725167,14382.29387287093,20308.15,1
TXN_007939,8066.37,network_error,retry,0.9259422186871957,7468.992534551835,8066.37,1
TXN_007940,1360.18,card_expired,customer_followup,0.7656322812349776,1041.397716290192,1360.18,1
TXN_007941,251.62,authentication_failed,customer_followup,0.31191605692569147,78.48431824364249,251.62,1
TXN_007942,2411.56,limit_exceeded,alternate_payment,0.30206892480042263,728.4573362917072,2411.56,1
TXN_007943,426.7,insufficient_funds,retry_later,0.49180818128039683,209.85455095234533,0.0,0
TXN_007944,2821.02,card_expired,customer_followup,0.3013730824101931,850.179492940803,2821.02,1
TXN_007945,2728.66,network_error,retry_later,0.5856879653156162,1598.143323438109,2728.66,1
TXN_007946,705.28,limit_exceeded,alternate_payment,0.5069863917139246,357.5673623479967,705.28,1
TXN_007947,5546.75,network_error,retry_later,0.6378034248286679,3537.7361466684138,5546.75,1
TXN_007948,4046.37,network_error,retry_later,0.5407362226347582,2188.018829182606,0.0,0
TXN_007949,4797.37,limit_exceeded,alternate_payment,0.40668616359153764,1951.024000629135,0.0,0
TXN_007950,1824.13,limit_exceeded,alternate_payment,0.4954075416121718,903.6877588810111,1824.13,1
TXN_007951,438.99,limit_exceeded,alternate_payment,0.49979335866471725,219.40428652022422,0.0,0
TXN_007952,4807.21,card_expired,customer_followup,0.34853123973747985,1675.4628609784106,4807.21,1
TXN_007953,1379.71,bank_decline,alternate_payment,0.5889563614378266,812.5889814393837,1379.71,1
TXN_007954,450.44,limit_exceeded,alternate_payment,0.5071584155771844,228.44443671258696,450.44,1
TXN_007955,6988.63,authentication_failed,customer_followup,0.8045493576631819,5622.697777445643,6988.63,1
TXN_007956,14756.04,card_expired,customer_followup,0.3338519953381225,4926.33339728915,14756.04,1
TXN_007957,1734.98,card_expired,customer_followup,0.5347187878540982,927.7264025511033,1734.98,1
TXN_007958,15664.01,network_error,retry_later,0.5498628221638217,8613.056745002325,0.0,0
TXN_007959,1980.92,authentication_failed,customer_followup,0.7647622839064303,1514.932903435926,1980.92,1
TXN_007960,1235.89,network_error,retry,0.6481718627028537,801.0691233958298,1235.89,1
TXN_007961,962.51,insufficient_funds,retry_later,0.7323834876446651,704.9264306928666,0.0,0
TXN_007962,9293.61,insufficient_funds,retry_later,0.37345550119196835,3470.749780432689,9293.61,1
TXN_007963,828.7,network_error,retry_later,0.530076927418129,439.2747497514035,828.7,1
TXN_007964,3771.66,insufficient_funds,retry_later,0.2742078940035301,1034.2189454973543,3771.66,1
TXN_007965,1033.63,insufficient_funds,retry_later,0.6575512133069275,679.6646606104395,1033.63,1
TXN_007966,1141.04,network_error,retry,0.8252777147700396,941.674883661206,1141.04,1
TXN_007967,5065.71,insufficient_funds,retry_later,0.6333293371501195,3208.262756494732,5065.71,1
TXN_007968,1236.4,bank_decline,alternate_payment,0.27314800061896155,337.7201879652841,1236.4,1
TXN_007969,1206.17,network_error,retry,0.7521054418952768,907.1670208508261,1206.17,1
TXN_007970,5612.8,bank_decline,alternate_payment,0.5927136531003503,3326.783192121646,0.0,0
TXN_007971,8932.02,card_expired,customer_followup,0.7321173220959971,6539.286563307888,0.0,0
TXN_007972,3445.04,bank_decline,alternate_payment,0.43306408339212976,1491.9230898492226,3445.04,1
TXN_007973,939.39,limit_exceeded,alternate_payment,0.5182270860150441,486.81734233167225,939.39,1
TXN_007974,1085.06,limit_exceeded,alternate_payment,0.807600178236431,876.2946493972219,1085.06,1
TXN_007975,1958.46,card_expired,customer_followup,0.41228090735841455,807.4356658251605,1958.46,1
TXN_007976,2492.22,limit_exceeded,alternate_payment,0.30296570152255575,755.0571806485439,2492.22,1
TXN_007977,673.26,authentication_failed,customer_followup,0.31440461468677317,211.6760508840169,0.0,0
TXN_007978,3725.8,insufficient_funds,retry_later,0.4184885970619341,1559.204814933354,3725.8,1
TXN_007979,1969.46,authentication_failed,customer_followup,0.6883734428387739,1355.7239607332517,1969.46,1
TXN_007980,325.15,insufficient_funds,retry_later,0.39434314973465534,128.22067513622318,0.0,0
TXN_007981,714.14,card_expired,customer_followup,0.5282850025897056,377.2694517494123,714.14,1
TXN_007982,1092.11,network_error,retry_later,0.5693297565522732,621.7707204283031,1092.11,1
TXN_007983,1681.0,insufficient_funds,retry_later,0.4879021978439999,820.1635945757638,0.0,0
TXN_007984,11959.47,bank_decline,alternate_payment,0.6687703851289478,7998.139357838098,11959.47,1
TXN_007985,2294.27,limit_exceeded,alternate_payment,0.46215828297685413,1060.3158838853071,2294.27,1
TXN_007986,779.95,card_expired,customer_followup,0.5483325421437936,427.6719662450518,0.0,0
TXN_007987,2254.38,bank_decline,alternate_payment,0.6184114109725809,1394.134316668367,2254.38,1
TXN_007988,1271.45,insufficient_funds,retry_later,0.8418515191952908,1070.3721140808525,1271.45,1
TXN_007989,2501.78,limit_exceeded,alternate_payment,0.26598608481241043,665.4386672619922,0.0,0
TXN_007990,3231.07,limit_exceeded,alternate_payment,0.644205921443749,2081.474426599254,0.0,0
TXN_007991,6058.58,card_expired,customer_followup,0.8723897195423356,5285.442907024803,6058.58,1
TXN_007992,1764.66,bank_decline,alternate_payment,0.818660672124603,1444.657741671402,1764.66,1
TXN_007993,9311.08,card_expired,customer_followup,0.41086912862878977,3825.6353261929517,9311.08,1
TXN_007994,4482.89,card_expired,customer_followup,0.3673196307914278,1646.653499678584,4482.89,1
TXN_007995,891.19,insufficient_funds,retry_later,0.688265848352654,613.3756413934018,891.19,1
TXN_007996,16479.22,insufficient_funds,retry_later,0.4958460118454753,8171.155515324193,16479.22,1
TXN_007997,2507.38,authentication_failed,customer_followup,0.6723737211899179,1685.8964210371764,2507.38,1
TXN_007998,784.37,network_error,retry_later,0.4616270779331264,362.0864311184064,784.37,1
TXN_007999,9441.91,insufficient_funds,retry_later,0.5734320706283476,5414.294001986501,0.0,0
TXN_008000,14440.29,network_error,retry_later,0.6417276872725699,9266.733905245219,14440.29,1
TXN_008001,1749.31,network_error,retry_later,0.7455979908652792,1304.2820214005415,0.0,0
TXN_008002,1092.64,card_expired,customer_followup,0.43630333063021176,476.72247117979464,0.0,0
TXN_008003,1521.76,insufficient_funds,retry_later,0.7204822701187893,1096.401099375969,1521.76,1
TXN_008004,3694.98,network_error,retry_later,0.46004708880059075,1699.8647921764068,0.0,0
TXN_008005,6488.95,authentication_failed,customer_followup,0.377667080324992,2450.662800874857,6488.95,1
TXN_008006,3198.66,bank_decline,alternate_payment,0.33807337895269224,1081.3817943208185,3198.66,1
TXN_008007,2001.64,network_error,retry_later,0.4904831888200951,981.7707700698552,0.0,0
TXN_008008,8086.99,bank_decline,alternate_payment,0.45546928653290714,3683.3755654987544,8086.99,1
TXN_008009,1322.35,authentication_failed,customer_followup,0.4059601952745733,536.8214642213319,1322.35,1
TXN_008010,5069.1,bank_decline,alternate_payment,0.5811611578460767,2945.9640252375475,5069.1,1
TXN_008011,1355.52,limit_exceeded,alternate_payment,0.48044696655349045,651.2554721025874,0.0,0
TXN_008012,2782.27,authentication_failed,customer_followup,0.2633883919320888,732.8176212208926,2782.27,1
TXN_008013,1613.95,insufficient_funds,retry_later,0.5304155572861629,856.0641886820025,0.0,0
TXN_008014,1709.83,limit_exceeded,alternate_payment,0.5665300830600516,968.670131918568,1709.83,1
TXN_008015,1239.69,insufficient_funds,retry_later,0.5632831672998448,698.2965096699447,0.0,0
TXN_008016,6938.59,network_error,retry_later,0.514801462397634,3571.9962789775996,0.0,0
TXN_008017,868.77,card_expired,customer_followup,0.34494126627176847,299.67462389892427,868.77,1
TXN_008018,862.44,insufficient_funds,retry_later,0.803882149691014,693.3001211795182,862.44,1
TXN_008019,15078.02,insufficient_funds,retry_later,0.6545462267488573,9869.261097843806,15078.02,1
TXN_008020,4807.09,insufficient_funds,retry_later,0.7042846448421134,3385.559673374075,0.0,0
TXN_008021,166.48,insufficient_funds,retry_later,0.35717203819850063,59.46200091928638,166.48,1
TXN_008022,1027.35,limit_exceeded,alternate_payment,0.3262605068713055,335.18373173423566,0.0,0
TXN_008023,295.31,authentication_failed,customer_followup,0.43993632944762134,129.91759744917707,0.0,0
TXN_008024,698.76,limit_exceeded,alternate_payment,0.4871193409298158,340.3795106681181,698.76,1
TXN_008025,78.37,network_error,retry_later,0.6774767038399733,53.09384927993871,78.37,1
TXN_008026,1576.58,limit_exceeded,alternate_payment,0.27716533579050395,436.9733251005927,1576.58,1
TXN_008027,577.12,authentication_failed,customer_followup,0.6894315443991152,397.8847329036174,577.12,1
TXN_008028,1919.66,insufficient_funds,retry_later,0.44646072473073445,857.0527948366017,1919.66,1
TXN_008029,355.98,authentication_failed,customer_followup,0.2733941542616978,97.32285103407918,355.98,1
TXN_008030,1964.34,card_expired,customer_followup,0.30131282723717023,591.880839055063,0.0,0
TXN_008031,1194.02,card_expired,customer_followup,0.5519492112054938,659.0383971635837,1194.02,1
TXN_008032,8118.92,insufficient_funds,retry_later,0.5624046749865412,4566.118563841729,0.0,0
TXN_008033,7415.72,network_error,retry_later,0.6132826751180352,4547.932599526316,7415.72,1
TXN_008034,3965.33,limit_exceeded,alternate_payment,0.3510793780438244,1392.1455901385182,3965.33,1
TXN_008035,1304.25,bank_decline,alternate_payment,0.5860969189687355,764.4169065649733,0.0,0
TXN_008036,13165.83,network_error,retry,0.732252285157924,9640.70910350075,13165.83,1
TXN_008037,382.59,card_expired,customer_followup,0.5039079014432465,192.79012401317166,382.59,1
TXN_008038,444.27,card_expired,customer_followup,0.8297820204443163,368.6472582227964,444.27,1
TXN_008039,1662.73,network_error,retry,0.9236731865173949,1535.8191174180681,1662.73,1
TXN_008040,17223.64,insufficient_funds,retry_later,0.3997103267129171,6884.466771585668,0.0,0
TXN_008041,1476.84,authentication_failed,customer_followup,0.4471322542714735,660.3427983982829,0.0,0
TXN_008042,1505.31,card_expired,customer_followup,0.5323381486081967,801.3339384814046,1505.31,1
TXN_008043,427.56,card_expired,customer_followup,0.2428242857223787,103.82195160346025,427.56,1
TXN_008044,4656.08,bank_decline,alternate_payment,0.6716289509130506,3127.158125767237,4656.08,1
TXN_008045,4689.95,authentication_failed,customer_followup,0.34635404450818463,1624.3831510411605,4689.95,1
TXN_008046,3980.15,network_error,retry_later,0.5046567903249871,2008.6097240119975,3980.15,1
TXN_008047,963.7,card_expired,customer_followup,0.3125257707239724,301.18108524669225,963.7,1
TXN_008048,891.85,limit_exceeded,alternate_payment,0.3625527894804849,323.3427052981705,891.85,1
TXN_008049,496.15,authentication_failed,customer_followup,0.5217870342404731,258.88463703841074,0.0,0
TXN_008050,1966.23,network_error,retry_later,0.6564282805528115,1290.6889780713548,1966.23,1
TXN_008051,613.75,authentication_failed,customer_followup,0.636903337314098,390.8994232765276,613.75,1
TXN_008052,557.01,bank_decline,alternate_payment,0.28896864500385905,160.95842495359952,557.01,1
TXN_008053,1183.59,card_expired,customer_followup,0.3182662539264279,376.69675548478074,0.0,0
TXN_008054,1108.59,card_expired,customer_followup,0.7461983659165243,827.2280464713997,1108.59,1
TXN_008055,1055.77,bank_decline,alternate_payment,0.7016236212220419,740.7531705775951,1055.77,1
TXN_008056,2882.59,bank_decline,alternate_payment,0.7612302029022681,2194.314570584049,2882.59,1
TXN_008057,1956.76,insufficient_funds,retry_later,0.881150931142163,1724.200896021739,1956.76,1
TXN_008058,1355.39,network_error,retry,0.7387573193641332,1001.3042830929527,1355.39,1
TXN_008059,2171.15,card_expired,customer_followup,0.6921147837383729,1502.6850127135683,2171.15,1
TXN_008060,670.8,authentication_failed,customer_followup,0.8616941712260853,578.024450058458,670.8,1
TXN_008061,2008.77,bank_decline,alternate_payment,0.2773864128629423,557.2055045666926,0.0,0
TXN_008062,2101.91,insufficient_funds,retry_later,0.2797810854068144,588.0746612274372,2101.91,1
TXN_008063,402.2,bank_decline,alternate_payment,0.5414019088374142,217.751847734408,0.0,0
TXN_008064,4893.65,bank_decline,alternate_payment,0.4202337657761818,2056.476967890612,4893.65,1
TXN_008065,748.87,limit_exceeded,alternate_payment,0.2905631240343862,217.5940066956308,0.0,0
TXN_008066,1978.93,limit_exceeded,alternate_payment,0.7348076381751426,1454.132879413935,1978.93,1
TXN_008067,5793.04,card_expired,customer_followup,0.6887704316616818,3990.0746614333893,5793.04,1
TXN_008068,4562.73,network_error,retry_later,0.5639651693006655,2573.2207969232254,4562.73,1
TXN_008069,1871.2,limit_exceeded,alternate_payment,0.4174576457712421,781.1467467671482,1871.2,1
TXN_008070,1258.28,card_expired,customer_followup,0.4588360180542682,577.3441847973246,1258.28,1
TXN_008071,4663.46,authentication_failed,customer_followup,0.7096722826410089,3309.5283032050393,4663.46,1
TXN_008072,3549.97,bank_decline,alternate_payment,0.7113910338009992,2525.4168282625333,3549.97,1
TXN_008073,974.22,limit_exceeded,alternate_payment,0.25474230286317295,248.17504629536037,0.0,0
TXN_008074,816.56,authentication_failed,customer_followup,0.34171518834066916,279.0309541914568,816.56,1
TXN_008075,227.61,authentication_failed,customer_followup,0.28046249635634435,63.83606879566754,0.0,0
TXN_008076,2109.13,bank_decline,alternate_payment,0.6572935947976799,1386.3176395956307,2109.13,1
TXN_008077,1664.54,limit_exceeded,alternate_payment,0.5037879125966216,838.5751320335805,1664.54,1
TXN_008078,5631.84,limit_exceeded,alternate_payment,0.331478557612101,1866.834199902135,5631.84,1
TXN_008079,2589.07,network_error,retry_later,0.4379699874765745,1133.934955475975,2589.07,1
TXN_008080,6865.26,authentication_failed,customer_followup,0.24438710540516728,1677.7810192538789,6865.26,1
TXN_008081,900.22,authentication_failed,customer_followup,0.3662469702869506,329.70284759171864,900.22,1
TXN_008082,5642.88,authentication_failed,customer_followup,0.7089163349870808,4000.3298083718987,5642.88,1
TXN_008083,1065.38,limit_exceeded,alternate_payment,0.4796423346317409,511.00135046996417,1065.38,1
TXN_008084,3934.72,bank_decline,alternate_payment,0.6013787007630986,2366.2568014665794,3934.72,1
TXN_008085,420.41,network_error,retry,0.8716142620242526,366.43535189761604,420.41,1
TXN_008086,2287.32,bank_decline,alternate_payment,0.6916890517634494,1582.1142018795733,2287.32,1
TXN_008087,248.47,bank_decline,alternate_payment,0.6190305006470309,153.81050849576778,0.0,0
TXN_008088,1384.18,network_error,retry_later,0.4708692321697211,651.7677737846846,0.0,0
TXN_008089,2808.35,authentication_failed,customer_followup,0.5294479071390663,1486.8750300139968,2808.35,1
TXN_008090,1073.88,insufficient_funds,retry_later,0.7136689066363654,766.3947654586601,0.0,0
TXN_008091,632.43,network_error,retry_later,0.46793926887114823,295.93883181218024,0.0,0
TXN_008092,4213.79,network_error,retry,0.8889364567539836,3745.7915521053683,4213.79,1
TXN_008093,1630.33,card_expired,customer_followup,0.6749582332740267,1100.4046564536438,1630.33,1
TXN_008094,1108.13,limit_exceeded,alternate_payment,0.5556531882642962,615.7359675113146,0.0,0
TXN_008095,1885.4,limit_exceeded,alternate_payment,0.33236318542039284,626.6375497916086,1885.4,1
TXN_008096,25252.21,insufficient_funds,retry_later,0.2635361252787948,6654.869578126434,0.0,0
TXN_008097,5730.18,insufficient_funds,retry_later,0.3511327513847558,2012.0538693299002,5730.18,1
TXN_008098,5782.4,insufficient_funds,retry_later,0.7193762733093114,4159.721362783762,5782.4,1
TXN_008099,2794.89,bank_decline,alternate_payment,0.25257823651658384,705.928387457835,2794.89,1
TXN_008100,2135.56,limit_exceeded,alternate_payment,0.7998742558426368,1708.1794658073015,2135.56,1
TXN_008101,164.67,card_expired,customer_followup,0.4397163891536001,72.40809780192333,0.0,0
TXN_008102,916.92,authentication_failed,customer_followup,0.7313837639489649,670.6204008400848,0.0,0
TXN_008103,1118.14,limit_exceeded,alternate_payment,0.5513130226194596,616.4451431117226,1118.14,1
TXN_008104,277.3,insufficient_funds,retry_later,0.34708826615755917,96.24757620549116,277.3,1
TXN_008105,568.26,authentication_failed,customer_followup,0.3450267631616845,196.06490843425883,0.0,0
TXN_008106,249.43,insufficient_funds,retry_later,0.7112212376414416,177.3999133049048,249.43,1
TXN_008107,1740.06,authentication_failed,customer_followup,0.25255328903379953,439.4578761161532,1740.06,1
TXN_008108,4100.1,bank_decline,alternate_payment,0.5373056913124152,2203.007064950034,4100.1,1
TXN_008109,5468.58,insufficient_funds,retry_later,0.3117936247488633,1705.0683804291389,0.0,0
TXN_008110,2737.46,insufficient_funds,retry_later,0.5580800358849887,1527.721775033721,0.0,0
TXN_008111,689.94,card_expired,customer_followup,0.22991489916037333,158.627485526708,689.94,1
TXN_008112,261.89,authentication_failed,customer_followup,0.6222961158172009,162.97312977136673,261.89,1
TXN_008113,312.04,insufficient_funds,retry_later,0.6777412174933459,211.48236950662368,0.0,0
TXN_008114,508.27,limit_exceeded,alternate_payment,0.7054612959814313,358.56481290848205,508.27,1
TXN_008115,743.33,insufficient_funds,retry_later,0.5241106040560531,389.587135312986,743.33,1
TXN_008116,1541.1,bank_decline,alternate_payment,0.4339668757439795,668.7863522090468,1541.1,1
TXN_008117,655.79,authentication_failed,customer_followup,0.3213715392586991,210.75224173046226,0.0,0
TXN_008118,2537.6,limit_exceeded,alternate_payment,0.6318373490609812,1603.3504569771458,2537.6,1
TXN_008119,1433.29,insufficient_funds,retry_later,0.7939699690110651,1137.9892168838694,1433.29,1
TXN_008120,1827.21,network_error,retry_later,0.5558263950009574,1015.6115472096994,1827.21,1
TXN_008121,5654.75,bank_decline,alternate_payment,0.35064168548311947,1982.7910709856699,5654.75,1
TXN_008122,555.44,authentication_failed,customer_followup,0.3720880272724392,206.67257386820367,555.44,1
TXN_008123,2748.21,card_expired,customer_followup,0.41542685302857185,1141.6802317616514,2748.21,1
TXN_008124,1782.95,network_error,retry,0.9044116737097058,1612.5207936407198,1782.95,1
TXN_008125,1295.32,bank_decline,alternate_payment,0.39290076792201023,508.93222270473825,1295.32,1
TXN_008126,4381.98,insufficient_funds,retry_later,0.2304277111842879,1009.7296218553258,4381.98,1
TXN_008127,4354.71,bank_decline,alternate_payment,0.7477470255189954,3256.2214494978243,4354.71,1
TXN_008128,701.7,limit_exceeded,alternate_payment,0.2841580656130026,199.39371464064394,0.0,0
TXN_008129,1506.94,network_error,retry_later,0.6524975854487616,983.2747114161568,0.0,0
TXN_008130,2395.18,bank_decline,alternate_payment,0.8181684713732325,1959.6607592637388,2395.18,1
TXN_008131,1376.08,network_error,retry_later,0.5911430632430132,813.4601464674456,0.0,0
TXN_008132,3245.49,network_error,retry,0.8748610257679985,2839.3527105197813,3245.49,1
TXN_008133,2395.13,network_error,retry_later,0.5591415989408769,1339.2168178712625,0.0,0
TXN_008134,11300.04,authentication_failed,customer_followup,0.33026013285275696,3731.952711641468,11300.04,1
TXN_008135,391.4,bank_decline,alternate_payment,0.3425586139474408,134.0774414990283,0.0,0
TXN_008136,1599.69,limit_exceeded,alternate_payment,0.5123515370532877,819.6036303087739,1599.69,1
TXN_008137,728.87,authentication_failed,customer_followup,0.49706468540584214,362.2955372517562,728.87,1
TXN_008138,3308.03,card_expired,customer_followup,0.46078125495854677,1524.2782148405215,0.0,0
TXN_008139,358.82,card_expired,customer_followup,0.5374857709330472,192.860644326196,358.82,1
TXN_008140,2556.29,bank_decline,alternate_payment,0.641859992578396,1640.7802804282278,2556.29,1
TXN_008141,962.9,bank_decline,alternate_payment,0.2774260105000037,267.1335055104536,962.9,1
TXN_008142,867.69,insufficient_funds,retry_later,0.5006371360118287,434.39783654610363,0.0,0
TXN_008143,425.6,limit_exceeded,alternate_payment,0.3905995310222736,166.23916040307967,425.6,1
TXN_008144,1135.61,insufficient_funds,retry_later,0.6758003252022592,767.4456073029374,1135.61,1
TXN_008145,5348.12,limit_exceeded,alternate_payment,0.615537498340426,3291.968405624399,0.0,0
TXN_008146,1763.07,authentication_failed,customer_followup,0.5639586661989966,994.2986056154649,1763.07,1
TXN_008147,3386.93,insufficient_funds,retry_later,0.4150169075467153,1405.6332146771963,3386.93,1
TXN_008148,9553.3,card_expired,customer_followup,0.8537032728865365,8155.683476866948,9553.3,1
TXN_008149,2353.73,limit_exceeded,alternate_payment,0.2637868165502369,620.8829437187891,2353.73,1
TXN_008150,1034.01,insufficient_funds,retry_later,0.5101338774564111,527.4835306287036,1034.01,1
TXN_008151,2884.92,limit_exceeded,alternate_payment,0.439680194685635,1268.4421872524822,2884.92,1
TXN_008152,1049.12,card_expired,customer_followup,0.43505242857445753,456.4222038660348,0.0,0
TXN_008153,1091.79,limit_exceeded,alternate_payment,0.35951955146470177,392.5198510936467,1091.79,1
TXN_008154,395.48,authentication_failed,customer_followup,0.8319066314650985,329.00243461181714,0.0,0
TXN_008155,4565.38,network_error,retry_later,0.7095304416973829,3239.276087916398,0.0,0
TXN_008156,1229.05,card_expired,customer_followup,0.3017463422530428,370.86134194610224,1229.05,1
TXN_008157,2169.17,authentication_failed,customer_followup,0.31660411645352304,686.7681512874886,0.0,0
TXN_008158,641.65,bank_decline,alternate_payment,0.4359713671936994,279.7410277598372,641.65,1
TXN_008159,2796.01,card_expired,customer_followup,0.4686480548187774,1310.34464775385,2796.01,1
TXN_008160,843.92,card_expired,customer_followup,0.7195435209187474,607.2371681737493,843.92,1
TXN_008161,1569.15,bank_decline,alternate_payment,0.40435086634274575,634.4871619217196,0.0,0
TXN_008162,4349.54,limit_exceeded,alternate_payment,0.3491217348477806,1518.5189505898156,4349.54,1
TXN_008163,3986.86,network_error,retry,0.84269711637548,3359.715425392746,3986.86,1
TXN_008164,1768.65,insufficient_funds,retry_later,0.24339297176488148,430.47697951195767,1768.65,1
TXN_008165,308.55,card_expired,customer_followup,0.7444947919997171,229.71386807151274,308.55,1
TXN_008166,36055.35,insufficient_funds,retry_later,0.4052139835145463,14610.132000511196,36055.35,1
TXN_008167,10361.57,limit_exceeded,alternate_payment,0.36578200821069257,3790.075882815666,10361.57,1
TXN_008168,3724.45,insufficient_funds,retry_later,0.6395574719545373,2381.9998264210762,3724.45,1
TXN_008169,851.33,card_expired,customer_followup,0.6586055518030018,560.6906644164496,851.33,1
TXN_008170,1613.9,card_expired,customer_followup,0.534026416201204,861.8652331071231,1613.9,1
TXN_008171,1050.04,card_expired,customer_followup,0.2908008241436248,305.3524973837718,0.0,0
TXN_008172,6398.74,limit_exceeded,alternate_payment,0.8302126625034556,5312.314972067361,6398.74,1
TXN_008173,2350.78,authentication_failed,customer_followup,0.5097282730992704,1198.259029836303,2350.78,1
TXN_008174,825.37,bank_decline,alternate_payment,0.6104699677267611,503.8635972626368,825.37,1
TXN_008175,1129.18,insufficient_funds,retry_later,0.6166110912774345,696.2649120486535,1129.18,1
TXN_008176,5547.97,card_expired,customer_followup,0.28197846510766894,1564.4080650633941,5547.97,1
TXN_008177,8956.17,limit_exceeded,alternate_payment,0.5482500777539548,4910.220898877637,8956.17,1
TXN_008178,8335.94,network_error,retry,0.7571244389429256,6311.343895561891,8335.94,1
TXN_008179,3854.64,authentication_failed,customer_followup,0.4583805494239515,1766.8920010315403,3854.64,1
TXN_008180,1404.41,card_expired,customer_followup,0.24710285717143943,347.03372364014126,1404.41,1
TXN_008181,70.7,bank_decline,alternate_payment,0.3613939054215808,25.550549113305763,70.7,1
TXN_008182,2433.68,authentication_failed,customer_followup,0.5071082114932676,1234.1391121469353,2433.68,1
TXN_008183,1804.74,insufficient_funds,retry_later,0.3780545422419611,682.2901545657569,1804.74,1
TXN_008184,2079.71,insufficient_funds,retry_later,0.4677582196536382,972.8014469958679,0.0,0
TXN_008185,1908.17,insufficient_funds,retry_later,0.817190951279307,1559.3392575026353,1908.17,1
TXN_008186,479.98,card_expired,customer_followup,0.7446364200573514,357.41058889912756,479.98,1
TXN_008187,3157.1,authentication_failed,customer_followup,0.4664768433869103,1472.7140422568145,3157.1,1
TXN_008188,3402.33,bank_decline,alternate_payment,0.4380564599033291,1490.4126352228936,0.0,0
TXN_008189,3577.21,bank_decline,alternate_payment,0.7283594900801025,2605.4948515094434,3577.21,1
TXN_008190,4659.1,bank_decline,alternate_payment,0.26192884051873955,1220.3526608608595,4659.1,1
TXN_008191,3307.84,authentication_failed,customer_followup,0.6916725987541801,2287.942289063027,0.0,0
TXN_008192,1199.87,limit_exceeded,alternate_payment,0.45176483029116865,542.0590669214645,1199.87,1
TXN_008193,1684.4,authentication_failed,customer_followup,0.29498002417726926,496.8643527241924,1684.4,1
TXN_008194,1980.54,limit_exceeded,alternate_payment,0.44513985176555027,881.617282015743,1980.54,1
TXN_008195,2013.64,network_error,retry,0.5586661153261521,1124.952436465353,2013.64,1
TXN_008196,4906.02,insufficient_funds,retry_later,0.6031026236758844,2958.8335338063625,4906.02,1
TXN_008197,3441.52,limit_exceeded,alternate_payment,0.4072432228072176,1401.5356961554955,3441.52,1
TXN_008198,14434.02,limit_exceeded,alternate_payment,0.3043604030336938,4393.144144596397,14434.02,1
TXN_008199,16423.51,bank_decline,alternate_payment,0.533838661274306,8767.504591825176,16423.51,1
TXN_008200,1957.94,bank_decline,alternate_payment,0.4428246767955101,867.024147685001,1957.94,1
TXN_008201,38.99,limit_exceeded,alternate_payment,0.5818781793291692,22.68743021204431,38.99,1
TXN_008202,6228.14,authentication_failed,customer_followup,0.5967867545633747,3716.8714575663366,6228.14,1
TXN_008203,1053.24,bank_decline,alternate_payment,0.7686367857320577,809.5590082044325,0.0,0
TXN_008204,811.2,network_error,retry_later,0.4826391152653623,391.5168503032619,811.2,1
TXN_008205,1213.85,bank_decline,alternate_payment,0.8456344698579727,1026.4734012371002,1213.85,1
TXN_008206,1156.74,authentication_failed,customer_followup,0.538964857413996,623.4422091650657,1156.74,1
TXN_008207,3335.14,bank_decline,alternate_payment,0.3796479240948256,1266.1789775656166,3335.14,1
TXN_008208,380.15,bank_decline,alternate_payment,0.7937532417214409,301.74529484040573,380.15,1
TXN_008209,615.4,insufficient_funds,retry_later,0.6104786460110414,375.6885587551949,615.4,1
TXN_008210,2548.24,network_error,retry_later,0.7028030260142781,1790.9107830106238,2548.24,1
TXN_008211,3370.93,card_expired,customer_followup,0.3667234193574469,1236.1989760145984,3370.93,1
TXN_008212,3434.21,limit_exceeded,alternate_payment,0.6219407785197532,2135.8752410003217,3434.21,1
TXN_008213,823.01,bank_decline,alternate_payment,0.661639113788741,544.5356070392717,823.01,1
TXN_008214,679.76,limit_exceeded,alternate_payment,0.7019736919236542,477.1736368220232,679.76,1
TXN_008215,1089.38,card_expired,customer_followup,0.6856577313479262,746.9418193758039,1089.38,1
TXN_008216,2298.18,limit_exceeded,alternate_payment,0.4102896075705574,942.9193703265034,2298.18,1
TXN_008217,7986.26,network_error,retry,0.8723730725581893,6966.998174448565,7986.26,1
TXN_008218,233.36,card_expired,customer_followup,0.5516501175401836,128.73307142917724,233.36,1
TXN_008219,1449.93,insufficient_funds,retry_later,0.48863302961841304,708.4836886346257,1449.93,1
TXN_008220,476.91,network_error,retry_later,0.5416662560210659,258.32605415900656,0.0,0
TXN_008221,346.46,bank_decline,alternate_payment,0.5035424031816289,174.45730100630715,0.0,0
TXN_008222,4755.02,authentication_failed,customer_followup,0.7125968790109176,3388.4124116344938,4755.02,1
TXN_008223,3116.99,limit_exceeded,alternate_payment,0.2648470322738805,825.5255511273627,3116.99,1
TXN_008224,2833.97,authentication_failed,customer_followup,0.7160274106596256,2029.2002009870591,0.0,0
TXN_008225,4541.56,card_expired,customer_followup,0.6372895656371929,2894.2887997152498,4541.56,1
TXN_008226,1119.1,card_expired,customer_followup,0.6291910919272306,704.1277509757637,1119.1,1
TXN_008227,1173.05,network_error,retry,0.860537202113328,1009.4531649390393,1173.05,1
TXN_008228,16086.42,limit_exceeded,alternate_payment,0.5325613055970542,8567.004837582565,16086.42,1
TXN_008229,1412.94,insufficient_funds,retry_later,0.6131261059863272,866.3104001923213,1412.94,1
TXN_008230,3771.14,card_expired,customer_followup,0.29392757010786724,1108.4420167365824,3771.14,1
TXN_008231,1819.62,bank_decline,alternate_payment,0.22793095805888014,414.74772990309947,1819.62,1
TXN_008232,284.79,authentication_failed,customer_followup,0.3188989935550891,90.81924437455383,284.79,1
TXN_008233,234.01,bank_decline,alternate_payment,0.5800873818789434,135.74624823349154,234.01,1
TXN_008234,1013.35,bank_decline,alternate_payment,0.8396022215938386,850.8109112521163,1013.35,1
TXN_008235,5198.37,bank_decline,alternate_payment,0.46463171586925756,2415.3275728232725,5198.37,1
TXN_008236,3977.03,limit_exceeded,alternate_payment,0.5271160437119029,2096.356319323549,3977.03,1
TXN_008237,4510.11,authentication_failed,customer_followup,0.3044397215844037,1373.0566327150348,4510.11,1
TXN_008238,673.81,bank_decline,alternate_payment,0.31898256732427505,214.93364368876976,0.0,0
TXN_008239,9098.57,network_error,retry_later,0.6397022750181307,5820.375928411713,0.0,0
TXN_008240,688.91,bank_decline,alternate_payment,0.5361342809015928,369.34826745591624,688.91,1
TXN_008241,2236.85,network_error,retry,0.7067869005863988,1580.9762785766861,2236.85,1
TXN_008242,1789.42,network_error,retry,0.84671021915132,1515.120200353755,1789.42,1
TXN_008243,1519.48,card_expired,customer_followup,0.3721428359159639,565.4635963175889,1519.48,1
TXN_008244,6895.28,limit_exceeded,alternate_payment,0.4495317277360329,3099.647131623713,6895.28,1
TXN_008245,893.27,card_expired,customer_followup,0.3259038929011252,291.1201704117881,893.27,1
TXN_008246,468.9,bank_decline,alternate_payment,0.553375687389725,259.47785981704203,468.9,1
TXN_008247,1844.56,card_expired,customer_followup,0.4530660094073612,835.7074383124422,1844.56,1
TXN_008248,1212.18,card_expired,customer_followup,0.4355532662937283,527.9689583359316,1212.18,1
TXN_008249,52964.81,card_expired,customer_followup,0.4409763945128632,23356.23094985884,0.0,0
TXN_008250,3556.41,network_error,retry_later,0.6357195214787937,2260.879263382397,0.0,0
TXN_008251,1200.7,limit_exceeded,alternate_payment,0.4952730156058409,594.6743098379333,0.0,0
TXN_008252,628.85,network_error,retry,0.7657000866267274,481.51049947521756,0.0,0
TXN_008253,275.81,limit_exceeded,alternate_payment,0.7241307566213786,199.72250398374243,275.81,1
TXN_008254,648.58,card_expired,customer_followup,0.7057006845689159,457.7033499977075,648.58,1
TXN_008255,2028.28,limit_exceeded,alternate_payment,0.5998413591566594,1216.646231950269,2028.28,1
TXN_008256,7535.11,insufficient_funds,retry_later,0.5190991171274202,3911.468948457995,0.0,0
TXN_008257,5550.75,card_expired,customer_followup,0.5195316053083265,2883.7900581651934,5550.75,1
TXN_008258,2273.54,network_error,retry,0.9073661628522248,2062.933265891047,0.0,0
TXN_008259,1308.76,insufficient_funds,retry_later,0.5106659133286092,668.3391207279506,1308.76,1
TXN_008260,2365.66,bank_decline,alternate_payment,0.3405386720027193,805.5987148099529,0.0,0
TXN_008261,1076.38,insufficient_funds,retry_later,0.5489278000607463,590.8549054293861,1076.38,1
TXN_008262,10080.56,insufficient_funds,retry_later,0.6643202591761246,6696.720231840474,10080.56,1
TXN_008263,1496.39,bank_decline,alternate_payment,0.44423960376960614,664.755700684801,0.0,0
TXN_008264,1658.49,insufficient_funds,retry_later,0.6397437294817306,1061.0085779081555,1658.49,1
TXN_008265,197.19,network_error,retry_later,0.6815980190178543,134.4043133701307,0.0,0
TXN_008266,1487.07,network_error,retry_later,0.4701228694336768,699.1056154487378,1487.07,1
TXN_008267,4173.39,bank_decline,alternate_payment,0.6672875603861355,2784.851231639894,4173.39,1
TXN_008268,621.59,limit_exceeded,alternate_payment,0.3403037351851064,211.52939875371032,621.59,1
TXN_008269,853.44,bank_decline,alternate_payment,0.3712773616056761,316.86295148874825,853.44,1
TXN_008270,3994.65,authentication_failed,customer_followup,0.24561436090500677,981.1434067891853,0.0,0
TXN_008271,412.96,insufficient_funds,retry_later,0.6553857004517987,270.64807885857476,412.96,1
TXN_008272,5207.22,limit_exceeded,alternate_payment,0.5775920454981919,3007.6488511590946,5207.22,1
TXN_008273,1061.94,bank_decline,alternate_payment,0.32909436201609593,349.47846679937294,1061.94,1
TXN_008274,1225.9,card_expired,customer_followup,0.49429033290051294,605.9505191027389,1225.9,1
TXN_008275,587.64,authentication_failed,customer_followup,0.40145814541749275,235.91286457313544,587.64,1
TXN_008276,2638.71,limit_exceeded,alternate_payment,0.5834954824730145,1539.675364556368,2638.71,1
TXN_008277,21160.09,insufficient_funds,retry_later,0.8171047463330673,17290.009971834876,21160.09,1
TXN_008278,3950.1,network_error,retry_later,0.6028173518132224,2381.18882139741,3950.1,1
TXN_008279,761.82,authentication_failed,customer_followup,0.4339464062411207,330.58905120261056,761.82,1
TXN_008280,5628.63,card_expired,customer_followup,0.24413202938407028,1374.1288645520594,5628.63,1
TXN_008281,1317.27,network_error,retry_later,0.6364929441129584,838.4330604916768,1317.27,1
TXN_008282,7147.26,network_error,retry,0.7125870150627781,5093.044669277591,0.0,0
TXN_008283,4050.83,authentication_failed,customer_followup,0.5626539937763079,2279.2156776088814,0.0,0
TXN_008284,95.28,authentication_failed,customer_followup,0.6413978641597728,61.11238849714316,95.28,1
TXN_008285,662.43,insufficient_funds,retry_later,0.6570150831526979,435.2265015328416,662.43,1
TXN_008286,4648.9,network_error,retry,0.614886545517596,2858.546061456752,4648.9,1
TXN_008287,2104.13,authentication_failed,customer_followup,0.6935187007955745,1459.2535039049924,2104.13,1
TXN_008288,649.53,bank_decline,alternate_payment,0.47403744263837144,307.9015401169014,649.53,1
TXN_008289,959.5,bank_decline,alternate_payment,0.3796809700455783,364.3038907587324,959.5,1
TXN_008290,268.75,authentication_failed,customer_followup,0.5294635690603033,142.29333418495654,268.75,1
TXN_008291,1655.12,authentication_failed,customer_followup,0.5132142058622906,849.4310964067944,0.0,0
TXN_008292,16492.97,insufficient_funds,retry_later,0.6310827041377829,10408.42810686333,16492.97,1
TXN_008293,4043.77,limit_exceeded,alternate_payment,0.7420728340979719,3000.7718643403555,4043.77,1
TXN_008294,16161.98,authentication_failed,customer_followup,0.2991452246667444,4834.77913815943,16161.98,1
TXN_008295,4369.47,bank_decline,alternate_payment,0.4350037877230337,1900.7360003421643,0.0,0
TXN_008296,5051.7,authentication_failed,customer_followup,0.45520869413393106,2299.5777601563796,0.0,0
TXN_008297,13017.87,authentication_failed,customer_followup,0.26984579184431334,3512.8174382763314,0.0,0
TXN_008298,2636.65,network_error,retry_later,0.6585420901772794,1736.3450020659238,0.0,0
TXN_008299,1499.33,network_error,retry,0.7477089125969052,1121.0624039239178,1499.33,1
TXN_008300,5077.92,authentication_failed,customer_followup,0.39104559359718294,1985.6982406390073,0.0,0
TXN_008301,7737.55,limit_exceeded,alternate_payment,0.60195135295857,4657.628691084584,7737.55,1
TXN_008302,1118.83,bank_decline,alternate_payment,0.731851854076202,818.817809896077,1118.83,1
TXN_008303,878.69,card_expired,customer_followup,0.48038423357607907,422.10882220096494,878.69,1
TXN_008304,2077.37,card_expired,customer_followup,0.33396394923009914,693.766689212131,2077.37,1
TXN_008305,4152.64,authentication_failed,customer_followup,0.2926692156659596,1215.3498917430907,4152.64,1
TXN_008306,4016.2,authentication_failed,customer_followup,0.2828150019257461,1135.8416107341814,4016.2,1
TXN_008307,435.21,network_error,retry_later,0.5247217513188739,228.3641533914871,435.21,1
TXN_008308,12229.5,network_error,retry,0.621307200804778,7598.276412242032,12229.5,1
TXN_008309,952.26,card_expired,customer_followup,0.484501067561642,461.3709865962492,952.26,1
TXN_008310,1387.05,network_error,retry,0.8321101384238581,1154.1783675008123,1387.05,1
TXN_008311,733.15,limit_exceeded,alternate_payment,0.3417383731324447,250.54548826205183,733.15,1
TXN_008312,26858.26,limit_exceeded,alternate_payment,0.3246697450761921,8720.064427390087,26858.26,1
TXN_008313,2303.24,insufficient_funds,retry_later,0.2836226104029408,653.2509411844693,2303.24,1
TXN_008314,772.03,authentication_failed,customer_followup,0.6965406194158825,537.7502544076438,772.03,1
TXN_008315,4289.49,network_error,retry,0.6391005065195248,2741.4152317104363,4289.49,1
TXN_008316,3901.58,bank_decline,alternate_payment,0.6007118931688147,2343.725508149584,3901.58,1
TXN_008317,1498.58,limit_exceeded,alternate_payment,0.19453152278692767,291.52104941803407,0.0,0
TXN_008318,4190.63,card_expired,customer_followup,0.2810527848894971,1177.7882319414732,0.0,0
TXN_008319,792.12,limit_exceeded,alternate_payment,0.453549872372317,359.2659249035597,0.0,0
TXN_008320,1104.43,limit_exceeded,alternate_payment,0.3276348867950102,361.84979802301314,1104.43,1
TXN_008321,242.2,network_error,retry_later,0.5132632811151916,124.3123666860994,242.2,1
TXN_008322,481.09,network_error,retry_later,0.5270991414945098,253.5821259815937,0.0,0
TXN_008323,11021.8,bank_decline,alternate_payment,0.4459544388689589,4915.220634325891,11021.8,1
TXN_008324,9334.09,network_error,retry,0.8716484112140884,8136.04471862931,9334.09,1
TXN_008325,1930.99,bank_decline,alternate_payment,0.5766466325927141,1113.498881070205,1930.99,1
TXN_008326,9536.97,insufficient_funds,retry_later,0.7301801434933951,6963.706123092204,9536.97,1
TXN_008327,1540.6,insufficient_funds,retry_later,0.5245534888933218,808.1271049890514,1540.6,1
TXN_008328,1417.41,insufficient_funds,retry_later,0.6651896188539346,942.8464176597555,0.0,0
TXN_008329,1913.16,network_error,retry,0.7916519019947776,1514.556752820329,1913.16,1
TXN_008330,1595.72,insufficient_funds,retry_later,0.7270589624394057,1160.1825275438084,1595.72,1
TXN_008331,1457.97,card_expired,customer_followup,0.671655843474989,979.2540701112297,1457.97,1
TXN_008332,5672.57,network_error,retry,0.7962720935442797,4516.909189676475,5672.57,1
TXN_008333,2100.93,authentication_failed,customer_followup,0.3214869066737553,675.4214868380926,0.0,0
TXN_008334,3686.68,authentication_failed,customer_followup,0.33851130227257653,1247.9828478622624,3686.68,1
TXN_008335,5071.44,insufficient_funds,retry_later,0.4599432793771687,2332.5747447645485,0.0,0
TXN_008336,2665.6,card_expired,customer_followup,0.3758955467177249,1001.9871693307674,2665.6,1
TXN_008337,685.21,insufficient_funds,retry_later,0.6255635943361393,428.642430475066,0.0,0
TXN_008338,467.38,bank_decline,alternate_payment,0.3816953510942906,178.39677319444954,467.38,1
TXN_008339,2098.09,network_error,retry_later,0.5460090355095619,1145.576097312257,2098.09,1
TXN_008340,1523.47,limit_exceeded,alternate_payment,0.49150660245966105,748.7955636492198,0.0,0
TXN_008341,1973.16,authentication_failed,customer_followup,0.40909647873746635,807.2128079856192,0.0,0
TXN_008342,1779.25,card_expired,customer_followup,0.506180415150832,900.6215036571178,1779.25,1
TXN_008343,23946.41,limit_exceeded,alternate_payment,0.35219403541664096,8433.782771641405,23946.41,1
TXN_008344,478.08,card_expired,customer_followup,0.574005382499782,274.42049326549574,478.08,1
TXN_008345,247.16,network_error,retry,0.8457433976355164,209.03393815959424,0.0,0
TXN_008346,2520.91,insufficient_funds,retry_later,0.5797065901193439,1461.388140097755,0.0,0
TXN_008347,1240.88,insufficient_funds,retry_later,0.6941386586027993,861.3427786870417,1240.88,1
TXN_008348,2480.13,insufficient_funds,retry_later,0.8513580029548091,2111.4785238683107,2480.13,1
TXN_008349,3241.8,authentication_failed,customer_followup,0.4368419177201484,1416.1541288651772,3241.8,1
TXN_008350,6529.62,bank_decline,alternate_payment,0.353101318645855,2305.6174322563475,6529.62,1
TXN_008351,400.52,card_expired,customer_followup,0.35039285392454433,140.3393458538585,0.0,0
TXN_008352,1036.17,bank_decline,alternate_payment,0.4396911283617659,455.59475647461096,1036.17,1
TXN_008353,2775.99,network_error,retry_later,0.4932627760817536,1369.2925337751872,0.0,0
TXN_008354,3906.76,bank_decline,alternate_payment,0.7598711477706124,2968.6342052643176,3906.76,1
TXN_008355,16211.07,card_expired,customer_followup,0.7501661128357893,12160.995366808878,16211.07,1
TXN_008356,4701.82,insufficient_funds,retry_later,0.333924114879075,1570.0510818207322,4701.82,1
TXN_008357,1708.23,insufficient_funds,retry_later,0.7767215613199454,1326.8190726935704,1708.23,1
TXN_008358,742.16,authentication_failed,customer_followup,0.6623272394041644,491.5527839961946,742.16,1
TXN_008359,1028.35,authentication_failed,customer_followup,0.4205987652996888,432.52274029593497,1028.35,1
TXN_008360,999.54,limit_exceeded,alternate_payment,0.5377424015693392,537.4950400646172,999.54,1
TXN_008361,3481.55,limit_exceeded,alternate_payment,0.5019903264249326,1747.704420964724,3481.55,1
TXN_008362,2337.87,authentication_failed,customer_followup,0.2335884507691804,546.0994313997437,2337.87,1
TXN_008363,481.23,card_expired,customer_followup,0.4064008497548792,195.57228092754053,481.23,1
TXN_008364,1169.23,authentication_failed,customer_followup,0.33824636536023234,395.4877977701445,1169.23,1
TXN_008365,4348.33,authentication_failed,customer_followup,0.8360297301238349,3635.333156389375,4348.33,1
TXN_008366,2570.0,bank_decline,alternate_payment,0.370563562702571,952.3483561456075,0.0,0
TXN_008367,3192.77,bank_decline,alternate_payment,0.6957495697761206,2221.3683538941045,3192.77,1
TXN_008368,2651.61,bank_decline,alternate_payment,0.3603795466011278,955.5860095630165,0.0,0
TXN_008369,9195.14,authentication_failed,customer_followup,0.38339755262380376,3525.3941720332427,9195.14,1
TXN_008370,2289.4,authentication_failed,customer_followup,0.30755611574203656,704.1189713798185,2289.4,1
TXN_008371,1229.03,network_error,retry,0.8843107846933486,1086.8444837116663,1229.03,1
TXN_008372,723.6,authentication_failed,customer_followup,0.7254969205638009,524.9695717199663,723.6,1
TXN_008373,2320.67,limit_exceeded,alternate_payment,0.3504840251796503,813.3577627136591,2320.67,1
TXN_008374,157.48,authentication_failed,customer_followup,0.4131451824998967,65.06210334008372,157.48,1
TXN_008375,1503.74,authentication_failed,customer_followup,0.4038943243870338,607.3520513537583,1503.74,1
TXN_008376,1471.68,limit_exceeded,alternate_payment,0.2673972635146733,393.5232047692744,1471.68,1
TXN_008377,461.98,limit_exceeded,alternate_payment,0.2645252760077568,122.2053870100635,461.98,1
TXN_008378,714.61,bank_decline,alternate_payment,0.7596645568379841,542.8638889619918,714.61,1
TXN_008379,4062.92,limit_exceeded,alternate_payment,0.3878535313753842,1575.8178696956759,4062.92,1
TXN_008380,2277.22,authentication_failed,customer_followup,0.6761471599721465,1539.7358356317714,2277.22,1
TXN_008381,2001.77,bank_decline,alternate_payment,0.33088915897146576,662.363991754311,2001.77,1
TXN_008382,2456.14,bank_decline,alternate_payment,0.24349239033515485,598.0513995977872,2456.14,1
TXN_008383,1983.52,card_expired,customer_followup,0.6180693625965319,1225.952942097473,1983.52,1
TXN_008384,6265.81,authentication_failed,customer_followup,0.35196911226176175,2205.3715833008696,0.0,0
TXN_008385,2045.56,bank_decline,alternate_payment,0.6764501672114545,1383.7194040410627,2045.56,1
TXN_008386,420.64,bank_decline,alternate_payment,0.564022360851237,237.25036586846434,420.64,1
TXN_008387,9229.22,bank_decline,alternate_payment,0.31141178229044486,2874.0878493506193,0.0,0
TXN_008388,2618.46,authentication_failed,customer_followup,0.3002725197168998,786.2515819779134,2618.46,1
TXN_008389,1003.0,network_error,retry_later,0.5333186281515137,534.9185840359681,0.0,0
TXN_008390,516.25,authentication_failed,customer_followup,0.338399190173107,174.6985819268665,516.25,1
TXN_008391,2686.28,limit_exceeded,alternate_payment,0.32104572265450115,862.4187038523335,2686.28,1
TXN_008392,1608.13,authentication_failed,customer_followup,0.2931074832169336,471.35493698564744,1608.13,1
TXN_008393,8726.74,network_error,retry,0.8358333738839376,7294.1005372079135,0.0,0
TXN_008394,1279.33,authentication_failed,customer_followup,0.3768245068789979,482.0828963855083,1279.33,1
TXN_008395,782.6,card_expired,customer_followup,0.7735229199111373,605.3590371224561,782.6,1
TXN_008396,4428.41,card_expired,customer_followup,0.7864334914172986,3482.649937727279,4428.41,1
TXN_008397,4560.93,limit_exceeded,alternate_payment,0.425100690777631,1938.8544935884208,4560.93,1
TXN_008398,2140.19,authentication_failed,customer_followup,0.2835724055238009,606.8988265779835,2140.19,1
TXN_008399,3555.88,card_expired,customer_followup,0.25212290838015133,896.5188074508126,0.0,0
TXN_008400,1741.17,limit_exceeded,alternate_payment,0.4076033832471634,709.7067828084635,0.0,0
TXN_008401,2284.41,bank_decline,alternate_payment,0.2614667875009134,597.2973440349615,2284.41,1
TXN_008402,5796.39,insufficient_funds,retry_later,0.7330697468675699,4249.158150045713,0.0,0
TXN_008403,3378.94,limit_exceeded,alternate_payment,0.3863070756359181,1305.308430149229,3378.94,1
TXN_008404,1526.49,authentication_failed,customer_followup,0.2517752229817428,384.33236012940057,1526.49,1
TXN_008405,6990.89,limit_exceeded,alternate_payment,0.4411592150009944,3084.095544558302,6990.89,1
TXN_008406,169.89,network_error,retry_later,0.7502769690739146,127.46455427596734,169.89,1
TXN_008407,14073.84,bank_decline,alternate_payment,0.520472536411864,7325.047201854748,14073.84,1
TXN_008408,328.34,network_error,retry_later,0.4027660816922367,132.244215262829,328.34,1
TXN_008409,965.75,network_error,retry,0.6759552515291349,652.8037841642621,965.75,1
TXN_008410,1735.55,insufficient_funds,retry_later,0.5954775691234229,1033.4810950921565,1735.55,1
TXN_008411,1561.68,card_expired,customer_followup,0.3169784595205355,495.0189206640299,1561.68,1
TXN_008412,4946.38,limit_exceeded,alternate_payment,0.7056661502327066,3490.4929321880554,0.0,0
TXN_008413,627.76,network_error,retry_later,0.3899622893803833,244.8027267814294,0.0,0
TXN_008414,2346.7,limit_exceeded,alternate_payment,0.27391014782290024,642.784943896,2346.7,1
TXN_008415,1014.13,authentication_failed,customer_followup,0.6247815408220168,633.6097039938319,1014.13,1
TXN_008416,2428.77,limit_exceeded,alternate_payment,0.2721290451898715,660.9388610858042,2428.77,1
TXN_008417,1694.64,authentication_failed,customer_followup,0.23750047629421522,402.47780714722893,0.0,0
TXN_008418,1984.13,bank_decline,alternate_payment,0.7666499028012841,1521.1330716451118,1984.13,1
TXN_008419,1043.23,limit_exceeded,alternate_payment,0.45729654474178616,477.06547437097356,0.0,0
TXN_008420,1085.65,bank_decline,alternate_payment,0.35791550430769087,388.5709672516446,1085.65,1
TXN_008421,2409.74,network_error,retry_later,0.3914198083614053,943.2199690008126,0.0,0
TXN_008422,4645.78,insufficient_funds,retry_later,0.7403821024274012,3439.6523638151716,4645.78,1
TXN_008423,993.98,limit_exceeded,alternate_payment,0.5774488328471246,573.9725908733849,993.98,1
TXN_008424,758.42,card_expired,customer_followup,0.3997016883386336,303.1417544697865,758.42,1
TXN_008425,3339.11,insufficient_funds,retry_later,0.7493580335516881,2502.188903412777,3339.11,1
TXN_008426,1750.22,insufficient_funds,retry_later,0.5265142767253165,921.5158174101834,1750.22,1
TXN_008427,4148.48,bank_decline,alternate_payment,0.6510610096544187,2700.9135773311627,4148.48,1
TXN_008428,730.85,card_expired,customer_followup,0.3599064104494092,263.0376000769507,0.0,0
TXN_008429,305.08,network_error,retry_later,0.46103982112017877,140.65402862734413,305.08,1
TXN_008430,1061.03,insufficient_funds,retry_later,0.7305458929397523,775.1311087858653,1061.03,1
TXN_008431,840.21,network_error,retry,0.7787679813334691,654.3286455961942,840.21,1
TXN_008432,1671.06,bank_decline,alternate_payment,0.7488913022411192,1251.4422995230445,1671.06,1
TXN_008433,956.38,network_error,retry_later,0.28427175266286503,271.87181881171085,956.38,1
TXN_008434,3793.4,authentication_failed,customer_followup,0.7458798364376693,2829.4205715426547,3793.4,1
TXN_008435,1355.4,card_expired,customer_followup,0.4308824979931072,584.0181377798575,0.0,0
TXN_008436,2101.64,insufficient_funds,retry_later,0.8049951166701221,1691.8099369985953,2101.64,1
TXN_008437,2116.74,bank_decline,alternate_payment,0.6147593024482383,1301.2856058642838,2116.74,1
TXN_008438,2197.24,network_error,retry_later,0.5406949774823253,1188.0366323232643,2197.24,1
TXN_008439,1764.94,bank_decline,alternate_payment,0.2934010380481228,517.8352280926539,0.0,0
TXN_008440,3012.73,authentication_failed,customer_followup,0.7609417118728834,2292.511923610792,3012.73,1
TXN_008441,815.94,bank_decline,alternate_payment,0.33798506812349266,275.7755364846826,815.94,1
TXN_008442,7327.71,card_expired,customer_followup,0.34576896397596496,2533.6946950163183,7327.71,1
TXN_008443,1427.19,limit_exceeded,alternate_payment,0.3369029995752448,480.82459196379364,1427.19,1
TXN_008444,487.09,card_expired,customer_followup,0.661278946365414,322.10236198512945,487.09,1
TXN_008445,2182.17,card_expired,customer_followup,0.2687076542868344,586.3657819551015,2182.17,1
TXN_008446,771.87,authentication_failed,customer_followup,0.3058308797477341,236.06168115088352,0.0,0
TXN_008447,3516.9,card_expired,customer_followup,0.4260371304169148,1498.3299839632477,3516.9,1
TXN_008448,16475.1,authentication_failed,customer_followup,0.3366428023142891,5546.2238324081445,0.0,0
TXN_008449,823.39,insufficient_funds,retry_later,0.3724442990836807,306.6669114225119,823.39,1
TXN_008450,2520.9,authentication_failed,customer_followup,0.23177227714269724,584.2747334490255,0.0,0
TXN_008451,312.47,network_error,retry,0.8047680027168476,251.46585780893338,312.47,1
TXN_008452,2846.67,card_expired,customer_followup,0.39466269224315687,1123.4744461278274,2846.67,1
TXN_008453,745.67,bank_decline,alternate_payment,0.3973976268285514,296.32748839724593,0.0,0
TXN_008454,967.94,authentication_failed,customer_followup,0.3668181351219222,355.0579457099134,967.94,1
TXN_008455,601.07,insufficient_funds,retry_later,0.4615690192952231,277.43529042777976,0.0,0
TXN_008456,3759.91,network_error,retry,0.7030156927719399,2643.2757334101443,3759.91,1
TXN_008457,4950.8,insufficient_funds,retry_later,0.3837008264809258,1899.6260517417675,4950.8,1
TXN_008458,1850.82,insufficient_funds,retry_later,0.764518440078831,1414.986019266702,1850.82,1
TXN_008459,761.72,network_error,retry_later,0.544705567352809,414.91312476398167,0.0,0
TXN_008460,8861.96,card_expired,customer_followup,0.26755178907222904,2371.0332526865304,8861.96,1
TXN_008461,853.71,bank_decline,alternate_payment,0.4463146297143153,381.0232625334081,0.0,0
TXN_008462,208.09,network_error,retry_later,0.35386124874093416,73.634987250501,0.0,0
TXN_008463,2859.46,card_expired,customer_followup,0.42684892966174703,1220.5574404105791,2859.46,1
TXN_008464,598.98,card_expired,customer_followup,0.29496794425691103,176.67989925100457,0.0,0
TXN_008465,4859.1,authentication_failed,customer_followup,0.6955063658919911,3379.534982505774,0.0,0
TXN_008466,1235.04,limit_exceeded,alternate_payment,0.3807697852758204,470.2659156070492,1235.04,1
TXN_008467,3306.72,card_expired,customer_followup,0.3086699289474464,1020.6850274490998,3306.72,1
TXN_008468,7342.98,network_error,retry_later,0.6856923379921629,5035.025124029692,7342.98,1
TXN_008469,539.77,limit_exceeded,alternate_payment,0.604149466962465,326.1017577823297,539.77,1
TXN_008470,1026.66,card_expired,customer_followup,0.822719004589562,844.6526932519198,1026.66,1
TXN_008471,1676.27,limit_exceeded,alternate_payment,0.3147077668466204,527.5351883319844,1676.27,1
TXN_008472,8413.15,authentication_failed,customer_followup,0.5905364605019479,4968.271822671963,8413.15,1
TXN_008473,936.0,authentication_failed,customer_followup,0.3841521061171227,359.56637132562685,936.0,1
TXN_008474,997.74,bank_decline,alternate_payment,0.31522172085103317,314.50931976190986,997.74,1
TXN_008475,2916.5,limit_exceeded,alternate_payment,0.39795107261382406,1160.624303278218,0.0,0
TXN_008476,1015.13,limit_exceeded,alternate_payment,0.3222061052096435,327.0810835814654,0.0,0
TXN_008477,2105.96,network_error,retry,0.8441973770628373,1777.8459081992528,2105.96,1
TXN_008478,383.16,limit_exceeded,alternate_payment,0.4635345333209496,177.60789178725508,0.0,0
TXN_008479,16553.12,network_error,retry_later,0.5018960994714107,8307.946362082197,0.0,0
TXN_008480,469.79,bank_decline,alternate_payment,0.362028704739867,170.0774651997421,0.0,0
TXN_008481,1310.61,network_error,retry_later,0.4764996146231254,624.5051599212144,1310.61,1
TXN_008482,1750.26,insufficient_funds,retry_later,0.4767686427131824,834.4690845951746,1750.26,1
TXN_008483,12242.74,authentication_failed,customer_followup,0.27641842687516177,3384.118931441618,0.0,0
TXN_008484,480.66,limit_exceeded,alternate_payment,0.4219527829026346,202.81582462998037,0.0,0
TXN_008485,13143.78,limit_exceeded,alternate_payment,0.34145168231333484,4487.965792956365,0.0,0
TXN_008486,3855.19,insufficient_funds,retry_later,0.4478170292677204,1726.419733062623,0.0,0
TXN_008487,2743.79,card_expired,customer_followup,0.6840230424012805,1876.8155835102095,2743.79,1
TXN_008488,675.44,bank_decline,alternate_payment,0.6487639278473294,438.2011074252002,675.44,1
TXN_008489,3200.75,limit_exceeded,alternate_payment,0.850970413998211,2723.743552604774,3200.75,1
TXN_008490,877.01,insufficient_funds,retry_later,0.684914492558327,600.6768591185784,877.01,1
TXN_008491,6416.71,card_expired,customer_followup,0.3856170474608056,2474.392764612226,0.0,0
TXN_008492,684.67,network_error,retry,0.7697409953132142,527.0185672610983,684.67,1
TXN_008493,1614.6,network_error,retry,0.8800419349848756,1420.9157082265801,1614.6,1
TXN_008494,1037.66,card_expired,customer_followup,0.310703197863357,322.404280294891,0.0,0
TXN_008495,673.49,card_expired,customer_followup,0.45369428188063116,305.55856190378626,673.49,1
TXN_008496,3794.55,card_expired,customer_followup,0.6949589504451009,2637.0564854114577,0.0,0
TXN_008497,3088.56,card_expired,customer_followup,0.40240130170875194,1242.8405644055829,0.0,0
TXN_008498,6057.24,card_expired,customer_followup,0.2653224051990073,1607.121485667635,6057.24,1
TXN_008499,304.94,limit_exceeded,alternate_payment,0.572746499855221,174.6533176658511,304.94,1
TXN_008500,5240.49,bank_decline,alternate_payment,0.2974645942819345,1558.860231688535,5240.49,1
TXN_008501,22146.81,card_expired,customer_followup,0.3481116840886175,7709.563326290635,22146.81,1
TXN_008502,1150.97,network_error,retry_later,0.6024986467467607,693.4578674461192,1150.97,1
TXN_008503,12029.88,network_error,retry_later,0.5506685623382939,6624.476724702195,12029.88,1
TXN_008504,1389.69,bank_decline,alternate_payment,0.32571970056665184,452.6494106804704,0.0,0
TXN_008505,458.33,card_expired,customer_followup,0.7665951552903775,351.3535575242387,458.33,1
TXN_008506,1331.91,authentication_failed,customer_followup,0.4590711608815692,611.4414698897708,0.0,0
TXN_008507,5157.48,network_error,retry,0.8691890314944353,4482.825046151919,5157.48,1
TXN_008508,781.98,card_expired,customer_followup,0.4111808671894241,321.5352145247859,781.98,1
TXN_008509,991.94,authentication_failed,customer_followup,0.31388642831195507,311.3565036997607,0.0,0
TXN_008510,3273.25,authentication_failed,customer_followup,0.8176602359883038,2676.4063674487156,3273.25,1
TXN_008511,1813.58,insufficient_funds,retry_later,0.4346955577784343,788.3551696758129,1813.58,1
TXN_008512,3244.2,authentication_failed,customer_followup,0.3438674447436181,1115.5747642372457,3244.2,1
TXN_008513,2293.49,authentication_failed,customer_followup,0.20821845599858183,477.5469466481874,0.0,0
TXN_008514,2920.84,network_error,retry,0.478586477141386,1397.874525893646,2920.84,1
TXN_008515,1173.44,authentication_failed,customer_followup,0.2676473064120557,314.06805523616265,1173.44,1
TXN_008516,2279.54,authentication_failed,customer_followup,0.3257060246787202,742.4599114961297,2279.54,1
TXN_008517,715.25,network_error,retry,0.8764434051917379,626.8761455633905,0.0,0
TXN_008518,6557.95,insufficient_funds,retry_later,0.5219017346488147,3422.6054807401943,0.0,0
TXN_008519,958.84,insufficient_funds,retry_later,0.4687217925381686,449.42920355729757,958.84,1
TXN_008520,5590.63,limit_exceeded,alternate_payment,0.3998504361917886,2235.415844086899,0.0,0
TXN_008521,1431.38,card_expired,customer_followup,0.4769002197290209,682.625436515726,1431.38,1
TXN_008522,2212.77,card_expired,customer_followup,0.50701699939059,1121.9120057415157,2212.77,1
TXN_008523,1102.17,authentication_failed,customer_followup,0.35452031621107644,390.74165691836214,1102.17,1
TXN_008524,654.59,authentication_failed,customer_followup,0.354415279024348,231.99669749654797,654.59,1
TXN_008525,315.84,card_expired,customer_followup,0.3770623082352705,119.09135943302782,315.84,1
TXN_008526,629.34,card_expired,customer_followup,0.21569364871001648,135.74464087916178,629.34,1
TXN_008527,1307.79,authentication_failed,customer_followup,0.21053746130735876,275.3387865231507,1307.79,1
TXN_008528,2234.74,limit_exceeded,alternate_payment,0.37139844912239933,829.9789701917906,0.0,0
TXN_008529,4966.05,limit_exceeded,alternate_payment,0.2932984379584424,1456.534707823523,0.0,0
TXN_008530,1157.76,network_error,retry,0.6561543547888535,759.669265800343,1157.76,1
TXN_008531,748.48,network_error,retry_later,0.365726674924189,273.739101647257,0.0,0
TXN_008532,427.21,network_error,retry,0.8089136951943385,345.57601972397333,427.21,1
TXN_008533,2922.12,card_expired,customer_followup,0.5569161897438243,1627.3759363742238,2922.12,1
TXN_008534,7209.79,insufficient_funds,retry_later,0.5763967437850752,4155.699479374198,0.0,0
TXN_008535,6414.59,card_expired,customer_followup,0.39471050847891154,2531.906080583741,6414.59,1
TXN_008536,3677.3,network_error,retry_later,0.6672339839836787,2453.619529303182,3677.3,1
TXN_008537,3423.93,bank_decline,alternate_payment,0.2439370373581376,835.223340321648,3423.93,1
TXN_008538,9873.64,limit_exceeded,alternate_payment,0.3126461115521878,3086.955152866143,0.0,0
TXN_008539,2520.17,network_error,retry_later,0.42788121624693587,1078.3334047490405,0.0,0
TXN_008540,3450.0,bank_decline,alternate_payment,0.7091818961196577,2446.677541612819,0.0,0
TXN_008541,1311.88,network_error,retry_later,0.7263060281380664,952.8263521937666,1311.88,1
TXN_008542,463.11,network_error,retry_later,0.6228925481497369,288.4677679736247,0.0,0
TXN_008543,912.47,bank_decline,alternate_payment,0.7866053906270586,717.7538207854722,912.47,1
TXN_008544,1791.56,network_error,retry,0.837943711832326,1501.2264363703218,1791.56,1
TXN_008545,1921.35,bank_decline,alternate_payment,0.7693289859174308,1478.1502470924556,1921.35,1
TXN_008546,12410.35,bank_decline,alternate_payment,0.651033959449562,8079.559298654872,12410.35,1
TXN_008547,1961.13,card_expired,customer_followup,0.410353565867782,804.7566886302833,0.0,0
TXN_008548,5877.25,insufficient_funds,retry_later,0.7001066225950852,4114.701647646964,5877.25,1
TXN_008549,1170.19,card_expired,customer_followup,0.4247181100750623,497.0008852287372,1170.19,1
TXN_008550,1323.88,insufficient_funds,retry_later,0.6197353276336945,820.4552055476956,1323.88,1
TXN_008551,478.66,insufficient_funds,retry_later,0.5653242629100212,270.5981116845108,0.0,0
TXN_008552,860.64,limit_exceeded,alternate_payment,0.4247866963264485,365.5884223263946,860.64,1
TXN_008553,3062.48,network_error,retry,0.6318699112518161,1935.0889658104618,3062.48,1
TXN_008554,1821.76,bank_decline,alternate_payment,0.33478319477534596,609.8946329139343,1821.76,1
TXN_008555,4642.18,insufficient_funds,retry_later,0.75301185008668,3495.6165502353847,4642.18,1
TXN_008556,2167.34,limit_exceeded,alternate_payment,0.25295735271782593,548.244588839453,0.0,0
TXN_008557,1270.98,insufficient_funds,retry_later,0.8350733311937877,1061.3615024806802,1270.98,1
TXN_008558,15495.37,insufficient_funds,retry_later,0.5887662820938688,9123.151384568873,15495.37,1
TXN_008559,1645.99,bank_decline,alternate_payment,0.3890418504730086,640.3589954600674,0.0,0
TXN_008560,5784.87,authentication_failed,customer_followup,0.8322974769903382,4814.732705717098,5784.87,1
TXN_008561,1210.5,insufficient_funds,retry_later,0.6107288888480025,739.287319950507,1210.5,1
TXN_008562,3676.07,bank_decline,alternate_payment,0.5470343939258219,2010.9367244788962,0.0,0
TXN_008563,4573.42,bank_decline,alternate_payment,0.23882333236105513,1092.2394046866968,0.0,0
TXN_008564,2227.18,limit_exceeded,alternate_payment,0.3420330048313613,761.7690677003112,0.0,0
TXN_008565,171.66,authentication_failed,customer_followup,0.3148315259869711,54.04397975092346,171.66,1
TXN_008566,1841.35,limit_exceeded,alternate_payment,0.2611478111241174,480.8645220133935,1841.35,1
TXN_008567,6188.57,card_expired,customer_followup,0.6196418407746889,3834.696906563016,0.0,0
TXN_008568,3064.01,insufficient_funds,retry_later,0.5763344843069107,1765.8946232612175,0.0,0
TXN_008569,2823.8,authentication_failed,customer_followup,0.36945831737411416,1043.2763966010236,2823.8,1
TXN_008570,323.03,authentication_failed,customer_followup,0.3189138319243551,103.0187351265244,323.03,1
TXN_008571,879.67,card_expired,customer_followup,0.4482446391917525,394.3073617578089,879.67,1
TXN_008572,2728.09,insufficient_funds,retry_later,0.8591330847304909,2343.792377122405,2728.09,1
TXN_008573,2725.43,limit_exceeded,alternate_payment,0.40597777270692376,1106.4640010686312,2725.43,1
TXN_008574,6091.6,authentication_failed,customer_followup,0.8616402740910216,5248.767893652867,6091.6,1
TXN_008575,1564.21,authentication_failed,customer_followup,0.40119590772155334,627.554650817131,0.0,0
TXN_008576,2713.04,card_expired,customer_followup,0.7260671855964186,1969.8493172105075,2713.04,1
TXN_008577,1837.89,authentication_failed,customer_followup,0.5055936773462814,929.2255636579571,1837.89,1
TXN_008578,673.88,network_error,retry,0.703940003952747,474.3710898636772,673.88,1
TXN_008579,189.47,insufficient_funds,retry_later,0.8449239415009664,160.0877391961881,189.47,1
TXN_008580,2782.23,insufficient_funds,retry_later,0.8244039276257247,2293.68133955812,2782.23,1
TXN_008581,2151.56,card_expired,customer_followup,0.42615212543333714,916.8918669973508,2151.56,1
TXN_008582,974.4,authentication_failed,customer_followup,0.7322781424957794,713.5318220478874,974.4,1
TXN_008583,358.11,network_error,retry_later,0.5812996349042374,208.16921225555646,0.0,0
TXN_008584,3393.92,limit_exceeded,alternate_payment,0.5367560091813693,1821.7069546808332,3393.92,1
TXN_008585,1385.87,network_error,retry_later,0.38525342074863383,533.9111582129092,1385.87,1
TXN_008586,3155.41,network_error,retry,0.7039907934529868,2221.379589569489,3155.41,1
TXN_008587,11661.51,limit_exceeded,alternate_payment,0.5161922812672112,6019.581449920396,0.0,0
TXN_008588,212.42,authentication_failed,customer_followup,0.3211625551436196,68.22134996360766,0.0,0
TXN_008589,898.21,bank_decline,alternate_payment,0.8849330534884947,794.8557179739008,898.21,1
TXN_008590,1466.49,card_expired,customer_followup,0.32530166647303893,477.05164086604685,0.0,0
TXN_008591,7745.18,bank_decline,alternate_payment,0.6604990819892471,5115.684279841477,0.0,0
TXN_008592,351.99,card_expired,customer_followup,0.5414224535603965,190.57528942872398,351.99,1
TXN_008593,12529.75,insufficient_funds,retry_later,0.4457023978578014,5584.539619558787,12529.75,1
TXN_008594,2071.14,insufficient_funds,retry_later,0.2511632365041493,520.1942256532037,0.0,0
TXN_008595,1642.54,authentication_failed,customer_followup,0.35390185422135567,581.2979516327455,0.0,0
TXN_008596,1483.17,card_expired,customer_followup,0.5921550139375285,878.2665520217241,1483.17,1
TXN_008597,1168.8,bank_decline,alternate_payment,0.489510973197191,572.1404254728768,1168.8,1
TXN_008598,5157.03,insufficient_funds,retry_later,0.7187494231051297,3706.6123374358467,5157.03,1
TXN_008599,621.09,authentication_failed,customer_followup,0.7816272826311013,485.4608889693507,621.09,1
TXN_008600,2554.0,insufficient_funds,retry_later,0.6830597243009429,1744.534535864608,2554.0,1
TXN_008601,1231.29,limit_exceeded,alternate_payment,0.6895462264191676,849.0313731276569,1231.29,1
TXN_008602,843.76,bank_decline,alternate_payment,0.36234497908334184,305.7321995513605,0.0,0
TXN_008603,24003.99,card_expired,customer_followup,0.6436495250404,15450.156762574512,0.0,0
TXN_008604,2749.16,limit_exceeded,alternate_payment,0.3988573896606025,1096.522781359342,2749.16,1
TXN_008605,3338.46,network_error,retry_later,0.6907722989472779,2306.1156891435294,3338.46,1
TXN_008606,5640.78,insufficient_funds,retry_later,0.7595963844776169,4284.716093633651,5640.78,1
TXN_008607,436.44,card_expired,customer_followup,0.4794719504857737,209.26073807001106,436.44,1
TXN_008608,10428.44,limit_exceeded,alternate_payment,0.3627931322259042,3783.3664118299084,10428.44,1
TXN_008609,147.09,insufficient_funds,retry_later,0.3571946092864675,52.53975507994651,0.0,0
TXN_008610,838.18,card_expired,customer_followup,0.2771236599445492,232.27950929232222,0.0,0
TXN_008611,1142.49,bank_decline,alternate_payment,0.6191838951605015,707.4114083819214,1142.49,1
TXN_008612,3234.8,network_error,retry,0.5366164199150197,1735.846795141106,0.0,0
TXN_008613,2250.07,insufficient_funds,retry_later,0.350841260648267,789.4173953468462,0.0,0
TXN_008614,1530.25,authentication_failed,customer_followup,0.342777949128529,524.5359566539315,1530.25,1
TXN_008615,1786.48,authentication_failed,customer_followup,0.48438048195863626,865.3360434094645,1786.48,1
TXN_008616,679.92,insufficient_funds,retry_later,0.341206937280029,231.9934207954373,0.0,0
TXN_008617,404.55,card_expired,customer_followup,0.3485602631629533,141.01005446257275,0.0,0
TXN_008618,3738.77,limit_exceeded,alternate_payment,0.32998859052597107,1233.751442600785,3738.77,1
TXN_008619,3618.11,card_expired,customer_followup,0.6929783235192037,2507.2718021080664,3618.11,1
TXN_008620,8817.51,insufficient_funds,retry_later,0.758550366278492,6688.525440164267,8817.51,1
TXN_008621,820.56,card_expired,customer_followup,0.6564472452160719,538.6543515344999,0.0,0
TXN_008622,3614.88,insufficient_funds,retry_later,0.2519879340108766,910.9061428972376,3614.88,1
TXN_008623,1361.43,bank_decline,alternate_payment,0.5558750467270142,756.7849648655589,1361.43,1
TXN_008624,5946.01,limit_exceeded,alternate_payment,0.5467307937401565,3250.8667668869084,0.0,0
TXN_008625,5023.9,network_error,retry,0.9076423941202951,4559.90462382095,5023.9,1
TXN_008626,2233.24,card_expired,customer_followup,0.43359001806277486,968.3105719385112,2233.24,1
TXN_008627,1287.52,network_error,retry_later,0.49648173373969934,639.2301618245377,1287.52,1
TXN_008628,4726.46,bank_decline,alternate_payment,0.3764749240036731,1779.3936693064009,0.0,0
TXN_008629,3452.67,authentication_failed,customer_followup,0.3188414336170527,1100.8542526065894,3452.67,1
TXN_008630,911.93,bank_decline,alternate_payment,0.7852089260870734,716.0555759665848,911.93,1
TXN_008631,479.24,bank_decline,alternate_payment,0.3397254229568819,162.81001169785608,0.0,0
TXN_008632,1354.88,card_expired,customer_followup,0.5431321530376637,735.8788915076699,1354.88,1
TXN_008633,8228.95,limit_exceeded,alternate_payment,0.5231363822201542,4304.863132470538,8228.95,1
TXN_008634,5690.12,limit_exceeded,alternate_payment,0.42347948780628586,2409.649103156303,5690.12,1
TXN_008635,594.47,authentication_failed,customer_followup,0.34334401158810424,204.10771456878032,594.47,1
TXN_008636,562.42,network_error,retry_later,0.46044153679780864,258.9615291258235,0.0,0
TXN_008637,6468.4,authentication_failed,customer_followup,0.39614493253799044,2562.423881628737,0.0,0
TXN_008638,580.78,bank_decline,alternate_payment,0.3202272561107864,185.9815858040225,580.78,1
TXN_008639,3008.8,authentication_failed,customer_followup,0.2649168213500933,797.0817320781608,0.0,0
TXN_008640,976.46,card_expired,customer_followup,0.8700807872400464,849.5990855084158,976.46,1
TXN_008641,9109.24,card_expired,customer_followup,0.32373301304227137,2948.96171172518,0.0,0
TXN_008642,836.79,bank_decline,alternate_payment,0.7996519996959992,669.1407968256151,836.79,1
TXN_008643,5672.37,insufficient_funds,retry_later,0.663269653136745,3762.3108823632783,5672.37,1
TXN_008644,2175.16,authentication_failed,customer_followup,0.35132871183347336,764.1961608316979,2175.16,1
TXN_008645,2326.67,network_error,retry_later,0.43638438064471397,1015.3224469146367,0.0,0
TXN_008646,252.07,bank_decline,alternate_payment,0.5912519300394445,149.0368740050428,252.07,1
TXN_008647,199.75,insufficient_funds,retry_later,0.6282379433469237,125.49052918354802,199.75,1
TXN_008648,1450.17,limit_exceeded,alternate_payment,0.2772335032874357,402.0357094623406,1450.17,1
TXN_008649,2314.4,authentication_failed,customer_followup,0.3708760507682798,858.3555318981067,2314.4,1
TXN_008650,586.87,insufficient_funds,retry_later,0.46732020021278037,274.25620589887444,586.87,1
TXN_008651,608.69,bank_decline,alternate_payment,0.6016606302275909,366.2248090132323,608.69,1
TXN_008652,3169.95,authentication_failed,customer_followup,0.7603091145800869,2410.141877763146,3169.95,1
TXN_008653,3174.34,insufficient_funds,retry_later,0.34594199093613354,1098.1374995082062,3174.34,1
TXN_008654,1575.39,insufficient_funds,retry_later,0.8355629643482447,1316.3375384045814,1575.39,1
TXN_008655,3944.99,card_expired,customer_followup,0.39118003930529505,1543.2013432589958,3944.99,1
TXN_008656,558.8,bank_decline,alternate_payment,0.28129426230590365,157.18723377653896,558.8,1
TXN_008657,1266.57,network_error,retry,0.627866696501713,795.2371217881746,1266.57,1
TXN_008658,9394.48,bank_decline,alternate_payment,0.32741339200900643,3075.8785629607705,9394.48,1
TXN_008659,1935.89,bank_decline,alternate_payment,0.7211061006484707,1395.982089184368,1935.89,1
TXN_008660,2051.47,card_expired,customer_followup,0.5947347282201539,1220.0804529017992,0.0,0
TXN_008661,18141.3,network_error,retry_later,0.28810933770333,5226.677928077421,0.0,0
TXN_008662,446.15,card_expired,customer_followup,0.5162936661325572,230.3444191450404,446.15,1
TXN_008663,4009.53,limit_exceeded,alternate_payment,0.7230302318292163,2899.011405426198,4009.53,1
TXN_008664,9547.04,bank_decline,alternate_payment,0.576702939736687,5505.8060337837405,9547.04,1
TXN_008665,1306.55,insufficient_funds,retry_later,0.37940406691891465,495.7103836329079,1306.55,1
TXN_008666,4271.12,insufficient_funds,retry_later,0.24567110697037683,1049.290778403316,0.0,0
TXN_008667,677.21,bank_decline,alternate_payment,0.6955034813998249,471.0019126387754,677.21,1
TXN_008668,909.84,authentication_failed,customer_followup,0.3448620059360148,313.7692474808237,909.84,1
TXN_008669,2657.04,bank_decline,alternate_payment,0.7947754267850151,2111.7500999848567,2657.04,1
TXN_008670,4018.11,bank_decline,alternate_payment,0.7038968037935366,2828.334786290847,4018.11,1
TXN_008671,5546.58,limit_exceeded,alternate_payment,0.569768145381744,3160.2645998114735,0.0,0
TXN_008672,8687.4,authentication_failed,customer_followup,0.3438936302392671,2987.541523340609,8687.4,1
TXN_008673,1690.12,authentication_failed,customer_followup,0.33226639979407335,561.5700876199592,1690.12,1
TXN_008674,5964.69,card_expired,customer_followup,0.30013533355236705,1790.214222686468,5964.69,1
TXN_008675,1283.95,limit_exceeded,alternate_payment,0.44984490790512,577.5783695047788,1283.95,1
TXN_008676,4456.38,insufficient_funds,retry_later,0.3887147849988681,1732.2607935732558,4456.38,1
TXN_008677,2224.95,authentication_failed,customer_followup,0.26958103455859406,599.8043228411437,2224.95,1
TXN_008678,2823.35,limit_exceeded,alternate_payment,0.33545092246615044,947.0953619448059,2823.35,1
TXN_008679,2761.44,limit_exceeded,alternate_payment,0.6060012381660209,1673.4360591211769,2761.44,1
TXN_008680,363.32,bank_decline,alternate_payment,0.3816631926495039,138.66587115341775,363.32,1
TXN_008681,587.5,network_error,retry,0.6829445625895646,401.2299305213692,587.5,1
TXN_008682,2003.28,network_error,retry,0.708444679644137,1419.2130578375068,2003.28,1
TXN_008683,334.53,card_expired,customer_followup,0.8534880666541118,285.5173629378,334.53,1
TXN_008684,4151.44,network_error,retry,0.6751335590535623,2802.7764623973203,4151.44,1
TXN_008685,4322.36,insufficient_funds,retry_later,0.7689897078364603,3323.850353564002,4322.36,1
TXN_008686,2507.82,bank_decline,alternate_payment,0.5755159908824862,1443.2905122549166,2507.82,1
TXN_008687,589.26,limit_exceeded,alternate_payment,0.3699975662884534,218.02476591113404,589.26,1
TXN_008688,7187.79,network_error,retry,0.6357492046118431,4569.63177541696,7187.79,1
TXN_008689,13866.22,insufficient_funds,retry_later,0.7726533974082873,10713.781992210741,13866.22,1
TXN_008690,2094.51,network_error,retry,0.756794590285716,1585.1138372993353,2094.51,1
TXN_008691,3012.53,bank_decline,alternate_payment,0.40844316612242604,1230.447291238792,3012.53,1
TXN_008692,2212.19,card_expired,customer_followup,0.4186010396216632,926.0250338406471,2212.19,1
TXN_008693,3072.88,insufficient_funds,retry_later,0.7519757485243359,2310.7312381254615,3072.88,1
TXN_008694,1604.3,authentication_failed,customer_followup,0.2626539817978694,421.3757829983219,1604.3,1
TXN_008695,1746.62,authentication_failed,customer_followup,0.3471448004846331,606.3300514224698,1746.62,1
TXN_008696,4472.57,network_error,retry,0.8799356782487862,3935.573916465173,4472.57,1
TXN_008697,18875.58,authentication_failed,customer_followup,0.4652921861523057,8782.65988309274,0.0,0
TXN_008698,445.83,insufficient_funds,retry_later,0.4725176313303949,210.66253557602997,445.83,1
TXN_008699,1629.76,authentication_failed,customer_followup,0.463104164823861,754.7486436633358,1629.76,1
TXN_008700,555.32,insufficient_funds,retry_later,0.41543620006782783,230.70003062166617,555.32,1
TXN_008701,8884.16,limit_exceeded,alternate_payment,0.5397047851577195,4794.823664106805,0.0,0
TXN_008702,1004.52,limit_exceeded,alternate_payment,0.34552942095449785,347.09121393721216,0.0,0
TXN_008703,427.01,authentication_failed,customer_followup,0.5676817973888053,242.40580430299374,427.01,1
TXN_008704,3422.71,limit_exceeded,alternate_payment,0.3112326805509359,1065.2592080484937,3422.71,1
TXN_008705,10345.54,card_expired,customer_followup,0.3228399941205741,3339.9540727741646,10345.54,1
TXN_008706,3510.8,network_error,retry,0.8255494514063575,2898.33901399744,3510.8,1
TXN_008707,2218.97,insufficient_funds,retry_later,0.5588556009227668,1240.0838127795917,0.0,0
TXN_008708,2722.05,card_expired,customer_followup,0.4495369458260813,1223.6620433858845,2722.05,1
TXN_008709,7441.6,network_error,retry,0.8791118471217064,6541.998721540891,7441.6,1
TXN_008710,754.31,card_expired,customer_followup,0.3384191239072197,255.27292935445485,0.0,0
TXN_008711,1616.72,authentication_failed,customer_followup,0.571133959659564,923.3636952608103,1616.72,1
TXN_008712,1149.76,insufficient_funds,retry_later,0.5699128657332555,655.2630165054678,1149.76,1
TXN_008713,562.36,bank_decline,alternate_payment,0.4130466574806505,232.28091830081863,562.36,1
TXN_008714,1301.96,card_expired,customer_followup,0.5768048192840316,750.9768025150378,1301.96,1
TXN_008715,5473.76,bank_decline,alternate_payment,0.4569227638988465,2501.08554811895,0.0,0
TXN_008716,3186.26,insufficient_funds,retry_later,0.3920636990653221,1249.2168817838733,0.0,0
TXN_008717,3443.73,authentication_failed,customer_followup,0.575575792031833,1982.127622293784,3443.73,1
TXN_008718,2093.26,limit_exceeded,alternate_payment,0.7869310048716709,1647.251195257674,2093.26,1
TXN_008719,3051.3,authentication_failed,customer_followup,0.2675554494570651,816.3919429283428,0.0,0
TXN_008720,811.93,limit_exceeded,alternate_payment,0.3022573141519395,245.41178107938424,811.93,1
TXN_008721,1326.75,bank_decline,alternate_payment,0.5343402798105807,708.935966238688,1326.75,1
TXN_008722,2190.76,network_error,retry,0.9041949004332162,1980.8740200730729,2190.76,1
TXN_008723,2386.34,bank_decline,alternate_payment,0.5998942825062279,1431.551722115912,2386.34,1
TXN_008724,2490.37,bank_decline,alternate_payment,0.2987704427781718,744.0489475814757,2490.37,1
TXN_008725,1574.46,bank_decline,alternate_payment,0.4845127188808326,762.8458953691157,0.0,0
TXN_008726,1239.64,bank_decline,alternate_payment,0.5119479924684379,634.6312093835744,0.0,0
TXN_008727,42521.76,insufficient_funds,retry_later,0.4317935420096851,18360.621362885748,42521.76,1
TXN_008728,4477.35,insufficient_funds,retry_later,0.7102302048822307,3179.9492078294556,4477.35,1
TXN_008729,2732.98,bank_decline,alternate_payment,0.329936177787282,901.708975169086,2732.98,1
TXN_008730,1431.95,bank_decline,alternate_payment,0.45304653644642423,648.7399878644572,1431.95,1
TXN_008731,1151.45,authentication_failed,customer_followup,0.43097605026354585,496.2473730759599,1151.45,1
TXN_008732,1586.36,card_expired,customer_followup,0.795098201154331,1261.3119823831846,1586.36,1
TXN_008733,2423.16,insufficient_funds,retry_later,0.651513540155837,1578.7215499640179,2423.16,1
TXN_008734,275.77,limit_exceeded,alternate_payment,0.651283130966732,179.60434902669567,275.77,1
TXN_008735,376.38,network_error,retry,0.8293325604364519,312.1441890970718,376.38,1
TXN_008736,956.34,limit_exceeded,alternate_payment,0.2908494497004932,278.1509627265697,0.0,0
TXN_008737,2224.17,network_error,retry_later,0.6165833980342247,1371.3862964057816,2224.17,1
TXN_008738,1423.29,network_error,retry,0.5356727111011155,762.4176129831067,1423.29,1
TXN_008739,7927.72,card_expired,customer_followup,0.8328916204573484,6602.931557332131,7927.72,1
TXN_008740,410.59,limit_exceeded,alternate_payment,0.3027676795649212,124.31338155256098,410.59,1
TXN_008741,852.91,limit_exceeded,alternate_payment,0.41336086820099444,352.55961809731014,852.91,1
TXN_008742,8267.54,limit_exceeded,alternate_payment,0.6549523016424377,5414.8443519209195,8267.54,1
TXN_008743,2061.36,authentication_failed,customer_followup,0.4662803056434668,961.1715708412167,2061.36,1
TXN_008744,4380.17,card_expired,customer_followup,0.6764217675858075,2962.8423337263266,4380.17,1
TXN_008745,14062.22,bank_decline,alternate_payment,0.2930794474111851,4121.347666974515,14062.22,1
TXN_008746,903.43,authentication_failed,customer_followup,0.5235995365388226,473.0355292952685,903.43,1
TXN_008747,1637.11,authentication_failed,customer_followup,0.5949567339861661,974.0096187760923,1637.11,1
TXN_008748,1376.88,bank_decline,alternate_payment,0.8745051924144992,1204.0887093316758,1376.88,1
TXN_008749,256.06,network_error,retry_later,0.42527485845688084,108.89588025646891,256.06,1
TXN_008750,1325.58,network_error,retry,0.8749247049984714,1159.7826904518736,1325.58,1
TXN_008751,4363.64,insufficient_funds,retry_later,0.5053464005909623,2205.1497674747466,4363.64,1
TXN_008752,3104.44,network_error,retry_later,0.7484037485913559,2323.374533276949,3104.44,1
TXN_008753,3357.94,card_expired,customer_followup,0.5406520499959666,1815.4771447634562,3357.94,1
TXN_008754,1242.02,authentication_failed,customer_followup,0.22093422436623927,274.4047253473565,1242.02,1
TXN_008755,938.14,limit_exceeded,alternate_payment,0.21533158868141158,202.01117660557946,0.0,0
TXN_008756,6433.38,insufficient_funds,retry_later,0.28998170198221174,1865.5624818983213,0.0,0
TXN_008757,1099.58,insufficient_funds,retry_later,0.7700078847474047,846.6852699105511,1099.58,1
TXN_008758,2426.2,network_error,retry,0.87962645846483,2134.1497135273703,2426.2,1
TXN_008759,2128.84,insufficient_funds,retry_later,0.5814135014522135,1237.7363184315302,2128.84,1
TXN_008760,7798.74,insufficient_funds,retry_later,0.6932272855933027,5406.299361247913,7798.74,1
TXN_008761,4776.26,bank_decline,alternate_payment,0.46495414236607036,2220.7418720173673,4776.26,1
TXN_008762,495.09,limit_exceeded,alternate_payment,0.5865551867318851,290.397607399089,495.09,1
TXN_008763,551.39,network_error,retry,0.46505515019569266,256.426759266403,551.39,1
TXN_008764,3225.71,network_error,retry,0.9056706016758582,2921.430716531833,3225.71,1
TXN_008765,1695.38,authentication_failed,customer_followup,0.248271469440866,420.9144838606554,1695.38,1
TXN_008766,1146.91,card_expired,customer_followup,0.3611267598674432,414.1798921595693,0.0,0
TXN_008767,4992.18,insufficient_funds,retry_later,0.4895308048936926,2443.8258935741947,0.0,0
TXN_008768,2180.83,insufficient_funds,retry_later,0.6530660583158979,1424.2260519570596,2180.83,1
TXN_008769,1905.42,limit_exceeded,alternate_payment,0.4556975534690372,868.2952323309728,1905.42,1
TXN_008770,3943.52,limit_exceeded,alternate_payment,0.23217177071092912,915.5740212339632,3943.52,1
TXN_008771,1242.51,card_expired,customer_followup,0.3167891366932038,393.61367023267263,1242.51,1
TXN_008772,8677.76,limit_exceeded,alternate_payment,0.5067025399806704,4397.043033342662,8677.76,1
TXN_008773,822.17,card_expired,customer_followup,0.2437139229148204,200.37427600287788,0.0,0
TXN_008774,3487.46,insufficient_funds,retry_later,0.43490982632323705,1516.7306229092362,3487.46,1
TXN_008775,7584.28,card_expired,customer_followup,0.21870013605591154,1658.6830678861288,0.0,0
TXN_008776,456.1,limit_exceeded,alternate_payment,0.4707618368084615,214.7144737683393,456.1,1
TXN_008777,1282.63,bank_decline,alternate_payment,0.8196954072750242,1051.3659202331644,0.0,0
TXN_008778,5665.82,card_expired,customer_followup,0.7354847942349778,4167.124456872421,5665.82,1
TXN_008779,5751.66,network_error,retry_later,0.5329771932396663,3065.503603268859,0.0,0
TXN_008780,1523.1,insufficient_funds,retry_later,0.6778694724590968,1032.4629935024502,1523.1,1
TXN_008781,867.25,insufficient_funds,retry_later,0.6300049565464836,546.3717985649379,867.25,1
TXN_008782,4702.91,card_expired,customer_followup,0.39985375380928856,1880.476217327241,0.0,0
TXN_008783,5904.97,limit_exceeded,alternate_payment,0.5179704809383617,3058.600150826598,5904.97,1
TXN_008784,564.16,authentication_failed,customer_followup,0.6284045661387059,354.5207200328123,564.16,1
TXN_008785,542.44,limit_exceeded,alternate_payment,0.6116160035615146,331.764984971908,542.44,1
TXN_008786,2264.83,bank_decline,alternate_payment,0.5188599254798412,1175.1295250245087,2264.83,1
TXN_008787,3392.63,network_error,retry,0.7769093875838495,2635.7660955985957,3392.63,1
TXN_008788,1340.68,card_expired,customer_followup,0.38490555159961903,516.0351749185772,0.0,0
TXN_008789,3566.34,limit_exceeded,alternate_payment,0.3472547158418476,1238.4283832954147,3566.34,1
TXN_008790,888.79,authentication_failed,customer_followup,0.811435999430264,721.1962019336244,888.79,1
TXN_008791,218.18,card_expired,customer_followup,0.3378959359125145,73.72213529739241,0.0,0
TXN_008792,1183.34,limit_exceeded,alternate_payment,0.3283866744299534,388.59308731994105,1183.34,1
TXN_008793,1926.06,insufficient_funds,retry_later,0.3880397631150707,747.3878661454131,1926.06,1
TXN_008794,1372.19,network_error,retry,0.7260222608252672,996.2404860818235,1372.19,1
TXN_008795,567.59,card_expired,customer_followup,0.6993180306396971,396.9259210107857,567.59,1
TXN_008796,294.23,insufficient_funds,retry_later,0.6173848188808381,181.653135259309,294.23,1
TXN_008797,1081.29,bank_decline,alternate_payment,0.3408119459649127,368.5165490524005,1081.29,1
TXN_008798,4436.65,insufficient_funds,retry_later,0.6177370720852432,2740.683180866994,4436.65,1
TXN_008799,6349.92,limit_exceeded,alternate_payment,0.22003102386268164,1397.1793990461194,6349.92,1
TXN_008800,5929.61,card_expired,customer_followup,0.2881597052744415,1708.674669992381,5929.61,1
TXN_008801,799.58,card_expired,customer_followup,0.39253514285636293,313.8632495250907,799.58,1
TXN_008802,570.37,bank_decline,alternate_payment,0.8314436672252318,474.23052447525544,570.37,1
TXN_008803,2970.94,card_expired,customer_followup,0.7962014148851702,2365.4666315389472,2970.94,1
TXN_008804,3412.16,authentication_failed,customer_followup,0.8696093021662115,2967.24607647946,0.0,0
TXN_008805,2697.74,bank_decline,alternate_payment,0.5054590984412859,1363.5972282289945,2697.74,1
TXN_008806,241.27,limit_exceeded,alternate_payment,0.27633009844239614,66.67016285119692,0.0,0
TXN_008807,759.85,network_error,retry,0.831310119536348,631.670994329694,759.85,1
TXN_008808,1755.15,insufficient_funds,retry_later,0.3493766963659951,613.2085086267764,0.0,0
TXN_008809,2943.1,network_error,retry_later,0.5807531864185678,1709.2147029484868,2943.1,1
TXN_008810,3894.45,limit_exceeded,alternate_payment,0.39440553368474646,1535.9926306585608,3894.45,1
TXN_008811,2088.61,bank_decline,alternate_payment,0.8261133154035303,1725.4285316849675,2088.61,1
TXN_008812,2516.9,authentication_failed,customer_followup,0.30540773185002273,768.6807202933222,2516.9,1
TXN_008813,1968.18,bank_decline,alternate_payment,0.25211539652725407,496.20848113701095,0.0,0
TXN_008814,3588.97,authentication_failed,customer_followup,0.3728544643207614,1338.163486813283,3588.97,1
TXN_008815,2472.2,card_expired,customer_followup,0.47818952440538964,1182.1801422350043,2472.2,1
TXN_008816,1930.89,bank_decline,alternate_payment,0.8409060756311633,1623.697132375457,1930.89,1
TXN_008817,1382.48,network_error,retry_later,0.69640467807201,962.7655393409924,0.0,0
TXN_008818,1961.16,insufficient_funds,retry_later,0.48568883059267615,952.5135070051327,1961.16,1
TXN_008819,2935.38,bank_decline,alternate_payment,0.7461372206228707,2190.1962746719623,2935.38,1
TXN_008820,2362.5,insufficient_funds,retry_later,0.5969765241832339,1410.35703838289,2362.5,1
TXN_008821,2646.06,bank_decline,alternate_payment,0.4449625949963549,1177.3977241160549,2646.06,1
TXN_008822,6923.81,bank_decline,alternate_payment,0.8600179539317307,5954.600909612057,0.0,0
TXN_008823,2357.04,bank_decline,alternate_payment,0.3138634169330976,739.7886282479884,2357.04,1
TXN_008824,944.83,limit_exceeded,alternate_payment,0.28535714697041203,269.6139931720544,944.83,1
TXN_008825,4374.76,card_expired,customer_followup,0.2850788059356721,1247.1513570551408,0.0,0
TXN_008826,461.19,network_error,retry_later,0.6002972303773298,276.85107967772075,461.19,1
TXN_008827,613.14,card_expired,customer_followup,0.7828660370169481,480.00648193657156,613.14,1
TXN_008828,2529.68,network_error,retry_later,0.7538602591750452,1907.0252204299281,2529.68,1
TXN_008829,3030.24,limit_exceeded,alternate_payment,0.7124849746686819,2159.0004696400265,3030.24,1
TXN_008830,520.58,insufficient_funds,retry_later,0.5503275862454529,286.48953484765786,520.58,1
TXN_008831,1232.97,card_expired,customer_followup,0.370590767226013,456.9272982666572,1232.97,1
TXN_008832,986.26,insufficient_funds,retry_later,0.6624620942953567,653.3598651197385,986.26,1
TXN_008833,1111.34,bank_decline,alternate_payment,0.4890729891436874,543.5263757549455,1111.34,1
TXN_008834,4645.24,card_expired,customer_followup,0.3725012446080783,1730.3576815032297,4645.24,1
TXN_008835,3664.71,card_expired,customer_followup,0.4416556567857205,1618.5399019791978,0.0,0
TXN_008836,1773.8,bank_decline,alternate_payment,0.7698539601455949,1365.5669545062563,1773.8,1
TXN_008837,1047.37,authentication_failed,customer_followup,0.7419112576513147,777.0555939262574,1047.37,1
TXN_008838,468.88,insufficient_funds,retry_later,0.5852818294025173,274.4269441702523,468.88,1
TXN_008839,7481.47,network_error,retry_later,0.6301385735763769,4714.3628340544565,0.0,0
TXN_008840,3268.59,network_error,retry,0.6786891374151842,2218.356527663897,3268.59,1
TXN_008841,891.88,network_error,retry,0.7206586847388012,642.7410677448421,891.88,1
TXN_008842,3713.02,card_expired,customer_followup,0.4350224775081729,1615.2471594373962,0.0,0
TXN_008843,1685.43,network_error,retry,0.5399183238383829,909.9945405469257,1685.43,1
TXN_008844,1356.81,network_error,retry,0.9120332218601366,1237.455795752052,1356.81,1
TXN_008845,2793.95,bank_decline,alternate_payment,0.4537087170900942,1267.6394701138686,2793.95,1
TXN_008846,861.35,insufficient_funds,retry_later,0.7882717258333494,678.9778510465555,861.35,1
TXN_008847,1282.09,card_expired,customer_followup,0.32385906344397786,415.2164666508896,0.0,0
TXN_008848,2041.54,bank_decline,alternate_payment,0.42314600880042885,863.8695028064275,2041.54,1
TXN_008849,1097.24,bank_decline,alternate_payment,0.38083847872512533,417.8712123963565,1097.24,1
TXN_008850,3530.11,limit_exceeded,alternate_payment,0.38146526357285715,1346.6143415911788,3530.11,1
TXN_008851,11720.17,card_expired,customer_followup,0.38310021159073443,4489.999606879378,0.0,0
TXN_008852,850.4,bank_decline,alternate_payment,0.654563224607972,556.6405662066194,850.4,1
TXN_008853,342.02,authentication_failed,customer_followup,0.2923623196794829,99.99376057677674,342.02,1
TXN_008854,244.27,limit_exceeded,alternate_payment,0.6321900857753762,154.42507225235113,244.27,1
TXN_008855,1555.47,card_expired,customer_followup,0.5964332587991021,927.7340410642395,1555.47,1
TXN_008856,931.54,insufficient_funds,retry_later,0.42634726150269275,397.1595279802184,931.54,1
TXN_008857,2225.78,limit_exceeded,alternate_payment,0.49818381287620994,1108.8475670236107,2225.78,1
TXN_008858,2064.41,limit_exceeded,alternate_payment,0.3706004018935619,765.0711756730881,2064.41,1
TXN_008859,363.87,card_expired,customer_followup,0.47373502842578635,172.3779647932909,363.87,1
TXN_008860,294.45,bank_decline,alternate_payment,0.5784121274606275,170.31345093078178,294.45,1
TXN_008861,2430.7,limit_exceeded,alternate_payment,0.43622287548622873,1060.3269434443762,2430.7,1
TXN_008862,2070.26,limit_exceeded,alternate_payment,0.7087860696015529,1467.3714484533111,2070.26,1
TXN_008863,1181.08,bank_decline,alternate_payment,0.6179221165937543,729.8154534665513,0.0,0
TXN_008864,344.76,insufficient_funds,retry_later,0.47093683040154355,162.36018164923615,344.76,1
TXN_008865,2896.88,insufficient_funds,retry_later,0.347427578267353,1006.4560029311295,2896.88,1
TXN_008866,6450.41,limit_exceeded,alternate_payment,0.23789235714404489,1534.5032394455186,0.0,0
TXN_008867,2387.45,authentication_failed,customer_followup,0.3296475351663338,787.0170078328637,2387.45,1
TXN_008868,774.74,card_expired,customer_followup,0.26542342619368925,205.63414520929882,774.74,1
TXN_008869,1890.42,network_error,retry_later,0.6318061810171154,1194.3790407183753,0.0,0
TXN_008870,461.22,bank_decline,alternate_payment,0.5906614519902958,272.4248748869643,461.22,1
TXN_008871,5208.05,network_error,retry,0.8015998888782156,4174.772301272191,5208.05,1
TXN_008872,1962.24,bank_decline,alternate_payment,0.41230929290474166,809.0497869094003,1962.24,1
TXN_008873,308.54,insufficient_funds,retry_later,0.37120422333125747,114.53135106662619,0.0,0
TXN_008874,1338.53,network_error,retry,0.8702386832267919,1164.8405846595576,1338.53,1
TXN_008875,2873.54,bank_decline,alternate_payment,0.6472468383633362,1859.889679910581,0.0,0
TXN_008876,1295.89,card_expired,customer_followup,0.32968125451228225,427.2306409099215,1295.89,1
TXN_008877,1372.11,card_expired,customer_followup,0.5116004619741895,701.9721098794051,1372.11,1
TXN_008878,531.44,card_expired,customer_followup,0.29441040993121526,156.46146825384506,531.44,1
TXN_008879,3186.06,bank_decline,alternate_payment,0.369278217121925,1176.5425564434804,3186.06,1
TXN_008880,945.33,limit_exceeded,alternate_payment,0.24873325983509117,235.13501251990675,945.33,1
TXN_008881,209.26,card_expired,customer_followup,0.47773521511523026,99.97087111501308,209.26,1
TXN_008882,1247.31,authentication_failed,customer_followup,0.5000521462358665,623.7200425214586,1247.31,1
TXN_008883,4822.99,authentication_failed,customer_followup,0.32942524960476893,1588.8146845913045,4822.99,1
TXN_008884,1227.91,insufficient_funds,retry_later,0.7416310505325661,910.6561832594432,1227.91,1
TXN_008885,10280.3,network_error,retry,0.7932269199668156,8154.610705334854,10280.3,1
TXN_008886,2776.56,limit_exceeded,alternate_payment,0.37930629276924194,1053.1666802513664,2776.56,1
TXN_008887,2537.05,bank_decline,alternate_payment,0.44932490770488165,1139.95975709267,0.0,0
TXN_008888,1590.18,limit_exceeded,alternate_payment,0.5774800574493699,918.2972377548391,1590.18,1
TXN_008889,1688.7,card_expired,customer_followup,0.2838792129907404,479.3868269774634,1688.7,1
TXN_008890,1389.33,card_expired,customer_followup,0.333351893526496,463.1357862331667,1389.33,1
TXN_008891,1336.39,insufficient_funds,retry_later,0.27525962861704295,367.85421508753006,1336.39,1
TXN_008892,3074.41,bank_decline,alternate_payment,0.49590425225504065,1524.6129921754195,0.0,0
TXN_008893,709.22,bank_decline,alternate_payment,0.3758873469953479,266.5868242360407,0.0,0
TXN_008894,616.53,card_expired,customer_followup,0.5290993189601354,326.20560311849226,616.53,1
TXN_008895,588.05,bank_decline,alternate_payment,0.556441078540338,327.21517623564574,588.05,1
TXN_008896,13983.8,card_expired,customer_followup,0.23455182191251397,3279.9257672602125,13983.8,1
TXN_008897,3072.8,authentication_failed,customer_followup,0.26434887272431273,812.2912161072683,3072.8,1
TXN_008898,2451.59,card_expired,customer_followup,0.7027447250743979,1722.8419405451432,2451.59,1
TXN_008899,627.97,insufficient_funds,retry_later,0.5118807495525924,321.4457542965415,627.97,1
TXN_008900,3372.27,insufficient_funds,retry_later,0.41287189301769106,1392.315498666769,0.0,0
TXN_008901,1609.1,card_expired,customer_followup,0.5333909621806708,858.2793972449174,1609.1,1
TXN_008902,2239.86,bank_decline,alternate_payment,0.4293975719493157,961.7904455063943,0.0,0
TXN_008903,680.88,network_error,retry,0.5263291130130822,358.36696646834736,680.88,1
TXN_008904,2122.33,limit_exceeded,alternate_payment,0.2925643978061402,620.9181983959055,0.0,0
TXN_008905,1183.42,authentication_failed,customer_followup,0.42808103869074804,506.5996628074051,1183.42,1
TXN_008906,840.83,network_error,retry,0.7851163396964883,660.1493719069983,840.83,1
TXN_008907,3767.27,authentication_failed,customer_followup,0.3864065618857778,1455.6978483954342,3767.27,1
TXN_008908,388.5,authentication_failed,customer_followup,0.40829965451929184,158.62441578074487,388.5,1
TXN_008909,3180.44,bank_decline,alternate_payment,0.8805628874388125,2800.5774297258968,3180.44,1
TXN_008910,3584.9,authentication_failed,customer_followup,0.5827154347248626,2088.97656194516,0.0,0
TXN_008911,750.21,insufficient_funds,retry_later,0.6742759505875506,505.84856089028636,0.0,0
TXN_008912,796.06,insufficient_funds,retry_later,0.43176824371206934,343.7134280894299,0.0,0
TXN_008913,1446.6,authentication_failed,customer_followup,0.24650811971425768,356.59864597864515,0.0,0
TXN_008914,2397.15,card_expired,customer_followup,0.3033510344002705,727.1779321126085,2397.15,1
TXN_008915,1551.76,network_error,retry,0.9092631311525562,1410.9581563972906,1551.76,1
TXN_008916,2789.35,bank_decline,alternate_payment,0.4228084399761858,1179.3607220475737,2789.35,1
TXN_008917,10540.49,authentication_failed,customer_followup,0.7833495962707955,8256.888585996358,10540.49,1
TXN_008918,1088.2,authentication_failed,customer_followup,0.6014913076170268,654.5428409488486,1088.2,1
TXN_008919,325.32,authentication_failed,customer_followup,0.3790259528772966,123.30472299004214,325.32,1
TXN_008920,4129.55,insufficient_funds,retry_later,0.8553132161920526,3532.058691925891,4129.55,1
TXN_008921,9733.36,insufficient_funds,retry_later,0.4357480856779874,4241.292987214696,9733.36,1
TXN_008922,2677.85,network_error,retry,0.9296201342757909,2489.3832765704265,2677.85,1
TXN_008923,609.26,bank_decline,alternate_payment,0.7900412535900834,481.3405341622942,609.26,1
TXN_008924,1597.36,authentication_failed,customer_followup,0.35279555314903055,563.5415047781354,0.0,0
TXN_008925,590.8,insufficient_funds,retry_later,0.42459721594836325,250.85203518229298,590.8,1
TXN_008926,3438.72,insufficient_funds,retry_later,0.6090386233204041,2094.31329478434,3438.72,1
TXN_008927,468.11,card_expired,customer_followup,0.4394243433194511,205.69892935126828,468.11,1
TXN_008928,1339.26,authentication_failed,customer_followup,0.705563981814192,944.9336182844747,1339.26,1
TXN_008929,662.26,authentication_failed,customer_followup,0.3497165373575521,231.60327403041245,662.26,1
TXN_008930,2052.52,bank_decline,alternate_payment,0.28976179774301725,594.7418851034978,0.0,0
TXN_008931,1253.45,limit_exceeded,alternate_payment,0.3247320567166594,407.0353964914967,1253.45,1
TXN_008932,2157.62,limit_exceeded,alternate_payment,0.6071102690703913,1309.9132587516576,2157.62,1
TXN_008933,1848.91,limit_exceeded,alternate_payment,0.40757341993543356,753.5665718528224,1848.91,1
TXN_008934,674.07,card_expired,customer_followup,0.24773324397421884,166.9895477657017,0.0,0
TXN_008935,3384.21,authentication_failed,customer_followup,0.2910371452767661,984.9308174170847,3384.21,1
TXN_008936,1721.99,insufficient_funds,retry_later,0.6998399002152567,1205.1173097716699,1721.99,1
TXN_008937,672.82,network_error,retry,0.5932635498962585,399.1595816412007,672.82,1
TXN_008938,16999.28,bank_decline,alternate_payment,0.29790338701660846,5064.143088843692,0.0,0
TXN_008939,2911.52,authentication_failed,customer_followup,0.6301555483181451,1834.7104820392458,2911.52,1
TXN_008940,1551.13,authentication_failed,customer_followup,0.27544260012188354,427.24728032705724,1551.13,1
TXN_008941,7444.3,insufficient_funds,retry_later,0.7152398789843997,5324.460231123567,7444.3,1
TXN_008942,11405.1,network_error,retry,0.7602355190871002,8670.562118740287,11405.1,1
TXN_008943,1563.45,insufficient_funds,retry_later,0.812877421312504,1270.8932043510345,1563.45,1
TXN_008944,2559.07,insufficient_funds,retry_later,0.25495548291321346,652.4489276587173,0.0,0
TXN_008945,673.17,limit_exceeded,alternate_payment,0.41644800339661825,280.3403024465015,673.17,1
TXN_008946,1560.57,network_error,retry_later,0.42913507031867276,669.6953166872112,0.0,0
TXN_008947,1481.69,insufficient_funds,retry_later,0.5510982436882601,816.5567566904581,1481.69,1
TXN_008948,2175.09,insufficient_funds,retry_later,0.35278485907255075,767.3388191201144,0.0,0
TXN_008949,2521.88,insufficient_funds,retry_later,0.40910957095098466,1031.7252447898693,2521.88,1
TXN_008950,3164.75,network_error,retry,0.9374749872603554,2966.8739659322096,3164.75,1
TXN_008951,2293.06,insufficient_funds,retry_later,0.7016540832949698,1608.9349122403635,2293.06,1
TXN_008952,538.75,network_error,retry_later,0.5743999908896311,309.45799509178875,0.0,0
TXN_008953,707.36,authentication_failed,customer_followup,0.8476858554261042,599.6190666942091,707.36,1
TXN_008954,1046.9,limit_exceeded,alternate_payment,0.5664756773200643,593.0433865863754,1046.9,1
TXN_008955,1363.43,limit_exceeded,alternate_payment,0.2881427366238245,392.8624513950211,1363.43,1
TXN_008956,5170.76,authentication_failed,customer_followup,0.5229371980182601,2703.982746024899,5170.76,1
TXN_008957,565.13,insufficient_funds,retry_later,0.6163583836623792,348.32261335912034,565.13,1
TXN_008958,1264.69,card_expired,customer_followup,0.8216601401396666,1039.145362633235,1264.69,1
TXN_008959,4689.16,authentication_failed,customer_followup,0.5383217588510207,2524.2768587338524,4689.16,1
TXN_008960,1339.59,network_error,retry,0.8592377042527526,1151.0262362399449,1339.59,1
TXN_008961,2865.26,limit_exceeded,alternate_payment,0.8221542606711316,2355.6857169305667,2865.26,1
TXN_008962,1572.56,authentication_failed,customer_followup,0.8495745505793774,1336.0069552591056,1572.56,1
TXN_008963,2337.37,limit_exceeded,alternate_payment,0.33051767943133964,772.5421083724303,2337.37,1
TXN_008964,1438.75,authentication_failed,customer_followup,0.337401247654563,485.4360450630025,1438.75,1
TXN_008965,3522.99,insufficient_funds,retry_later,0.6196277642954546,2182.9424173352436,3522.99,1
TXN_008966,385.66,network_error,retry_later,0.5204342213374573,200.7106618010038,0.0,0
TXN_008967,1257.26,card_expired,customer_followup,0.3363955037404971,422.93661103277736,0.0,0
TXN_008968,2432.25,network_error,retry_later,0.5234157849161979,1273.0780428624223,0.0,0
TXN_008969,3083.11,authentication_failed,customer_followup,0.35029903019322334,1080.0104429790288,3083.11,1
TXN_008970,8046.18,authentication_failed,customer_followup,0.292817545753745,2356.062680292868,8046.18,1
TXN_008971,1222.89,insufficient_funds,retry_later,0.5764525294211167,704.9380337037894,1222.89,1
TXN_008972,7938.52,card_expired,customer_followup,0.3822677219032363,3034.63995568328,7938.52,1
TXN_008973,935.4,limit_exceeded,alternate_payment,0.3102368270110208,290.19552798610886,935.4,1
TXN_008974,6827.04,bank_decline,alternate_payment,0.24415557924629006,1666.859905737592,6827.04,1
TXN_008975,4094.78,limit_exceeded,alternate_payment,0.7584529790919581,3105.6980897261683,4094.78,1
TXN_008976,725.27,card_expired,customer_followup,0.5728002197260296,415.4348153606974,725.27,1
TXN_008977,2457.84,network_error,retry,0.794676749125942,1953.1883010717054,2457.84,1
TXN_008978,1717.74,insufficient_funds,retry_later,0.44083555409687264,757.240864694362,1717.74,1
TXN_008979,3379.84,limit_exceeded,alternate_payment,0.4691160546513573,1585.5372061528435,3379.84,1
TXN_008980,1446.25,bank_decline,alternate_payment,0.6733111088596956,973.7761911883348,1446.25,1
TXN_008981,1329.76,bank_decline,alternate_payment,0.6785537800511288,902.313674560789,1329.76,1
TXN_008982,7108.84,limit_exceeded,alternate_payment,0.5723345565970028,4068.6347893190377,7108.84,1
TXN_008983,1638.08,network_error,retry,0.6423720283468636,1052.2567721944301,1638.08,1
TXN_008984,4131.61,insufficient_funds,retry_later,0.37202351199594774,1537.0560623975775,4131.61,1
TXN_008985,1443.24,bank_decline,alternate_payment,0.46262809382619396,667.6833701337162,1443.24,1
TXN_008986,9572.63,insufficient_funds,retry_later,0.35133874520246317,3363.2358124874545,0.0,0
TXN_008987,917.51,network_error,retry,0.8469211615594797,777.0586349424382,917.51,1
TXN_008988,978.34,network_error,retry_later,0.4365016475187944,427.0470218335373,0.0,0
TXN_008989,8304.2,insufficient_funds,retry_later,0.7955157824340189,6606.12216048858,8304.2,1
TXN_008990,1158.7,limit_exceeded,alternate_payment,0.4104868787224444,475.63114637569635,1158.7,1
TXN_008991,8964.92,limit_exceeded,alternate_payment,0.339011296742292,3039.2091543909087,8964.92,1
TXN_008992,4410.93,network_error,retry_later,0.7076990872429415,3121.6111348925083,4410.93,1
TXN_008993,1548.98,limit_exceeded,alternate_payment,0.550534889340484,852.7675328906229,1548.98,1
TXN_008994,294.92,limit_exceeded,alternate_payment,0.5735928800597725,169.1640121872281,294.92,1
TXN_008995,1773.45,network_error,retry_later,0.4489003680721223,796.1023577575053,1773.45,1
TXN_008996,2001.46,bank_decline,alternate_payment,0.3088438059788876,618.1385239145044,2001.46,1
TXN_008997,5809.31,insufficient_funds,retry_later,0.36890365502425965,2143.0756921689817,5809.31,1
TXN_008998,8852.43,network_error,retry,0.9027536523379237,7991.563514565806,0.0,0
TXN_008999,911.43,card_expired,customer_followup,0.3479517574862758,317.13367032571637,911.43,1
TXN_009000,4028.63,card_expired,customer_followup,0.28674958405434015,1155.2079768088363,0.0,0
TXN_009001,3887.04,network_error,retry_later,0.6905839829204433,2684.32756497108,0.0,0
TXN_009002,5289.15,authentication_failed,customer_followup,0.24962629129802552,1320.3108986189516,5289.15,1
TXN_009003,2977.06,card_expired,customer_followup,0.339946398325843,1012.0408245999341,0.0,0
TXN_009004,259.17,bank_decline,alternate_payment,0.2770645065186733,71.80680815444457,259.17,1
TXN_009005,1547.78,bank_decline,alternate_payment,0.2750206266181033,425.6714254669679,0.0,0
TXN_009006,569.23,bank_decline,alternate_payment,0.452028457268264,257.30815873081394,569.23,1
TXN_009007,1476.45,network_error,retry_later,0.5598678832304851,826.6169361956497,1476.45,1
TXN_009008,4817.47,limit_exceeded,alternate_payment,0.6567923173882764,3164.0772852484997,4817.47,1
TXN_009009,2453.21,network_error,retry,0.7948469178771915,1949.926407405505,2453.21,1
TXN_009010,5699.26,limit_exceeded,alternate_payment,0.5487476630640183,3127.455606194237,5699.26,1
TXN_009011,2544.66,card_expired,customer_followup,0.7972506613742806,2028.7318679726768,2544.66,1
TXN_009012,493.57,bank_decline,alternate_payment,0.35152244359248735,173.50093248394398,493.57,1
TXN_009013,145.35,bank_decline,alternate_payment,0.8277100784299039,120.30765989978651,145.35,1
TXN_009014,2098.14,authentication_failed,customer_followup,0.31868397375715674,668.6435926988408,2098.14,1
TXN_009015,1459.83,network_error,retry,0.5952494012632369,868.962933446111,1459.83,1
TXN_009016,680.65,card_expired,customer_followup,0.345254456090604,234.9974455380696,680.65,1
TXN_009017,330.09,card_expired,customer_followup,0.8315485115798766,274.4858481874015,330.09,1
TXN_009018,867.19,network_error,retry,0.7191358183717309,623.6273903337814,867.19,1
TXN_009019,1488.48,limit_exceeded,alternate_payment,0.2644854418246445,393.68129044714686,1488.48,1
TXN_009020,3518.81,bank_decline,alternate_payment,0.4434959619351644,1560.5780258170757,3518.81,1
TXN_009021,2183.38,insufficient_funds,retry_later,0.6189497001907666,1351.402396402516,2183.38,1
TXN_009022,9027.83,limit_exceeded,alternate_payment,0.4544937856544436,4103.092632944756,0.0,0
TXN_009023,641.88,limit_exceeded,alternate_payment,0.4155500202355117,266.73324698877025,641.88,1
TXN_009024,4363.63,card_expired,customer_followup,0.2836794297758958,1237.8720701529921,4363.63,1
TXN_009025,1895.62,limit_exceeded,alternate_payment,0.5444319877231643,1032.0361645677847,1895.62,1
TXN_009026,3621.59,network_error,retry_later,0.47057595602412605,1704.2331765774147,3621.59,1
TXN_009027,1168.51,bank_decline,alternate_payment,0.41915723272548233,489.7894180120534,1168.51,1
TXN_009028,5279.99,bank_decline,alternate_payment,0.6288599926357707,3320.374472516943,5279.99,1
TXN_009029,2428.98,limit_exceeded,alternate_payment,0.7767141879121946,1886.6232281549624,0.0,0
TXN_009030,916.49,bank_decline,alternate_payment,0.611212512963816,560.1701560062077,916.49,1
TXN_009031,1786.43,authentication_failed,customer_followup,0.7166516384939706,1280.247986554784,1786.43,1
TXN_009032,1422.89,limit_exceeded,alternate_payment,0.36927076587052865,525.4316800495166,1422.89,1
TXN_009033,2948.87,bank_decline,alternate_payment,0.3258787769668542,960.9741490342473,2948.87,1
TXN_009034,555.7,authentication_failed,customer_followup,0.26536514834523656,147.46341293544796,0.0,0
TXN_009035,1755.74,limit_exceeded,alternate_payment,0.5993568022892699,1052.3147120513627,1755.74,1
TXN_009036,2684.65,network_error,retry_later,0.3311361885081595,888.9847684784305,0.0,0
TXN_009037,1868.75,bank_decline,alternate_payment,0.6882295899165458,1286.129046156545,1868.75,1
TXN_009038,6953.09,network_error,retry_later,0.6526963195768096,4538.256252686319,0.0,0
TXN_009039,3920.69,card_expired,customer_followup,0.3245306077665853,1272.3839085643733,0.0,0
TXN_009040,1794.57,limit_exceeded,alternate_payment,0.2293553396474215,411.5942118710732,1794.57,1
TXN_009041,2245.51,bank_decline,alternate_payment,0.8281923069618405,1859.7141072058828,2245.51,1
TXN_009042,2430.05,authentication_failed,customer_followup,0.2700875891679685,656.3263460576219,2430.05,1
TXN_009043,2706.2,card_expired,customer_followup,0.30611817209244185,828.416997316566,0.0,0
TXN_009044,291.3,network_error,retry,0.823373916576366,239.84882189869543,291.3,1
TXN_009045,1337.39,insufficient_funds,retry_later,0.5955647590257648,796.5023530734676,1337.39,1
TXN_009046,409.76,network_error,retry_later,0.5947351620395258,243.69867999731608,409.76,1
TXN_009047,6491.71,card_expired,customer_followup,0.32528839484199507,2111.6779256797277,6491.71,1
TXN_009048,1701.3,card_expired,customer_followup,0.41664452460569423,708.8373297116676,1701.3,1
TXN_009049,1490.19,limit_exceeded,alternate_payment,0.2757637511786706,410.9403843689431,0.0,0
TXN_009050,4432.85,card_expired,customer_followup,0.3963254569060368,1756.8513016459256,4432.85,1
TXN_009051,2758.18,bank_decline,alternate_payment,0.3103558809365497,856.0173836815726,0.0,0
TXN_009052,584.86,network_error,retry_later,0.6408366727472354,374.7997364229481,584.86,1
TXN_009053,1684.28,limit_exceeded,alternate_payment,0.558942576266156,941.4158023535612,1684.28,1
TXN_009054,1293.15,network_error,retry,0.796401092991786,1029.866073402328,1293.15,1
TXN_009055,315.91,authentication_failed,customer_followup,0.5488199017253421,173.37769515405284,315.91,1
TXN_009056,906.62,network_error,retry_later,0.581105025241414,526.8414379843708,0.0,0
TXN_009057,1504.87,authentication_failed,customer_followup,0.35101529099956674,528.232380966518,0.0,0
TXN_009058,1611.71,insufficient_funds,retry_later,0.7478255438708792,1205.2779073121346,1611.71,1
TXN_009059,410.66,bank_decline,alternate_payment,0.7437769009220299,305.4394221326408,410.66,1
TXN_009060,5719.67,limit_exceeded,alternate_payment,0.7214199220279205,4126.283885425436,5719.67,1
TXN_009061,1632.55,limit_exceeded,alternate_payment,0.24013493602577152,392.03228980887326,0.0,0
TXN_009062,1877.23,network_error,retry_later,0.5255724887819824,986.6204431162008,0.0,0
TXN_009063,2699.01,insufficient_funds,retry_later,0.6623648773043989,1787.7294274933456,2699.01,1
TXN_009064,822.15,network_error,retry_later,0.48410069158927826,398.0033835901251,822.15,1
TXN_009065,2853.66,authentication_failed,customer_followup,0.26512235852904653,756.5690696399989,2853.66,1
TXN_009066,1252.54,limit_exceeded,alternate_payment,0.5230128510092165,655.094516403084,1252.54,1
TXN_009067,737.61,insufficient_funds,retry_later,0.6145327684833397,453.2855153609962,737.61,1
TXN_009068,3208.14,network_error,retry_later,0.6965228708628619,2234.5428829299817,3208.14,1
TXN_009069,8035.9,insufficient_funds,retry_later,0.41979818922731416,3373.4562688117735,8035.9,1
TXN_009070,3732.48,insufficient_funds,retry_later,0.4096447190556648,1528.9907209808878,3732.48,1
TXN_009071,4550.43,limit_exceeded,alternate_payment,0.3420064795525931,1556.2765447505064,0.0,0
TXN_009072,1074.24,bank_decline,alternate_payment,0.27512145391026466,295.5464706485627,0.0,0
TXN_009073,365.91,bank_decline,alternate_payment,0.4315962344813712,157.92537815907855,365.91,1
TXN_009074,8023.56,insufficient_funds,retry_later,0.7947608302771001,6376.811207378129,8023.56,1
TXN_009075,14108.25,limit_exceeded,alternate_payment,0.7255030134908187,10235.577890081842,14108.25,1
TXN_009076,8457.48,network_error,retry,0.9244151163540234,7818.222358261825,8457.48,1
TXN_009077,1292.35,insufficient_funds,retry_later,0.5498058736679107,710.5416208347243,0.0,0
TXN_009078,569.85,network_error,retry_later,0.3733911951260573,212.77697254258376,0.0,0
TXN_009079,622.86,authentication_failed,customer_followup,0.25782192698769335,160.58696544355467,0.0,0
TXN_009080,335.72,card_expired,customer_followup,0.4712466554846053,158.2069271792917,335.72,1
TXN_009081,1623.96,network_error,retry_later,0.5177962104082462,840.8803338545755,1623.96,1
TXN_009082,9006.29,bank_decline,alternate_payment,0.3341496872636547,3009.4489869057807,9006.29,1
TXN_009083,1569.23,network_error,retry,0.7974150924169736,1251.3276854734875,1569.23,1
TXN_009084,2446.28,card_expired,customer_followup,0.49535379459167483,1211.7740806337224,0.0,0
TXN_009085,7155.22,insufficient_funds,retry_later,0.4828954738364358,3455.223352303942,7155.22,1
TXN_009086,1207.01,authentication_failed,customer_followup,0.4395930196520339,530.5931706502014,1207.01,1
TXN_009087,13842.95,authentication_failed,customer_followup,0.5549641954336852,7682.341609178734,13842.95,1
TXN_009088,13254.53,card_expired,customer_followup,0.6661154596200061,8829.047342997159,0.0,0
TXN_009089,1585.87,authentication_failed,customer_followup,0.3408792956243315,540.5902485517586,1585.87,1
TXN_009090,1014.82,network_error,retry_later,0.6869691463963726,697.1500291459669,0.0,0
TXN_009091,3630.91,insufficient_funds,retry_later,0.6117222011086327,2221.108257227346,3630.91,1
TXN_009092,1277.26,network_error,retry_later,0.4237142442479913,541.1932556081894,1277.26,1
TXN_009093,568.75,card_expired,customer_followup,0.7959507411528143,452.69698403066315,568.75,1
TXN_009094,6510.94,limit_exceeded,alternate_payment,0.33920691958633276,2208.555901011437,0.0,0
TXN_009095,6102.46,bank_decline,alternate_payment,0.3799634332730292,2318.71165301133,6102.46,1
TXN_009096,2112.26,authentication_failed,customer_followup,0.41581643160988996,878.3124158323062,0.0,0
TXN_009097,511.39,limit_exceeded,alternate_payment,0.5946807233478442,304.113775112854,511.39,1
TXN_009098,528.73,card_expired,customer_followup,0.48491193357109375,256.3874866370444,528.73,1
TXN_009099,2012.69,insufficient_funds,retry_later,0.7119372331135027,1432.9089497152156,0.0,0
TXN_009100,1096.77,bank_decline,alternate_payment,0.6274572796248559,688.1763205741531,1096.77,1
TXN_009101,1285.51,insufficient_funds,retry_later,0.41343313979417806,531.4724355368138,1285.51,1
TXN_009102,5023.91,network_error,retry_later,0.5425678168980292,2725.811880992178,0.0,0
TXN_009103,3763.78,bank_decline,alternate_payment,0.5160766149360586,1942.3988417640387,3763.78,1
TXN_009104,7173.45,authentication_failed,customer_followup,0.4151096077288744,2977.768015562694,0.0,0
TXN_009105,671.41,bank_decline,alternate_payment,0.550328406402794,369.4959953428999,671.41,1
TXN_009106,1282.81,network_error,retry_later,0.5661623923759868,726.2787785638395,1282.81,1
TXN_009107,3862.16,authentication_failed,customer_followup,0.2968075265007378,1146.3181565500893,3862.16,1
TXN_009108,2830.13,limit_exceeded,alternate_payment,0.2881173201979669,815.409471411872,0.0,0
TXN_009109,8369.76,network_error,retry,0.6545770074419652,5478.652453807463,8369.76,1
TXN_009110,2753.25,network_error,retry_later,0.5418476684811702,1491.8420932457818,0.0,0
TXN_009111,11477.1,authentication_failed,customer_followup,0.6811595576157372,7817.736358711578,0.0,0
TXN_009112,3102.67,authentication_failed,customer_followup,0.2670880241304177,828.6859998287232,3102.67,1
TXN_009113,5230.0,network_error,retry_later,0.7111740732691798,3719.4404031978106,5230.0,1
TXN_009114,1308.3,network_error,retry,0.635212654570002,831.0487159739336,1308.3,1
TXN_009115,1834.06,authentication_failed,customer_followup,0.34589641571860763,634.3947802128695,1834.06,1
TXN_009116,4496.0,network_error,retry_later,0.555512358911093,2497.583565664274,0.0,0
TXN_009117,9072.27,insufficient_funds,retry_later,0.7593200417025129,6888.756434736457,9072.27,1
TXN_009118,3748.97,insufficient_funds,retry_later,0.7459737178466972,2796.633088995732,0.0,0
TXN_009119,1663.75,insufficient_funds,retry_later,0.602071313220812,1001.6961473711259,0.0,0
TXN_009120,7167.66,insufficient_funds,retry_later,0.6844832296372506,4906.143065741736,0.0,0
TXN_009121,201.95,network_error,retry,0.6266090965264235,126.54370704351122,201.95,1
TXN_009122,436.05,network_error,retry,0.6904974835323567,301.09142769428416,436.05,1
TXN_009123,3574.69,bank_decline,alternate_payment,0.4219279504223058,1508.2616250951123,3574.69,1
TXN_009124,1833.73,bank_decline,alternate_payment,0.47362135380912507,868.4936851204069,0.0,0
TXN_009125,3312.68,bank_decline,alternate_payment,0.3135115428744172,1038.5634178492242,3312.68,1
TXN_009126,1928.33,limit_exceeded,alternate_payment,0.4462186045797716,860.4567217693109,0.0,0
TXN_009127,3200.13,limit_exceeded,alternate_payment,0.24658996060162935,789.1199306200922,3200.13,1
TXN_009128,800.79,limit_exceeded,alternate_payment,0.42357767937779367,339.19676986894336,800.79,1
TXN_009129,3198.66,bank_decline,alternate_payment,0.6193892399657579,1981.215586308871,3198.66,1
TXN_009130,4887.39,network_error,retry,0.7488443514820127,3659.8943949896743,0.0,0
TXN_009131,6127.55,bank_decline,alternate_payment,0.6777562154335997,4152.985097880153,6127.55,1
TXN_009132,13542.04,network_error,retry,0.5289356658299611,7162.867944095967,0.0,0
TXN_009133,2307.91,insufficient_funds,retry_later,0.4068938139724737,939.0743022052118,2307.91,1
TXN_009134,2377.75,network_error,retry_later,0.40154194912661606,954.7663695358114,2377.75,1
TXN_009135,394.19,limit_exceeded,alternate_payment,0.5219118074447535,205.7324153766474,0.0,0
TXN_009136,1062.72,bank_decline,alternate_payment,0.3498293885017198,371.7706877485477,1062.72,1
TXN_009137,1490.58,network_error,retry_later,0.472562336341646,704.3919673041307,0.0,0
TXN_009138,5168.41,network_error,retry,0.7155723318131545,3698.371195466426,5168.41,1
TXN_009139,981.42,authentication_failed,customer_followup,0.47627896817845883,467.429704949703,981.42,1
TXN_009140,4009.17,bank_decline,alternate_payment,0.399885991853647,1603.2109219598858,4009.17,1
TXN_009141,1805.11,limit_exceeded,alternate_payment,0.42437610488123645,766.0455506821687,1805.11,1
TXN_009142,1514.49,card_expired,customer_followup,0.41520836009737155,628.8289092838683,1514.49,1
TXN_009143,2319.01,card_expired,customer_followup,0.35057768815627793,812.9931646112901,0.0,0
TXN_009144,1222.73,network_error,retry_later,0.6736046365286977,823.6365972227346,1222.73,1
TXN_009145,1177.28,authentication_failed,customer_followup,0.6506186556886933,765.9603309691848,1177.28,1
TXN_009146,328.72,limit_exceeded,alternate_payment,0.22005764789214743,72.33735001510671,328.72,1
TXN_009147,1410.99,limit_exceeded,alternate_payment,0.4120605251761863,581.4132804183471,1410.99,1
TXN_009148,1118.82,network_error,retry,0.8161431236022134,913.1172495486284,1118.82,1
TXN_009149,1079.25,bank_decline,alternate_payment,0.8131706758132544,877.6144518714548,1079.25,1
TXN_009150,2743.18,insufficient_funds,retry_later,0.6458289247246634,1771.6249897262019,2743.18,1
TXN_009151,3493.4,network_error,retry_later,0.622727146200071,2175.435012535328,3493.4,1
TXN_009152,2280.6,card_expired,customer_followup,0.6509861265930942,1484.6389603082105,2280.6,1
TXN_009153,4892.29,network_error,retry_later,0.5833670321643687,2854.000697787419,4892.29,1
TXN_009154,3214.93,bank_decline,alternate_payment,0.5598724451767465,1799.9507201720776,3214.93,1
TXN_009155,1346.07,bank_decline,alternate_payment,0.5954568573066328,801.5266119147392,1346.07,1
TXN_009156,1138.13,card_expired,customer_followup,0.462758710361438,526.6795710236635,1138.13,1
TXN_009157,2472.1,limit_exceeded,alternate_payment,0.29162850495161247,720.9348270908812,0.0,0
TXN_009158,3209.17,card_expired,customer_followup,0.3415457570190643,1096.0783970528707,3209.17,1
TXN_009159,7316.19,authentication_failed,customer_followup,0.3605412308341373,2637.788147616407,7316.19,1
TXN_009160,5950.16,authentication_failed,customer_followup,0.7058005911791927,4199.626445610785,5950.16,1
TXN_009161,1052.08,insufficient_funds,retry_later,0.7240081436119812,761.7144877312932,0.0,0
TXN_009162,1632.71,limit_exceeded,alternate_payment,0.3610171566953313,589.4363219080344,1632.71,1
TXN_009163,3536.94,limit_exceeded,alternate_payment,0.28631231231682525,1012.6694699258719,0.0,0
TXN_009164,5260.59,card_expired,customer_followup,0.2602900419997686,1369.2791920435625,5260.59,1
TXN_009165,4623.79,limit_exceeded,alternate_payment,0.3912603620930024,1809.1057496420035,0.0,0
TXN_009166,1696.16,authentication_failed,customer_followup,0.34501058285338404,585.1931502125959,0.0,0
TXN_009167,515.93,limit_exceeded,alternate_payment,0.34268867117835305,176.80336612104767,0.0,0
TXN_009168,665.85,card_expired,customer_followup,0.6315911907391114,420.5449943536373,665.85,1
TXN_009169,2374.72,network_error,retry_later,0.5405028708256805,1283.54297740716,2374.72,1
TXN_009170,2545.86,authentication_failed,customer_followup,0.5156758713819591,1312.8385739164746,2545.86,1
TXN_009171,602.64,card_expired,customer_followup,0.33824820509761894,203.84189832002906,602.64,1
TXN_009172,1890.45,card_expired,customer_followup,0.23879568268296986,451.4312983280204,0.0,0
TXN_009173,3398.96,network_error,retry_later,0.7478272841199319,2541.8350256322838,3398.96,1
TXN_009174,571.79,card_expired,customer_followup,0.3584620680714266,204.965025902561,571.79,1
TXN_009175,5458.87,authentication_failed,customer_followup,0.32604489662425357,1779.836704835239,5458.87,1
TXN_009176,1239.51,limit_exceeded,alternate_payment,0.3635492787185861,450.62296646447464,1239.51,1
TXN_009177,6358.92,authentication_failed,customer_followup,0.40831362906663327,2596.4337021443957,6358.92,1
TXN_009178,1060.55,insufficient_funds,retry_later,0.3932613520663104,417.0733269339255,0.0,0
TXN_009179,647.67,insufficient_funds,retry_later,0.6096735876158259,394.86729249114194,647.67,1
TXN_009180,1143.52,authentication_failed,customer_followup,0.2902563085113493,331.91389390889816,1143.52,1
TXN_009181,1643.94,insufficient_funds,retry_later,0.5973681083602516,982.037328057752,1643.94,1
TXN_009182,1226.01,insufficient_funds,retry_later,0.4089621443892133,501.3916786426194,1226.01,1
TXN_009183,1456.8,network_error,retry,0.7649461510949114,1114.373552915067,1456.8,1
TXN_009184,2524.92,bank_decline,alternate_payment,0.6253542310332095,1578.9694050203714,2524.92,1
TXN_009185,1523.58,limit_exceeded,alternate_payment,0.33418251793926784,509.1538006819097,1523.58,1
TXN_009186,1692.37,insufficient_funds,retry_later,0.4979347181458799,842.6897789485428,1692.37,1
TXN_009187,327.27,bank_decline,alternate_payment,0.6214461728489697,203.38068898828232,327.27,1
TXN_009188,2674.98,limit_exceeded,alternate_payment,0.25265840289520586,675.8561745766177,2674.98,1
TXN_009189,1653.74,insufficient_funds,retry_later,0.7078340876920746,1170.5735441798913,0.0,0
TXN_009190,9047.95,bank_decline,alternate_payment,0.6565867150934415,5940.7637688297045,0.0,0
TXN_009191,706.58,limit_exceeded,alternate_payment,0.2846378348863614,201.11940137400526,0.0,0
TXN_009192,296.4,card_expired,customer_followup,0.5540526897388336,164.22121723859027,296.4,1
TXN_009193,3354.54,bank_decline,alternate_payment,0.66895123609319,2244.0236795240494,0.0,0
TXN_009194,2556.84,bank_decline,alternate_payment,0.5235198003421594,1338.556366306847,0.0,0
TXN_009195,659.56,card_expired,customer_followup,0.682870257528595,450.3939070555601,0.0,0
TXN_009196,391.6,card_expired,customer_followup,0.3689356728987656,144.47520950715662,391.6,1
TXN_009197,8411.85,insufficient_funds,retry_later,0.7617647763800948,6407.8510341929,8411.85,1
TXN_009198,7436.16,insufficient_funds,retry_later,0.40206872033401003,2989.847335398952,0.0,0
TXN_009199,150.29,bank_decline,alternate_payment,0.42748692813236466,64.24701042901309,150.29,1
TXN_009200,1143.42,authentication_failed,customer_followup,0.6721858070678961,768.5906955175739,1143.42,1
TXN_009201,9549.0,bank_decline,alternate_payment,0.7531350298607056,7191.686400139877,0.0,0
TXN_009202,1123.2,authentication_failed,customer_followup,0.44779685889323106,502.9654319088772,1123.2,1
TXN_009203,1106.98,card_expired,customer_followup,0.2765595616465053,306.14590355144844,0.0,0
TXN_009204,1362.72,bank_decline,alternate_payment,0.2900276113660429,395.22642656073396,1362.72,1
TXN_009205,589.4,limit_exceeded,alternate_payment,0.28641092068640933,168.81059665256964,0.0,0
TXN_009206,328.73,insufficient_funds,retry_later,0.38089755790838664,125.21245421122394,328.73,1
TXN_009207,5179.93,network_error,retry,0.8641010834094813,4475.983124985275,5179.93,1
TXN_009208,286.31,limit_exceeded,alternate_payment,0.4897728586826775,140.22686716943738,286.31,1
TXN_009209,2315.25,limit_exceeded,alternate_payment,0.5060283696256206,1171.5821827757181,0.0,0
TXN_009210,4387.78,insufficient_funds,retry_later,0.8506787091035506,3732.591026230377,4387.78,1
TXN_009211,423.59,network_error,retry,0.5370735580075139,227.49898843640278,0.0,0
TXN_009212,717.47,authentication_failed,customer_followup,0.6358900326973753,456.2320217593859,0.0,0
TXN_009213,6082.55,limit_exceeded,alternate_payment,0.42446143965386335,2581.807929766607,6082.55,1
TXN_009214,3080.64,insufficient_funds,retry_later,0.5035356637994454,1551.2121073271232,3080.64,1
TXN_009215,975.27,bank_decline,alternate_payment,0.43492021935848935,424.1646423337539,975.27,1
TXN_009216,6016.43,network_error,retry_later,0.6816396321789138,4101.037132230183,6016.43,1
TXN_009217,6042.27,limit_exceeded,alternate_payment,0.36054791307349077,2178.527838726561,6042.27,1
TXN_009218,2366.23,card_expired,customer_followup,0.6147376310075353,1454.6106246189604,0.0,0
TXN_009219,734.98,bank_decline,alternate_payment,0.6042700674508568,444.12641417503073,0.0,0
TXN_009220,1195.78,insufficient_funds,retry_later,0.5385605838224857,643.999974923252,1195.78,1
TXN_009221,2407.6,card_expired,customer_followup,0.747037567700019,1798.5676479945655,2407.6,1
TXN_009222,1497.28,card_expired,customer_followup,0.8724449298750391,1306.2943446032984,1497.28,1
TXN_009223,4623.73,card_expired,customer_followup,0.2648595318398076,1224.6389631536736,4623.73,1
TXN_009224,391.59,card_expired,customer_followup,0.5848824938226937,229.03413575602863,391.59,1
TXN_009225,405.75,bank_decline,alternate_payment,0.2944545465594091,119.47493226648025,0.0,0
TXN_009226,2166.51,authentication_failed,customer_followup,0.6448920352410195,1397.1650432700212,0.0,0
TXN_009227,1105.95,limit_exceeded,alternate_payment,0.4678667298883403,517.43720992001,1105.95,1
TXN_009228,965.79,card_expired,customer_followup,0.2885388503102753,278.6679362411608,0.0,0
TXN_009229,308.57,authentication_failed,customer_followup,0.6714637000795074,207.1935539335336,308.57,1
TXN_009230,1843.73,authentication_failed,customer_followup,0.6724175560759302,1239.756420663875,1843.73,1
TXN_009231,1715.13,insufficient_funds,retry_later,0.5997792721903072,1028.6994231117617,1715.13,1
TXN_009232,3475.45,bank_decline,alternate_payment,0.7334730770158455,2549.14900551472,3475.45,1
TXN_009233,1937.02,card_expired,customer_followup,0.5542651479279312,1073.6226768393615,0.0,0
TXN_009234,1583.5,network_error,retry,0.8139433444726039,1288.8792859723683,1583.5,1
TXN_009235,5866.42,insufficient_funds,retry_later,0.7119664763582709,4176.694376237688,5866.42,1
TXN_009236,486.64,limit_exceeded,alternate_payment,0.30447200636655075,148.16825717821825,486.64,1
TXN_009237,3091.43,bank_decline,alternate_payment,0.48670479257093846,1504.613796897576,3091.43,1
TXN_009238,339.97,bank_decline,alternate_payment,0.596538221473386,202.80509915430704,339.97,1
TXN_009239,781.83,authentication_failed,customer_followup,0.3495788673631147,273.311245870504,781.83,1
TXN_009240,537.72,insufficient_funds,retry_later,0.4580271193427845,246.2903426130021,0.0,0
TXN_009241,3951.86,bank_decline,alternate_payment,0.6912378931438473,2731.6753803994447,3951.86,1
TXN_009242,1693.56,insufficient_funds,retry_later,0.5823514042841784,986.2470442395132,1693.56,1
TXN_009243,1783.79,bank_decline,alternate_payment,0.33014436682238063,588.9082200940943,1783.79,1
TXN_009244,597.81,authentication_failed,customer_followup,0.28164212436026087,168.36847836380753,0.0,0
TXN_009245,1339.84,limit_exceeded,alternate_payment,0.4007749262103131,536.9742771336258,1339.84,1
TXN_009246,842.64,card_expired,customer_followup,0.3077289243795622,259.30470083919425,0.0,0
TXN_009247,2653.02,card_expired,customer_followup,0.4502857587279022,1194.617123620299,2653.02,1
TXN_009248,671.09,limit_exceeded,alternate_payment,0.38664607498867165,259.47431446414765,671.09,1
TXN_009249,6834.88,bank_decline,alternate_payment,0.30633930431274925,2093.7923842611235,6834.88,1
TXN_009250,338.46,bank_decline,alternate_payment,0.3139477303916928,106.25874882837235,338.46,1
TXN_009251,807.13,insufficient_funds,retry_later,0.4656321275183216,375.82565908386294,807.13,1
TXN_009252,9674.03,authentication_failed,customer_followup,0.32449612762690944,3139.185273546551,9674.03,1
TXN_009253,1170.12,insufficient_funds,retry_later,0.6809905567412948,796.8406702541238,1170.12,1
TXN_009254,485.47,limit_exceeded,alternate_payment,0.3339937953868871,162.1439678464721,485.47,1
TXN_009255,2250.87,insufficient_funds,retry_later,0.557072459768435,1253.8976875189771,2250.87,1
TXN_009256,1123.95,network_error,retry_later,0.525360729270435,590.4791916635054,1123.95,1
TXN_009257,783.78,network_error,retry_later,0.380663926831542,298.356772572026,783.78,1
TXN_009258,604.34,limit_exceeded,alternate_payment,0.6796182632195463,410.7205011941006,604.34,1
TXN_009259,28807.0,card_expired,customer_followup,0.6180194837316508,17803.287267857664,0.0,0
TXN_009260,1405.92,authentication_failed,customer_followup,0.567362652283923,797.6665000990131,1405.92,1
TXN_009261,263.6,authentication_failed,customer_followup,0.42532271048247994,112.11506648318172,263.6,1
TXN_009262,8052.27,card_expired,customer_followup,0.33039648698095403,2660.441720222127,8052.27,1
TXN_009263,3331.14,authentication_failed,customer_followup,0.30258302641282653,1007.9464226048229,3331.14,1
TXN_009264,840.11,network_error,retry,0.5426384279122164,455.8759696733321,840.11,1
TXN_009265,711.15,network_error,retry,0.6872726333466965,488.7539332045032,711.15,1
TXN_009266,3545.64,network_error,retry_later,0.5516221659290251,1955.8536164045886,3545.64,1
TXN_009267,1412.45,limit_exceeded,alternate_payment,0.6256998811260662,883.7697970965123,1412.45,1
TXN_009268,263.49,insufficient_funds,retry_later,0.3091695963695946,81.46309694742449,263.49,1
TXN_009269,10799.34,bank_decline,alternate_payment,0.32716680765264583,3533.185592555524,10799.34,1
TXN_009270,1171.46,limit_exceeded,alternate_payment,0.22057631831971197,258.3963338588098,1171.46,1
TXN_009271,8067.28,card_expired,customer_followup,0.413195670017277,3333.365164816978,8067.28,1
TXN_009272,6492.71,insufficient_funds,retry_later,0.55979815315475,3634.607066969377,6492.71,1
TXN_009273,664.47,authentication_failed,customer_followup,0.5320441184621512,353.5273553945456,664.47,1
TXN_009274,5080.63,limit_exceeded,alternate_payment,0.38825026964029763,1972.5559674425854,5080.63,1
TXN_009275,942.52,bank_decline,alternate_payment,0.5107989486506904,481.4382250822487,0.0,0
TXN_009276,279.58,authentication_failed,customer_followup,0.4379147527004589,122.43220655999428,279.58,1
TXN_009277,1182.52,limit_exceeded,alternate_payment,0.4833256731149892,571.542274971937,1182.52,1
TXN_009278,2690.92,card_expired,customer_followup,0.8006167577955254,2154.3956458871353,2690.92,1
TXN_009279,1138.27,bank_decline,alternate_payment,0.5411249073445555,615.9462482830872,1138.27,1
TXN_009280,1330.02,limit_exceeded,alternate_payment,0.47903111298475065,637.120960891978,1330.02,1
TXN_009281,5673.53,network_error,retry,0.8267821818937682,4690.77351243975,5673.53,1
TXN_009282,2011.21,network_error,retry_later,0.7227828313793884,1453.6680582985398,0.0,0
TXN_009283,777.98,bank_decline,alternate_payment,0.5801602627081845,451.35308118171343,0.0,0
TXN_009284,3648.35,network_error,retry_later,0.619627126123512,2260.616625592715,3648.35,1
TXN_009285,2203.22,network_error,retry_later,0.4308958884258084,949.3584392975094,0.0,0
TXN_009286,145.24,limit_exceeded,alternate_payment,0.43964459805621786,63.853981421685084,0.0,0
TXN_009287,2774.85,limit_exceeded,alternate_payment,0.5341866218014303,1482.2877475056987,2774.85,1
TXN_009288,2675.33,network_error,retry,0.8415220643165053,2251.349224327876,2675.33,1
TXN_009289,1844.79,card_expired,customer_followup,0.2660852561053888,490.8714196106602,1844.79,1
TXN_009290,4410.31,bank_decline,alternate_payment,0.4555890542365516,2009.2889617900062,4410.31,1
TXN_009291,922.98,bank_decline,alternate_payment,0.6957016885075189,642.1187444586698,922.98,1
TXN_009292,2531.33,insufficient_funds,retry_later,0.5540814162167039,1402.562911311829,2531.33,1
TXN_009293,377.3,authentication_failed,customer_followup,0.42758541189156823,161.3279759066887,377.3,1
TXN_009294,2716.48,authentication_failed,customer_followup,0.35751143803351254,971.1726711892761,2716.48,1
TXN_009295,12747.11,insufficient_funds,retry_later,0.8204559456545986,10458.44218941319,0.0,0
TXN_009296,668.57,authentication_failed,customer_followup,0.7260197009675886,485.3949914759008,0.0,0
TXN_009297,845.73,network_error,retry_later,0.4768373890596049,403.27568504937966,0.0,0
TXN_009298,888.9,limit_exceeded,alternate_payment,0.309978840014912,275.54019088925526,0.0,0
TXN_009299,2059.05,bank_decline,alternate_payment,0.7603505762828808,1565.599854095266,0.0,0
TXN_009300,624.51,insufficient_funds,retry_later,0.8213959506504118,512.9699851406887,624.51,1
TXN_009301,2755.21,card_expired,customer_followup,0.539953925113186,1487.6864540111012,2755.21,1
TXN_009302,4216.83,network_error,retry_later,0.5694511279604476,2401.2785999174544,4216.83,1
TXN_009303,3085.12,card_expired,customer_followup,0.4658594865446359,1437.232419128587,0.0,0
TXN_009304,308.46,network_error,retry_later,0.5283002473037429,162.95949428331252,308.46,1
TXN_009305,4891.08,limit_exceeded,alternate_payment,0.38956139111604293,1905.3759288598553,0.0,0
TXN_009306,4616.39,insufficient_funds,retry_later,0.6500771879656104,3001.0098297525647,4616.39,1
TXN_009307,4147.09,bank_decline,alternate_payment,0.35944330353907,1490.6437296738418,4147.09,1
TXN_009308,2625.02,card_expired,customer_followup,0.3222915208503948,846.0216880627033,0.0,0
TXN_009309,2253.39,limit_exceeded,alternate_payment,0.5735719971411419,1292.4814026378776,2253.39,1
TXN_009310,5076.56,bank_decline,alternate_payment,0.2724669523214374,1383.1948314769165,5076.56,1
TXN_009311,12375.99,network_error,retry,0.552218390270564,6834.249275804596,12375.99,1
TXN_009312,697.12,bank_decline,alternate_payment,0.5613179229911194,391.30595047556915,697.12,1
TXN_009313,5314.13,bank_decline,alternate_payment,0.3334048476762722,1771.7567031819085,0.0,0
TXN_009314,1658.69,limit_exceeded,alternate_payment,0.29726997790900644,493.0787396578899,1658.69,1
TXN_009315,1588.15,bank_decline,alternate_payment,0.7522493754650854,1194.6848456448754,1588.15,1
TXN_009316,388.96,bank_decline,alternate_payment,0.30943244860236857,120.35684520837728,388.96,1
TXN_009317,1359.96,bank_decline,alternate_payment,0.5715363240354077,777.266539235193,0.0,0
TXN_009318,666.96,authentication_failed,customer_followup,0.38273084508218386,255.26616443601336,666.96,1
TXN_009319,1137.0,bank_decline,alternate_payment,0.3461863466695896,393.61387616332337,0.0,0
TXN_009320,602.94,card_expired,customer_followup,0.4108771029854711,247.73424047405996,602.94,1
TXN_009321,1154.12,authentication_failed,customer_followup,0.8128793670523676,938.1603351024785,1154.12,1
TXN_009322,1204.58,limit_exceeded,alternate_payment,0.2571052111697507,309.7037952708583,0.0,0
TXN_009323,1991.72,card_expired,customer_followup,0.5191088840891596,1033.9195466180608,1991.72,1
TXN_009324,359.69,network_error,retry,0.887542051074934,319.240000351143,359.69,1
TXN_009325,426.02,card_expired,customer_followup,0.2960849924045535,126.13812846418787,426.02,1
TXN_009326,2596.49,authentication_failed,customer_followup,0.2866059734449438,744.1695439900622,0.0,0
TXN_009327,814.49,network_error,retry,0.8026405304574684,653.7426856523034,814.49,1
TXN_009328,5295.06,limit_exceeded,alternate_payment,0.2977384308482557,1576.5428556473648,5295.06,1
TXN_009329,2264.86,network_error,retry_later,0.32426382980941115,734.4121775821429,2264.86,1
TXN_009330,3316.82,bank_decline,alternate_payment,0.5173785919154131,1716.0516612368806,0.0,0
TXN_009331,7410.79,card_expired,customer_followup,0.4746093626752484,3517.230318820104,0.0,0
TXN_009332,1326.49,bank_decline,alternate_payment,0.6161885305493888,817.3679238884588,0.0,0
TXN_009333,1017.92,bank_decline,alternate_payment,0.7506331239163262,764.0844694969068,1017.92,1
TXN_009334,4322.99,bank_decline,alternate_payment,0.37142721158841074,1605.6761214245837,4322.99,1
TXN_009335,3009.45,bank_decline,alternate_payment,0.7631162333788826,2296.560148542078,3009.45,1
TXN_009336,1499.17,authentication_failed,customer_followup,0.24627944976365504,369.21476270217875,1499.17,1
TXN_009337,7269.61,limit_exceeded,alternate_payment,0.43749072844954007,3180.386974444061,7269.61,1
TXN_009338,1462.29,card_expired,customer_followup,0.4737063303518746,692.6960298102426,0.0,0
TXN_009339,1868.28,authentication_failed,customer_followup,0.35070735622375754,655.2195394857217,1868.28,1
TXN_009340,1846.82,limit_exceeded,alternate_payment,0.3229896100633115,596.503671657125,1846.82,1
TXN_009341,710.1,authentication_failed,customer_followup,0.21808000317881315,154.85861025727522,0.0,0
TXN_009342,1953.91,network_error,retry,0.6770190527052744,1322.8342972713629,1953.91,1
TXN_009343,7308.26,bank_decline,alternate_payment,0.6744891759829229,4929.342265268956,0.0,0
TXN_009344,2821.34,card_expired,customer_followup,0.8608095374640992,2428.6363804289617,2821.34,1
TXN_009345,1865.09,card_expired,customer_followup,0.26574088228012094,495.6306621318307,1865.09,1
TXN_009346,1537.99,card_expired,customer_followup,0.5631791721481945,866.1639349722016,0.0,0
TXN_009347,2517.11,card_expired,customer_followup,0.23181486006098062,583.503502408095,0.0,0
TXN_009348,3826.73,bank_decline,alternate_payment,0.3505839178366493,1341.589995903041,0.0,0
TXN_009349,3325.05,network_error,retry_later,0.6387238647897888,2123.7887866192873,0.0,0
TXN_009350,1297.42,limit_exceeded,alternate_payment,0.21703209564358875,281.5817815299049,0.0,0
TXN_009351,2501.84,authentication_failed,customer_followup,0.5647962060533844,1413.0297401525993,2501.84,1
TXN_009352,2921.75,network_error,retry_later,0.5725560668892142,1672.8656884335617,2921.75,1
TXN_009353,660.37,network_error,retry_later,0.5940318743579323,392.2808288697477,0.0,0
TXN_009354,2139.29,limit_exceeded,alternate_payment,0.24279583305952293,519.4106977059068,2139.29,1
TXN_009355,208.24,bank_decline,alternate_payment,0.6334410400208673,131.90776217394543,208.24,1
TXN_009356,2929.34,network_error,retry,0.9097650892639493,2665.011266584457,2929.34,1
TXN_009357,3499.39,limit_exceeded,alternate_payment,0.6484965809193393,2269.3424503033266,0.0,0
TXN_009358,3818.24,insufficient_funds,retry_later,0.6192902659884203,2364.5988652076257,3818.24,1
TXN_009359,1217.99,card_expired,customer_followup,0.42310577447122644,515.3386022482091,0.0,0
TXN_009360,2462.78,limit_exceeded,alternate_payment,0.6053184534689855,1490.7661808343482,2462.78,1
TXN_009361,7509.72,insufficient_funds,retry_later,0.6610901146221753,4964.601655580442,7509.72,1
TXN_009362,7433.63,bank_decline,alternate_payment,0.5543437348661102,4120.7862178127625,0.0,0
TXN_009363,1756.06,card_expired,customer_followup,0.3156151560896485,554.2391510027882,1756.06,1
TXN_009364,2078.33,network_error,retry_later,0.6656673526196217,1383.4764289699383,2078.33,1
TXN_009365,5491.25,network_error,retry,0.6431775404878542,3531.8486692039296,5491.25,1
TXN_009366,403.11,card_expired,customer_followup,0.41082519979736387,165.60774629031536,403.11,1
TXN_009367,1308.88,bank_decline,alternate_payment,0.44152539122588164,577.903754067732,1308.88,1
TXN_009368,6874.47,insufficient_funds,retry_later,0.7414763287997468,5097.256778043996,0.0,0
TXN_009369,4794.38,bank_decline,alternate_payment,0.6004369613252707,2878.7229586386516,0.0,0
TXN_009370,2615.64,network_error,retry_later,0.47906322984140154,1253.0569465023634,0.0,0
TXN_009371,401.08,bank_decline,alternate_payment,0.5650480271785432,226.6294627407701,0.0,0
TXN_009372,1720.02,limit_exceeded,alternate_payment,0.294396818516543,506.36841578482426,1720.02,1
TXN_009373,1002.33,bank_decline,alternate_payment,0.3580728905418399,358.9072003768024,1002.33,1
TXN_009374,2517.54,network_error,retry,0.8758582510113002,2205.008181250989,2517.54,1
TXN_009375,804.85,card_expired,customer_followup,0.22797760214050494,183.4877730827854,804.85,1
TXN_009376,648.25,card_expired,customer_followup,0.4508391832720059,292.2565005560778,648.25,1
TXN_009377,229.32,insufficient_funds,retry_later,0.49935189428445215,114.51137639731056,229.32,1
TXN_009378,6135.24,bank_decline,alternate_payment,0.32648301851411354,2003.05167450853,6135.24,1
TXN_009379,1212.25,authentication_failed,customer_followup,0.5633748015570013,682.9511031874748,0.0,0
TXN_009380,2115.71,card_expired,customer_followup,0.44926177534651157,950.507630718368,2115.71,1
TXN_009381,1804.0,limit_exceeded,alternate_payment,0.32463373255415273,585.6392535276915,1804.0,1
TXN_009382,621.77,limit_exceeded,alternate_payment,0.4310963393015059,268.04277088749734,621.77,1
TXN_009383,513.34,limit_exceeded,alternate_payment,0.4123884484755759,211.69548614045215,513.34,1
TXN_009384,661.62,authentication_failed,customer_followup,0.3711134010435183,245.5360483984126,661.62,1
TXN_009385,877.28,bank_decline,alternate_payment,0.626284066708704,549.4264860422118,877.28,1
TXN_009386,2608.7,bank_decline,alternate_payment,0.5750748879702625,1500.1978602480237,0.0,0
TXN_009387,815.89,card_expired,customer_followup,0.6300024946135225,514.0127353302269,0.0,0
TXN_009388,10368.12,network_error,retry,0.923269220222291,9572.56606757114,10368.12,1
TXN_009389,5050.04,network_error,retry_later,0.7171032710303855,3621.400202834288,5050.04,1
TXN_009390,4057.65,card_expired,customer_followup,0.4282954028674911,1737.8728414452753,4057.65,1
TXN_009391,1604.14,insufficient_funds,retry_later,0.301552460617401,483.7323641747976,0.0,0
TXN_009392,8219.63,network_error,retry_later,0.6394911238612337,5256.380426423512,0.0,0
TXN_009393,1453.88,insufficient_funds,retry_later,0.45104503493185466,655.7653553867249,1453.88,1
TXN_009394,1752.39,limit_exceeded,alternate_payment,0.22692206083257413,397.6559501823946,0.0,0
TXN_009395,2143.03,bank_decline,alternate_payment,0.4270230688307859,915.1232471964391,2143.03,1
TXN_009396,3647.59,authentication_failed,customer_followup,0.29172834260682,1064.1053852092107,3647.59,1
TXN_009397,3418.33,card_expired,customer_followup,0.37909689506303007,1295.8782893008076,3418.33,1
TXN_009398,1124.25,authentication_failed,customer_followup,0.3459753514440325,388.96278886095354,1124.25,1
TXN_009399,1061.04,bank_decline,alternate_payment,0.6624806367763285,702.9184548451556,1061.04,1
TXN_009400,3428.59,bank_decline,alternate_payment,0.46920719724297655,1608.719104395297,3428.59,1
TXN_009401,3696.85,network_error,retry,0.6261620884453122,2314.8273166690524,3696.85,1
TXN_009402,1220.05,network_error,retry_later,0.6091927217478429,743.2455801684557,1220.05,1
TXN_009403,369.74,limit_exceeded,alternate_payment,0.3558246771681427,131.56261613614907,369.74,1
TXN_009404,1469.51,insufficient_funds,retry_later,0.6566927026178766,965.0164934239958,1469.51,1
TXN_009405,3372.89,insufficient_funds,retry_later,0.7107532695731441,2397.2925954105617,3372.89,1
TXN_009406,10997.43,insufficient_funds,retry_later,0.6041756251896834,6644.37914572978,10997.43,1
TXN_009407,545.69,insufficient_funds,retry_later,0.38363552115007127,209.3460675363824,545.69,1
TXN_009408,1180.19,network_error,retry_later,0.7252162267880121,855.8929386929441,1180.19,1
TXN_009409,1224.88,insufficient_funds,retry_later,0.3500801823154443,428.80621371454146,1224.88,1
TXN_009410,7015.0,insufficient_funds,retry_later,0.6836828992380861,4796.035538155174,7015.0,1
TXN_009411,1745.96,card_expired,customer_followup,0.42400321446337885,740.292652324481,1745.96,1
TXN_009412,729.73,bank_decline,alternate_payment,0.34523025912496286,251.92487699125914,0.0,0
TXN_009413,3161.16,network_error,retry,0.8746321572201098,2764.852190117922,3161.16,1
TXN_009414,1206.36,network_error,retry,0.5716291829910454,689.5905811930775,1206.36,1
TXN_009415,531.45,card_expired,customer_followup,0.25803527544539406,137.13284713545468,531.45,1
TXN_009416,740.43,card_expired,customer_followup,0.5590487810341312,413.9364889411018,740.43,1
TXN_009417,10239.85,card_expired,customer_followup,0.493562047106656,5054.001328065092,10239.85,1
TXN_009418,2655.02,bank_decline,alternate_payment,0.2874491871219733,763.1833407925816,2655.02,1
TXN_009419,2013.76,network_error,retry,0.897197268813925,1806.7399720467297,2013.76,1
TXN_009420,1408.25,card_expired,customer_followup,0.3961035702235648,557.8128527673351,1408.25,1
TXN_009421,2421.52,insufficient_funds,retry_later,0.4885868008781332,1183.1227100624171,0.0,0
TXN_009422,2392.84,insufficient_funds,retry_later,0.6328003496704142,1514.189988705354,2392.84,1
TXN_009423,2421.56,card_expired,customer_followup,0.6080896996148017,1472.5256929992192,2421.56,1
TXN_009424,2028.08,card_expired,customer_followup,0.26577139263219346,539.0056459694989,2028.08,1
TXN_009425,4310.45,network_error,retry,0.7900850461739484,3405.6220872804956,4310.45,1
TXN_009426,1850.3,network_error,retry,0.7579399064411947,1402.4162088881426,1850.3,1
TXN_009427,679.98,limit_exceeded,alternate_payment,0.32424826094540843,220.48233247765882,679.98,1
TXN_009428,980.02,card_expired,customer_followup,0.4029118406942356,394.86166211716477,0.0,0
TXN_009429,249.88,authentication_failed,customer_followup,0.49847609058652353,124.5592055157605,249.88,1
TXN_009430,13722.84,bank_decline,alternate_payment,0.42571013036907057,5841.952005433896,0.0,0
TXN_009431,4284.48,bank_decline,alternate_payment,0.7639014282158834,3272.9203911623877,4284.48,1
TXN_009432,788.34,limit_exceeded,alternate_payment,0.39008000102723206,307.5156680098081,788.34,1
TXN_009433,1363.97,bank_decline,alternate_payment,0.2557856170987857,348.88390815423077,0.0,0
TXN_009434,956.35,bank_decline,alternate_payment,0.48204281913028485,461.00165007524794,956.35,1
TXN_009435,8455.29,bank_decline,alternate_payment,0.3307823651758642,2796.860824447833,8455.29,1
TXN_009436,437.08,card_expired,customer_followup,0.4809635512742535,210.2195489909507,437.08,1
TXN_009437,2027.33,card_expired,customer_followup,0.4083694073660834,827.8995506354819,0.0,0
TXN_009438,1622.09,authentication_failed,customer_followup,0.35658834478858564,578.4183881981169,1622.09,1
TXN_009439,4133.33,insufficient_funds,retry_later,0.782348527222579,3233.704638024902,4133.33,1
TXN_009440,1629.44,bank_decline,alternate_payment,0.4573921536213852,745.2930707968299,0.0,0
TXN_009441,311.62,authentication_failed,customer_followup,0.23259644598917553,72.48170449914689,311.62,1
TXN_009442,1406.53,bank_decline,alternate_payment,0.5718973233752893,804.3907422470456,1406.53,1
TXN_009443,683.92,card_expired,customer_followup,0.34425205283413907,235.44086397432437,683.92,1
TXN_009444,1957.81,card_expired,customer_followup,0.43969467661981865,860.8386348330471,1957.81,1
TXN_009445,7586.89,limit_exceeded,alternate_payment,0.3496112568909251,2652.462148793191,7586.89,1
TXN_009446,317.53,bank_decline,alternate_payment,0.48477556161902097,153.93078408088772,317.53,1
TXN_009447,812.22,bank_decline,alternate_payment,0.2753298369636818,223.62840017864164,0.0,0
TXN_009448,1040.34,limit_exceeded,alternate_payment,0.5209769514651645,541.9931616872692,1040.34,1
TXN_009449,1234.44,limit_exceeded,alternate_payment,0.40016036964165985,493.9739667004506,1234.44,1
TXN_009450,3790.02,authentication_failed,customer_followup,0.32003638373091153,1212.9442950678292,3790.02,1
TXN_009451,1519.98,card_expired,customer_followup,0.3093550144651458,470.21343488673233,1519.98,1
TXN_009452,2740.25,bank_decline,alternate_payment,0.8239304268879121,2257.775352279601,2740.25,1
TXN_009453,967.03,authentication_failed,customer_followup,0.24058997857231504,232.6577269787858,967.03,1
TXN_009454,2275.43,insufficient_funds,retry_later,0.4009760790281335,912.3929995029857,2275.43,1
TXN_009455,3935.52,authentication_failed,customer_followup,0.6130051676856793,2412.4940975303443,0.0,0
TXN_009456,869.31,authentication_failed,customer_followup,0.3727669627541279,324.05004839179094,869.31,1
TXN_009457,3949.55,bank_decline,alternate_payment,0.5986511278462618,2364.4025619852036,3949.55,1
TXN_009458,1905.26,insufficient_funds,retry_later,0.664965502102402,1266.9321725356224,0.0,0
TXN_009459,5143.35,limit_exceeded,alternate_payment,0.4049571354131918,2082.83628242744,0.0,0
TXN_009460,1478.2,network_error,retry,0.8093354416550991,1196.3596498545676,1478.2,1
TXN_009461,2647.17,limit_exceeded,alternate_payment,0.6547123925810963,1733.1350042689007,2647.17,1
TXN_009462,1736.1,insufficient_funds,retry_later,0.4414529107009229,766.4063982678722,1736.1,1
TXN_009463,1642.19,limit_exceeded,alternate_payment,0.5743197332433813,943.1421227349483,1642.19,1
TXN_009464,2342.4,network_error,retry,0.8371009418949551,1960.8252462947428,2342.4,1
TXN_009465,3092.72,authentication_failed,customer_followup,0.5494859667560746,1699.4062391058471,0.0,0
TXN_009466,518.24,insufficient_funds,retry_later,0.6784262241688271,351.58760641325296,0.0,0
TXN_009467,7582.77,limit_exceeded,alternate_payment,0.3020058931025999,2290.0412260416015,0.0,0
TXN_009468,281.56,limit_exceeded,alternate_payment,0.763051834569368,214.84487454135126,0.0,0
TXN_009469,911.59,card_expired,customer_followup,0.3694568482044922,336.7931682547331,911.59,1
TXN_009470,1645.39,network_error,retry,0.867977408132854,1428.1613475677166,1645.39,1
TXN_009471,2730.82,insufficient_funds,retry_later,0.28820584849501,787.0382951871433,2730.82,1
TXN_009472,8744.43,bank_decline,alternate_payment,0.5155295812803886,4508.012336435669,8744.43,1
TXN_009473,281.94,network_error,retry,0.7152908616938849,201.6691055459739,281.94,1
TXN_009474,1088.23,limit_exceeded,alternate_payment,0.7366437386626623,801.637815724869,1088.23,1
TXN_009475,215.54,network_error,retry_later,0.7408206705484238,159.67648733000726,0.0,0
TXN_009476,1866.13,network_error,retry_later,0.4929390078446145,919.8882707090704,0.0,0
TXN_009477,2372.46,bank_decline,alternate_payment,0.5627328891331149,1335.0612701527498,0.0,0
TXN_009478,8873.24,card_expired,customer_followup,0.7265340120906966,6446.710657443652,0.0,0
TXN_009479,2039.86,card_expired,customer_followup,0.7929075091146465,1617.4203115426026,2039.86,1
TXN_009480,5135.98,authentication_failed,customer_followup,0.43985158868109075,2259.068962434308,5135.98,1
TXN_009481,3241.65,limit_exceeded,alternate_payment,0.6507826781881718,2109.609668748687,3241.65,1
TXN_009482,1169.99,authentication_failed,customer_followup,0.3008773735225961,352.0235182477022,1169.99,1
TXN_009483,441.88,insufficient_funds,retry_later,0.5756806520364448,254.38176652186422,441.88,1
TXN_009484,2380.35,insufficient_funds,retry_later,0.451712250514926,1075.233255513204,0.0,0
TXN_009485,406.63,insufficient_funds,retry_later,0.3470280150877117,141.1120017751162,0.0,0
TXN_009486,6602.52,bank_decline,alternate_payment,0.727797642237796,4805.298488827893,6602.52,1
TXN_009487,1537.54,card_expired,customer_followup,0.5063429589152826,778.5225530506035,1537.54,1
TXN_009488,5974.03,bank_decline,alternate_payment,0.36438849976096777,2176.867829227014,5974.03,1
TXN_009489,1118.55,bank_decline,alternate_payment,0.6441529486605504,720.5172807242586,1118.55,1
TXN_009490,2365.75,network_error,retry,0.5484624957163222,1297.5251492408893,2365.75,1
TXN_009491,2229.09,limit_exceeded,alternate_payment,0.25133003642084817,560.2372708853485,0.0,0
TXN_009492,1728.41,authentication_failed,customer_followup,0.30758497263836504,531.6329425578765,1728.41,1
TXN_009493,1173.02,authentication_failed,customer_followup,0.2874323861224829,337.1639375693949,1173.02,1
TXN_009494,2677.01,limit_exceeded,alternate_payment,0.3157320807420911,845.2179374673854,2677.01,1
TXN_009495,716.11,card_expired,customer_followup,0.7184957777982675,514.5220114391174,716.11,1
TXN_009496,539.46,card_expired,customer_followup,0.30192565881532474,162.8768159045151,539.46,1
TXN_009497,6265.58,limit_exceeded,alternate_payment,0.3833473171245593,2401.8932832292962,6265.58,1
TXN_009498,3741.22,network_error,retry,0.49949816881872183,1868.7325391479783,3741.22,1
TXN_009499,1931.19,network_error,retry_later,0.3868111445518253,747.0058142470396,0.0,0
TXN_009500,9558.08,bank_decline,alternate_payment,0.744798840821298,7118.846904477232,9558.08,1
TXN_009501,1383.31,network_error,retry,0.8365277908512091,1157.177258362386,1383.31,1
TXN_009502,6786.59,authentication_failed,customer_followup,0.453728704740469,3079.2706903046196,0.0,0
TXN_009503,2155.06,limit_exceeded,alternate_payment,0.26722364643505037,575.8829914863196,2155.06,1
TXN_009504,648.88,insufficient_funds,retry_later,0.7229131071060116,469.0838569389488,0.0,0
TXN_009505,11476.31,insufficient_funds,retry_later,0.8058167326943553,9247.802627587556,11476.31,1
TXN_009506,4869.33,bank_decline,alternate_payment,0.33028717504210314,1608.277250047764,4869.33,1
TXN_009507,1601.95,bank_decline,alternate_payment,0.65465403162691,1048.7230259647285,1601.95,1
TXN_009508,3741.24,authentication_failed,customer_followup,0.27305455293071945,1021.5626156065248,3741.24,1
TXN_009509,1207.49,bank_decline,alternate_payment,0.3265448787119569,394.29967559590085,1207.49,1
TXN_009510,4142.89,authentication_failed,customer_followup,0.7037158848354581,2915.417502125971,4142.89,1
TXN_009511,165.49,card_expired,customer_followup,0.41990353025798766,69.48983522239438,165.49,1
TXN_009512,652.1,limit_exceeded,alternate_payment,0.3966458362012163,258.65274978681316,652.1,1
TXN_009513,4813.89,insufficient_funds,retry_later,0.3036616128377692,1461.7936014236088,4813.89,1
TXN_009514,1408.59,limit_exceeded,alternate_payment,0.5511450907131472,776.337463327632,1408.59,1
TXN_009515,2225.07,authentication_failed,customer_followup,0.19271984381770452,428.8151428834598,0.0,0
TXN_009516,470.23,network_error,retry_later,0.537697591715887,252.8415385525616,470.23,1
TXN_009517,11474.32,authentication_failed,customer_followup,0.24578943456952843,2820.2666248698315,11474.32,1
TXN_009518,5946.33,insufficient_funds,retry_later,0.7835928284115596,4659.501543368509,5946.33,1
TXN_009519,1479.29,insufficient_funds,retry_later,0.4517597602355796,668.2836957188906,1479.29,1
TXN_009520,1206.29,limit_exceeded,alternate_payment,0.800028696459655,965.0666162523172,1206.29,1
TXN_009521,5062.44,network_error,retry,0.5375255791630043,2721.190992977959,5062.44,1
TXN_009522,13127.58,limit_exceeded,alternate_payment,0.6543695679987065,8590.288853468459,13127.58,1
TXN_009523,4692.69,authentication_failed,customer_followup,0.21857958739799976,1025.7262439867195,0.0,0
TXN_009524,15863.92,insufficient_funds,retry_later,0.7630274051666468,12104.605713371271,15863.92,1
TXN_009525,718.85,authentication_failed,customer_followup,0.4271273658884905,307.0405069689414,718.85,1
TXN_009526,796.81,bank_decline,alternate_payment,0.41545259096294274,331.0367790051824,796.81,1
TXN_009527,550.63,authentication_failed,customer_followup,0.6665716885938215,367.034368890416,0.0,0
TXN_009528,2812.31,insufficient_funds,retry_later,0.8321319082450287,2340.2128868765767,2812.31,1
TXN_009529,2155.12,network_error,retry_later,0.6469573757806137,1394.2707796923162,0.0,0
TXN_009530,1553.16,bank_decline,alternate_payment,0.3498170126186718,543.3217913188164,0.0,0
TXN_009531,4061.3,network_error,retry_later,0.6583491238017782,2673.753296496162,4061.3,1
TXN_009532,6200.15,network_error,retry_later,0.6785478408982886,4207.098395745524,0.0,0
TXN_009533,393.21,card_expired,customer_followup,0.32790629088910656,128.93603264050557,393.21,1
TXN_009534,995.28,network_error,retry,0.7544956835381184,750.9344639118184,995.28,1
TXN_009535,4105.75,authentication_failed,customer_followup,0.29451020608023204,1209.1852786139127,4105.75,1
TXN_009536,1132.59,insufficient_funds,retry_later,0.6419236431027193,727.0362989417089,1132.59,1
TXN_009537,813.86,insufficient_funds,retry_later,0.38647768582780173,314.5387293878147,813.86,1
TXN_009538,5006.73,authentication_failed,customer_followup,0.46909009622858383,2348.6074574905374,0.0,0
TXN_009539,497.95,network_error,retry_later,0.5991418549969227,298.34268669571765,497.95,1
TXN_009540,1337.32,card_expired,customer_followup,0.4022092185421893,537.8824321408405,1337.32,1
TXN_009541,2511.52,limit_exceeded,alternate_payment,0.3245886248040972,815.2108229679862,2511.52,1
TXN_009542,1018.6,limit_exceeded,alternate_payment,0.40982790626116905,417.4507053176268,1018.6,1
TXN_009543,3956.66,card_expired,customer_followup,0.6084883930277918,2407.5816851573427,3956.66,1
TXN_009544,1023.64,authentication_failed,customer_followup,0.32680160934173946,334.52719938657816,1023.64,1
TXN_009545,7395.44,limit_exceeded,alternate_payment,0.4829804315510625,3571.8528027099896,7395.44,1
TXN_009546,1594.4,authentication_failed,customer_followup,0.4467566676376331,712.3088308814423,1594.4,1
TXN_009547,3537.83,limit_exceeded,alternate_payment,0.3442599163779818,1217.9330599595153,3537.83,1
TXN_009548,3812.44,insufficient_funds,retry_later,0.3854700357598918,1469.581383132442,3812.44,1
TXN_009549,965.32,limit_exceeded,alternate_payment,0.3850055712975207,371.65357808492274,965.32,1
TXN_009550,231.95,authentication_failed,customer_followup,0.49779357545189595,115.46321982606726,0.0,0
TXN_009551,2593.48,bank_decline,alternate_payment,0.7875564307634279,2042.5118520563349,2593.48,1
TXN_009552,1943.58,network_error,retry,0.8760644049238042,1702.7012561218073,0.0,0
TXN_009553,3152.11,limit_exceeded,alternate_payment,0.39162524328525145,1234.445845611874,0.0,0
TXN_009554,1441.55,bank_decline,alternate_payment,0.33841794681354287,487.8463912290627,1441.55,1
TXN_009555,1175.65,authentication_failed,customer_followup,0.36882532515026784,433.6094935129124,1175.65,1
TXN_009556,13473.4,network_error,retry,0.42118819249739037,5674.8369927943395,0.0,0
TXN_009557,414.74,authentication_failed,customer_followup,0.836500518789482,346.93022516274976,414.74,1
TXN_009558,3766.68,card_expired,customer_followup,0.3157016826991454,1189.1472141892168,3766.68,1
TXN_009559,1017.8,limit_exceeded,alternate_payment,0.43545372113041814,443.20479736653954,1017.8,1
TXN_009560,1292.35,insufficient_funds,retry_later,0.43218319714355885,558.5319548284782,1292.35,1
TXN_009561,1316.72,authentication_failed,customer_followup,0.6001217044782572,790.1922507206108,0.0,0
TXN_009562,809.62,bank_decline,alternate_payment,0.48998994107752447,396.70565609518536,809.62,1
TXN_009563,3201.02,insufficient_funds,retry_later,0.5022471945628217,1607.7033147394836,3201.02,1
TXN_009564,7263.69,card_expired,customer_followup,0.3485895842599882,2532.0466772934337,7263.69,1
TXN_009565,2892.9,card_expired,customer_followup,0.2846620633621496,823.4988831003626,2892.9,1
TXN_009566,2004.97,limit_exceeded,alternate_payment,0.3301366912651008,661.9141618857892,2004.97,1
TXN_009567,674.22,limit_exceeded,alternate_payment,0.2710023047916707,182.71517393664024,0.0,0
TXN_009568,3031.54,card_expired,customer_followup,0.4588123066924296,1390.907860230368,0.0,0
TXN_009569,15620.66,authentication_failed,customer_followup,0.21688894092647923,3387.948403972617,0.0,0
TXN_009570,1235.59,card_expired,customer_followup,0.3975970308402742,491.26691533593436,0.0,0
TXN_009571,1241.43,insufficient_funds,retry_later,0.5093371699748408,632.3064429218666,1241.43,1
TXN_009572,1031.65,authentication_failed,customer_followup,0.5496527330050831,567.0492420046941,1031.65,1
TXN_009573,1108.3,authentication_failed,customer_followup,0.3482459970440968,385.9610385239725,1108.3,1
TXN_009574,116.13,network_error,retry,0.7081670289338339,82.23943707008613,116.13,1
TXN_009575,2710.9,insufficient_funds,retry_later,0.4393322028096899,1190.9856685967884,2710.9,1
TXN_009576,776.23,authentication_failed,customer_followup,0.4080419769064221,316.73442373407204,776.23,1
TXN_009577,361.31,insufficient_funds,retry_later,0.32883969772427113,118.8130711847564,0.0,0
TXN_009578,3839.86,authentication_failed,customer_followup,0.31967788097391475,1227.5183080364964,0.0,0
TXN_009579,612.77,limit_exceeded,alternate_payment,0.3533830982654587,216.54256112412514,612.77,1
TXN_009580,1288.62,card_expired,customer_followup,0.31474691288260254,405.5891668787792,1288.62,1
TXN_009581,7835.68,limit_exceeded,alternate_payment,0.5137965833242741,4025.9456120223485,7835.68,1
TXN_009582,441.77,network_error,retry_later,0.42590049173712924,188.1500602347116,0.0,0
TXN_009583,390.49,bank_decline,alternate_payment,0.30192447639498166,117.8984887874764,390.49,1
TXN_009584,2366.83,network_error,retry,0.884792023341926,2094.1523046063708,2366.83,1
TXN_009585,5707.22,limit_exceeded,alternate_payment,0.2990258792417829,1706.6064785262884,0.0,0
TXN_009586,374.52,network_error,retry_later,0.4173192947820047,156.2944222817564,0.0,0
TXN_009587,2718.1,insufficient_funds,retry_later,0.841924273058702,2288.4343666008576,2718.1,1
TXN_009588,3232.46,insufficient_funds,retry_later,0.5803743953413651,1876.0370179651493,3232.46,1
TXN_009589,230.64,bank_decline,alternate_payment,0.5223784093997543,120.48135634395933,230.64,1
TXN_009590,4017.85,insufficient_funds,retry_later,0.522583147815706,2099.6607004513344,0.0,0
TXN_009591,4344.24,card_expired,customer_followup,0.38187122055814193,1658.9402311975025,4344.24,1
TXN_009592,1323.74,limit_exceeded,alternate_payment,0.4984607455649268,659.8324273341162,1323.74,1
TXN_009593,6325.51,insufficient_funds,retry_later,0.7074418071861143,4474.930225773838,6325.51,1
TXN_009594,5633.33,bank_decline,alternate_payment,0.319070350892067,1797.4285797908076,5633.33,1
TXN_009595,2004.44,authentication_failed,customer_followup,0.4630875324607495,928.2311735656248,2004.44,1
TXN_009596,1151.19,insufficient_funds,retry_later,0.3193350280560557,367.6152909478508,1151.19,1
TXN_009597,683.46,limit_exceeded,alternate_payment,0.3731760906859791,255.0509309402393,683.46,1
TXN_009598,1741.39,network_error,retry,0.7719430189867964,1344.2538538334175,1741.39,1
TXN_009599,3196.33,network_error,retry,0.7662903950809488,2449.316978509089,3196.33,1
TXN_009600,1307.44,insufficient_funds,retry_later,0.7315009492043576,956.3936010277454,1307.44,1
TXN_009601,200.84,card_expired,customer_followup,0.5415149838181693,108.75786935004113,200.84,1
TXN_009602,6429.9,network_error,retry,0.5588559309624026,3593.3877504951524,6429.9,1
TXN_009603,2186.86,card_expired,customer_followup,0.8332843375007,1822.2761863067808,2186.86,1
TXN_009604,1236.91,bank_decline,alternate_payment,0.8285884942164539,1024.889394381274,1236.91,1
TXN_009605,4260.57,insufficient_funds,retry_later,0.43465853718521996,1851.8931237752324,4260.57,1
TXN_009606,8305.21,authentication_failed,customer_followup,0.35548160278603,2952.349362274564,0.0,0
TXN_009607,109.74,network_error,retry,0.8855409872705065,97.17926794306537,109.74,1
TXN_009608,2791.3,authentication_failed,customer_followup,0.43179764511479424,1205.2767668089252,2791.3,1
TXN_009609,434.13,limit_exceeded,alternate_payment,0.33372338614410935,144.87933362674218,434.13,1
TXN_009610,2978.31,network_error,retry_later,0.6394434997544585,1904.4609697537012,0.0,0
TXN_009611,2054.79,card_expired,customer_followup,0.669184058728547,1375.032712034831,2054.79,1
TXN_009612,3414.3,network_error,retry_later,0.6762268952688986,2308.8414885166003,3414.3,1
TXN_009613,1097.46,bank_decline,alternate_payment,0.5945223919551981,652.4645442751518,0.0,0
TXN_009614,277.76,card_expired,customer_followup,0.8401956678566667,233.37274870386773,277.76,1
TXN_009615,1152.43,limit_exceeded,alternate_payment,0.3153668190865552,363.4381833199188,0.0,0
TXN_009616,2715.82,authentication_failed,customer_followup,0.2528421948790194,686.6738896963384,0.0,0
TXN_009617,4991.0,card_expired,customer_followup,0.514151684153102,2566.131055608132,4991.0,1
TXN_009618,560.13,network_error,retry,0.6021902950728025,337.3048499791289,0.0,0
TXN_009619,5049.58,bank_decline,alternate_payment,0.8319806993592247,4201.153099870354,5049.58,1
TXN_009620,945.89,bank_decline,alternate_payment,0.5164415745207105,488.49692092339484,945.89,1
TXN_009621,2597.88,bank_decline,alternate_payment,0.7968485353989327,2070.1168731421794,2597.88,1
TXN_009622,1085.84,limit_exceeded,alternate_payment,0.7666726761114888,832.4838586288989,1085.84,1
TXN_009623,2169.32,limit_exceeded,alternate_payment,0.36516224765397964,792.1537670807312,2169.32,1
TXN_009624,4411.09,authentication_failed,customer_followup,0.38653541075390574,1705.042485022446,4411.09,1
TXN_009625,530.06,card_expired,customer_followup,0.3448277079654075,182.7793748841439,530.06,1
TXN_009626,916.07,insufficient_funds,retry_later,0.3101479214910258,284.11720644028406,916.07,1
TXN_009627,2175.39,authentication_failed,customer_followup,0.3559169283205885,774.258126699325,2175.39,1
TXN_009628,19961.96,card_expired,customer_followup,0.3221771065028111,6431.286512924855,0.0,0
TXN_009629,762.66,bank_decline,alternate_payment,0.6990864532868113,533.1652744637195,762.66,1
TXN_009630,13906.81,network_error,retry_later,0.3519606713992749,4894.65018462215,13906.81,1
TXN_009631,13418.95,network_error,retry,0.5280256918610844,7085.550357799299,13418.95,1
TXN_009632,1640.39,network_error,retry,0.5486424122689957,899.9875266619379,1640.39,1
TXN_009633,1341.91,limit_exceeded,alternate_payment,0.807720167968786,1083.8877705989937,1341.91,1
TXN_009634,905.0,network_error,retry_later,0.7016186339509172,634.96486372558,0.0,0
TXN_009635,1688.84,insufficient_funds,retry_later,0.30773662632165616,519.7179239970658,1688.84,1
TXN_009636,442.87,card_expired,customer_followup,0.42608406728475723,188.69985087840044,442.87,1
TXN_009637,1675.32,card_expired,customer_followup,0.23393650742118435,391.91850961285854,0.0,0
TXN_009638,8077.84,authentication_failed,customer_followup,0.34267691143634527,2768.0892622769675,8077.84,1
TXN_009639,981.34,network_error,retry_later,0.5637707780638602,553.2508153451886,981.34,1
TXN_009640,1421.23,authentication_failed,customer_followup,0.6929443978373031,984.8333665383103,1421.23,1
TXN_009641,329.92,network_error,retry_later,0.7096356669946573,234.12299925487736,329.92,1
TXN_009642,2628.22,insufficient_funds,retry_later,0.7634811429634858,2006.5964095594925,2628.22,1
TXN_009643,2355.44,insufficient_funds,retry_later,0.6836181543242685,1610.2215454215552,2355.44,1
TXN_009644,1926.97,bank_decline,alternate_payment,0.43579124957558657,839.756664194668,1926.97,1
TXN_009645,1455.6,network_error,retry,0.9148877717960977,1331.7106406263997,1455.6,1
TXN_009646,1349.17,limit_exceeded,alternate_payment,0.23539836104327988,317.5924067687619,0.0,0
TXN_009647,2986.63,network_error,retry,0.8959850174643905,2675.9757327096727,2986.63,1
TXN_009648,1756.68,card_expired,customer_followup,0.31531939733762665,553.915278915062,1756.68,1
TXN_009649,2477.42,insufficient_funds,retry_later,0.6651967518625934,1647.9717369994262,2477.42,1
TXN_009650,2241.68,limit_exceeded,alternate_payment,0.2681292097935825,601.059887010078,2241.68,1
TXN_009651,5560.41,card_expired,customer_followup,0.401239574701511,2231.0565435660287,5560.41,1
TXN_009652,3558.14,authentication_failed,customer_followup,0.7929960600108529,2821.591000967016,3558.14,1
TXN_009653,2192.64,card_expired,customer_followup,0.2971349643616247,651.5100082578726,2192.64,1
TXN_009654,8253.74,network_error,retry_later,0.7129122552721929,5884.192397830309,8253.74,1
TXN_009655,2752.51,card_expired,customer_followup,0.9021703163379506,2483.2328174233726,2752.51,1
TXN_009656,6667.25,bank_decline,alternate_payment,0.25776302666580053,1718.5705395375585,0.0,0
TXN_009657,3317.42,limit_exceeded,alternate_payment,0.48608120799041343,1612.5355210115574,0.0,0
TXN_009658,286.6,limit_exceeded,alternate_payment,0.6574094173048795,188.41353899957846,286.6,1
TXN_009659,6666.4,card_expired,customer_followup,0.5209171729146475,3472.6422415182055,6666.4,1
TXN_009660,2069.74,bank_decline,alternate_payment,0.5264032294720722,1089.5178201675267,0.0,0
TXN_009661,1716.5,network_error,retry_later,0.5152269129242448,884.3869960344663,0.0,0
TXN_009662,2395.5,authentication_failed,customer_followup,0.27391057258102075,656.1527766178352,2395.5,1
TXN_009663,1280.51,limit_exceeded,alternate_payment,0.701760276159776,898.6110512253547,1280.51,1
TXN_009664,2268.85,limit_exceeded,alternate_payment,0.37532590988906084,851.5581906517956,2268.85,1
TXN_009665,1000.37,insufficient_funds,retry_later,0.6466858921038943,646.9251658839727,1000.37,1
TXN_009666,6465.74,bank_decline,alternate_payment,0.35314907603746737,2283.370106898494,0.0,0
TXN_009667,1613.9,insufficient_funds,retry_later,0.7585157761501933,1224.168611128797,1613.9,1
TXN_009668,1233.26,authentication_failed,customer_followup,0.7591862835075367,936.2740759985047,1233.26,1
TXN_009669,717.0,card_expired,customer_followup,0.2666630430854168,191.19740189224382,0.0,0
TXN_009670,2365.57,authentication_failed,customer_followup,0.43892083505973944,1038.2979597922679,0.0,0
TXN_009671,2180.06,limit_exceeded,alternate_payment,0.46805953084595,1020.3978608160216,2180.06,1
TXN_009672,2666.24,authentication_failed,customer_followup,0.35685236464395176,951.4540487082899,2666.24,1
TXN_009673,647.26,limit_exceeded,alternate_payment,0.23954463853590832,155.04766273875202,647.26,1
TXN_009674,364.61,limit_exceeded,alternate_payment,0.3943972060619196,143.8011653022365,364.61,1
TXN_009675,3379.87,network_error,retry,0.8349570664781547,2822.046340277521,3379.87,1
TXN_009676,7979.59,bank_decline,alternate_payment,0.6723022623424291,5364.696409565024,7979.59,1
TXN_009677,647.84,limit_exceeded,alternate_payment,0.2603823693301842,168.68611414686654,0.0,0
TXN_009678,8861.23,authentication_failed,customer_followup,0.43404235956640613,3846.1491778606246,8861.23,1
TXN_009679,2401.65,limit_exceeded,alternate_payment,0.4364146291308713,1048.1151940521572,2401.65,1
TXN_009680,1795.32,limit_exceeded,alternate_payment,0.6411961496289759,1151.152271351893,1795.32,1
TXN_009681,1214.94,bank_decline,alternate_payment,0.43999607071381885,534.5688261530471,1214.94,1
TXN_009682,452.81,limit_exceeded,alternate_payment,0.26791960132449966,121.3166746757467,452.81,1
TXN_009683,4854.83,bank_decline,alternate_payment,0.7912053359130788,3841.1674009508924,4854.83,1
TXN_009684,832.47,authentication_failed,customer_followup,0.6380403367875674,531.1494391655463,0.0,0
TXN_009685,828.98,insufficient_funds,retry_later,0.866573032601094,718.3717125656549,828.98,1
TXN_009686,4875.25,authentication_failed,customer_followup,0.31042428435284264,1513.395992291196,4875.25,1
TXN_009687,275.07,network_error,retry_later,0.48559272664579667,133.57199131845928,275.07,1
TXN_009688,394.02,card_expired,customer_followup,0.38277502769616595,150.8210164128433,394.02,1
TXN_009689,1775.55,card_expired,customer_followup,0.3718369974052918,660.2151807429658,1775.55,1
TXN_009690,2424.27,network_error,retry,0.8250487359326811,2000.140899059521,2424.27,1
TXN_009691,2935.8,authentication_failed,customer_followup,0.3344734966470956,981.9472914565432,0.0,0
TXN_009692,1337.02,authentication_failed,customer_followup,0.3633192117389439,485.7650524792027,1337.02,1
TXN_009693,22705.66,authentication_failed,customer_followup,0.7160374678604766,16258.10329250091,22705.66,1
TXN_009694,1439.58,limit_exceeded,alternate_payment,0.2861227526221182,411.8965922197489,0.0,0
TXN_009695,1435.42,insufficient_funds,retry_later,0.39008607656807137,559.937356027341,1435.42,1
TXN_009696,814.86,card_expired,customer_followup,0.3131336839018823,255.1601136642878,814.86,1
TXN_009697,2046.54,insufficient_funds,retry_later,0.6262167225026755,1281.5775712706254,2046.54,1
TXN_009698,3344.13,bank_decline,alternate_payment,0.6941186633200309,2321.2230455684153,3344.13,1
TXN_009699,6024.43,limit_exceeded,alternate_payment,0.3447694342479646,2077.0393227664654,6024.43,1
TXN_009700,407.78,bank_decline,alternate_payment,0.703906937148325,287.03917083034395,407.78,1
TXN_009701,1413.76,network_error,retry_later,0.6672770024993899,943.3695350535374,0.0,0
TXN_009702,2826.24,insufficient_funds,retry_later,0.4996664551638281,1412.1773222422175,2826.24,1
TXN_009703,3252.1,authentication_failed,customer_followup,0.4606598368148158,1498.1118553054625,3252.1,1
TXN_009704,1819.92,authentication_failed,customer_followup,0.48008174400372533,873.7103675472598,0.0,0
TXN_009705,3110.14,insufficient_funds,retry_later,0.7841747737249739,2438.89333075299,3110.14,1
TXN_009706,805.16,authentication_failed,customer_followup,0.35164842783024847,283.13324815180283,805.16,1
TXN_009707,8586.15,authentication_failed,customer_followup,0.43631681775685527,3746.281644783023,8586.15,1
TXN_009708,4878.67,insufficient_funds,retry_later,0.735069123830161,3586.1596823564914,4878.67,1
TXN_009709,471.1,bank_decline,alternate_payment,0.4892609719155995,230.49084386943892,471.1,1
TXN_009710,617.02,insufficient_funds,retry_later,0.36462074530141964,224.97829226588195,617.02,1
TXN_009711,634.65,card_expired,customer_followup,0.6991052657136652,443.68715688517756,634.65,1
TXN_009712,3561.62,card_expired,customer_followup,0.2169199010795385,772.5862580829059,0.0,0
TXN_009713,500.33,limit_exceeded,alternate_payment,0.5956618684654267,298.02750264930694,500.33,1
TXN_009714,1298.51,card_expired,customer_followup,0.5844276728366951,758.8851774551769,1298.51,1
TXN_009715,2848.95,network_error,retry_later,0.6093241185340101,1735.9339474974681,2848.95,1
TXN_009716,1692.28,network_error,retry,0.714413686400423,1208.987993221708,1692.28,1
TXN_009717,2342.3,bank_decline,alternate_payment,0.7009047247044813,1641.7291366753066,2342.3,1
TXN_009718,622.78,insufficient_funds,retry_later,0.4762916170471785,296.6248932646418,622.78,1
TXN_009719,3277.56,bank_decline,alternate_payment,0.2599387636845404,851.9648943019022,3277.56,1
TXN_009720,979.25,card_expired,customer_followup,0.5550352517589471,543.5182702849489,979.25,1
TXN_009721,1306.86,card_expired,customer_followup,0.43667167899809767,570.6687504154539,0.0,0
TXN_009722,2293.26,network_error,retry,0.6020699141632371,1380.7028513539851,2293.26,1
TXN_009723,2004.36,card_expired,customer_followup,0.47486649331348046,951.8034045378076,2004.36,1
TXN_009724,1851.92,limit_exceeded,alternate_payment,0.42470950479780234,786.5280261251461,1851.92,1
TXN_009725,853.52,network_error,retry,0.6947263116582791,592.9628015265744,853.52,1
TXN_009726,1340.03,bank_decline,alternate_payment,0.3307390781715159,443.2002869221764,0.0,0
TXN_009727,1811.99,insufficient_funds,retry_later,0.3000085177147386,543.6124340139291,0.0,0
TXN_009728,457.11,limit_exceeded,alternate_payment,0.5283341171747683,241.50680830175835,457.11,1
TXN_009729,1138.5,insufficient_funds,retry_later,0.32939597841307444,375.01732142328524,1138.5,1
TXN_009730,2664.26,insufficient_funds,retry_later,0.4136719755159236,1102.1296974880547,2664.26,1
TXN_009731,503.99,insufficient_funds,retry_later,0.38203237061453976,192.5404944660219,503.99,1
TXN_009732,5747.85,authentication_failed,customer_followup,0.6705410397667451,3854.1693154232858,5747.85,1
TXN_009733,6435.68,limit_exceeded,alternate_payment,0.3935711680033177,2532.898094495592,6435.68,1
TXN_009734,520.53,bank_decline,alternate_payment,0.8744322634657498,455.1682261018267,520.53,1
TXN_009735,7027.73,limit_exceeded,alternate_payment,0.4758255336146667,3343.973377349801,0.0,0
TXN_009736,1566.22,limit_exceeded,alternate_payment,0.41687212632936926,652.9134616995848,1566.22,1
TXN_009737,2747.69,network_error,retry_later,0.6691396035542618,1838.5881972900097,0.0,0
TXN_009738,1100.31,bank_decline,alternate_payment,0.4346331500575692,478.23120133984395,1100.31,1
TXN_009739,4550.74,bank_decline,alternate_payment,0.716726154327525,3261.634379544441,4550.74,1
TXN_009740,2713.77,authentication_failed,customer_followup,0.4178038658602661,1133.8235970556143,2713.77,1
TXN_009741,800.99,authentication_failed,customer_followup,0.40556873409729954,324.85650032459597,800.99,1
TXN_009742,563.86,insufficient_funds,retry_later,0.3631895149878488,204.78803992104844,563.86,1
TXN_009743,419.77,limit_exceeded,alternate_payment,0.4308896769894657,180.874559709868,0.0,0
TXN_009744,2181.88,insufficient_funds,retry_later,0.6742902310825709,1471.2203693944398,2181.88,1
TXN_009745,3205.01,card_expired,customer_followup,0.4276020094545696,1370.4687163219903,3205.01,1
TXN_009746,3466.73,card_expired,customer_followup,0.3185742337519565,1104.4108533749202,0.0,0
TXN_009747,1606.83,authentication_failed,customer_followup,0.4238819685868801,681.1062635844565,0.0,0
TXN_009748,568.5,insufficient_funds,retry_later,0.2835610263947023,161.20444350538827,568.5,1
TXN_009749,914.09,network_error,retry,0.7140757351448799,652.7294887385833,914.09,1
TXN_009750,5723.57,authentication_failed,customer_followup,0.26445266376404164,1513.6133327399557,0.0,0
TXN_009751,1113.62,card_expired,customer_followup,0.36185681793897195,402.9709895931979,1113.62,1
TXN_009752,2086.86,bank_decline,alternate_payment,0.4230413440323536,882.8280592073575,2086.86,1
TXN_009753,616.68,network_error,retry_later,0.5345873991156025,329.66935728660974,616.68,1
TXN_009754,2531.54,limit_exceeded,alternate_payment,0.2849686902739965,721.4096381762331,0.0,0
TXN_009755,1144.03,network_error,retry,0.7576362388809652,866.7585863669906,1144.03,1
TXN_009756,5149.8,authentication_failed,customer_followup,0.2947124498136781,1517.7101740504795,5149.8,1
TXN_009757,3918.87,card_expired,customer_followup,0.5229961172464592,2049.5537939936316,3918.87,1
TXN_009758,1101.35,network_error,retry,0.5219998328643357,574.9045159251361,0.0,0
TXN_009759,1592.94,bank_decline,alternate_payment,0.8787395319991511,1399.779350102728,1592.94,1
TXN_009760,1041.99,insufficient_funds,retry_later,0.7109416699429836,740.7941106638895,1041.99,1
TXN_009761,437.28,authentication_failed,customer_followup,0.4130538109275551,180.62017044240127,0.0,0
TXN_009762,767.05,card_expired,customer_followup,0.7660722436949223,587.6157145261901,767.05,1
TXN_009763,2204.41,card_expired,customer_followup,0.4101014755905477,904.0317938065592,0.0,0
TXN_009764,2503.04,limit_exceeded,alternate_payment,0.36164150728858163,905.2031584036114,0.0,0
TXN_009765,2097.6,network_error,retry,0.803404000084668,1685.2202305775995,2097.6,1
TXN_009766,1337.11,authentication_failed,customer_followup,0.8402965953377651,1123.568980592079,1337.11,1
TXN_009767,4596.57,insufficient_funds,retry_later,0.8184653130652504,3762.1331040763375,4596.57,1
TXN_009768,1926.66,insufficient_funds,retry_later,0.6587947569066648,1269.273506341795,1926.66,1
TXN_009769,3652.82,card_expired,customer_followup,0.41152025304354833,1503.2094107225344,0.0,0
TXN_009770,306.81,card_expired,customer_followup,0.497347792833562,152.59127631926515,306.81,1
TXN_009771,35.79,insufficient_funds,retry_later,0.5229084416617225,18.714893127073047,35.79,1
TXN_009772,2401.35,bank_decline,alternate_payment,0.5836596128708671,1401.5710113674565,2401.35,1
TXN_009773,434.95,card_expired,customer_followup,0.24440760911286877,106.30508958364227,434.95,1
TXN_009774,1461.98,limit_exceeded,alternate_payment,0.7045403743833556,1030.0239365409782,1461.98,1
TXN_009775,1336.62,limit_exceeded,alternate_payment,0.7351756663633504,982.6504991745813,1336.62,1
TXN_009776,8843.17,authentication_failed,customer_followup,0.3548677627668525,3138.155953666947,8843.17,1
TXN_009777,2697.27,limit_exceeded,alternate_payment,0.4272205656803818,1152.3292151927235,2697.27,1
TXN_009778,2134.23,network_error,retry,0.8983289924992343,1917.2406856616408,0.0,0
TXN_009779,4175.51,card_expired,customer_followup,0.5273453906318724,2201.9359520372896,4175.51,1
TXN_009780,2613.64,bank_decline,alternate_payment,0.38003810501725255,993.2827927972919,0.0,0
TXN_009781,1144.04,limit_exceeded,alternate_payment,0.3510030422212718,401.5615204228238,1144.04,1
TXN_009782,5278.92,network_error,retry,0.8150988103054689,4302.8414116977465,5278.92,1
TXN_009783,596.01,limit_exceeded,alternate_payment,0.36243929057411517,216.01744157507838,0.0,0
TXN_009784,2498.0,bank_decline,alternate_payment,0.8597147498878119,2147.567445219754,2498.0,1
TXN_009785,384.69,bank_decline,alternate_payment,0.6066404891993661,233.36852979010413,384.69,1
TXN_009786,2217.07,network_error,retry,0.8411920809317369,1864.9817268713261,2217.07,1
TXN_009787,2192.92,card_expired,customer_followup,0.7972676418428692,1748.3441571500648,2192.92,1
TXN_009788,9666.82,limit_exceeded,alternate_payment,0.5335960659010728,5158.177121773808,9666.82,1
TXN_009789,378.05,limit_exceeded,alternate_payment,0.5019852129005907,189.77550973706832,378.05,1
TXN_009790,991.39,insufficient_funds,retry_later,0.5931036354522647,587.9970131510207,991.39,1
TXN_009791,4116.19,limit_exceeded,alternate_payment,0.375049866870133,1543.7765115121724,4116.19,1
TXN_009792,2528.34,network_error,retry_later,0.6342899763839009,1603.7007188904722,2528.34,1
TXN_009793,2165.28,network_error,retry,0.8296853381855094,1796.5010690663198,2165.28,1
TXN_009794,694.97,insufficient_funds,retry_later,0.6723303305908468,467.24940985072084,694.97,1
TXN_009795,1001.43,network_error,retry,0.7444006468508225,745.4651397758191,1001.43,1
TXN_009796,6279.47,limit_exceeded,alternate_payment,0.38525741007852754,2419.2123488658112,6279.47,1
TXN_009797,1717.27,authentication_failed,customer_followup,0.7722018740989568,1326.0791123339154,0.0,0
TXN_009798,2631.63,card_expired,customer_followup,0.32758723173545146,862.0883866519662,0.0,0
TXN_009799,1611.32,insufficient_funds,retry_later,0.6638006245828643,1069.5952224028608,1611.32,1
TXN_009800,553.86,card_expired,customer_followup,0.4410665183565684,244.28910185696898,0.0,0
TXN_009801,4599.99,insufficient_funds,retry_later,0.3429206064117705,1577.4313602880802,0.0,0
TXN_009802,2990.61,network_error,retry_later,0.7341021841790027,2195.4133330275677,2990.61,1
TXN_009803,18135.69,network_error,retry_later,0.5265814473046934,9549.917888069254,18135.69,1
TXN_009804,654.86,card_expired,customer_followup,0.46994101279947925,307.745571641867,654.86,1
TXN_009805,4115.74,bank_decline,alternate_payment,0.5121111918829011,2107.716516880131,4115.74,1
TXN_009806,487.09,authentication_failed,customer_followup,0.29228399369831154,142.36861049051055,0.0,0
TXN_009807,2116.13,card_expired,customer_followup,0.2851569637596002,603.4292057206028,0.0,0
TXN_009808,4800.65,network_error,retry_later,0.5113004411704605,2454.574462904971,0.0,0
TXN_009809,227.66,card_expired,customer_followup,0.3439905280143053,78.31288360773674,0.0,0
TXN_009810,1473.02,card_expired,customer_followup,0.8211056575121909,1209.5050556286074,1473.02,1
TXN_009811,1029.46,network_error,retry_later,0.5604826789398802,576.9944986614491,1029.46,1
TXN_009812,896.09,limit_exceeded,alternate_payment,0.3519774076005947,315.4034351768169,0.0,0
TXN_009813,2657.69,bank_decline,alternate_payment,0.6885502523460153,1829.9531201574814,2657.69,1
TXN_009814,5545.19,limit_exceeded,alternate_payment,0.7712025749847538,4276.464806779706,5545.19,1
TXN_009815,1582.44,limit_exceeded,alternate_payment,0.3102792572046248,490.99830777088647,0.0,0
TXN_009816,2220.5,insufficient_funds,retry_later,0.3533554014649947,784.6256689530207,0.0,0
TXN_009817,2026.99,bank_decline,alternate_payment,0.3560402836608124,721.6900945776301,2026.99,1
TXN_009818,1811.31,network_error,retry,0.7618102056206235,1379.8744435426916,1811.31,1
TXN_009819,608.29,card_expired,customer_followup,0.49405812410822714,300.5306163137935,608.29,1
TXN_009820,5477.72,authentication_failed,customer_followup,0.7861135307987466,4306.10980992691,5477.72,1
TXN_009821,2428.9,insufficient_funds,retry_later,0.38285329513153993,929.9123685449973,2428.9,1
TXN_009822,2683.51,limit_exceeded,alternate_payment,0.5337006166105422,1432.1909416805563,2683.51,1
TXN_009823,807.13,limit_exceeded,alternate_payment,0.40404781005862,326.119108932614,0.0,0
TXN_009824,1142.28,card_expired,customer_followup,0.43173775734121933,493.165405455728,1142.28,1
TXN_009825,1516.05,bank_decline,alternate_payment,0.40925405229794265,620.449605986296,1516.05,1
TXN_009826,389.89,insufficient_funds,retry_later,0.3834328066141115,149.49661697077593,0.0,0
TXN_009827,334.28,authentication_failed,customer_followup,0.36273327738832534,121.25447996536938,334.28,1
TXN_009828,991.53,bank_decline,alternate_payment,0.5667932778760526,561.9925388124424,991.53,1
TXN_009829,3048.85,insufficient_funds,retry_later,0.7791428495302051,2375.4896767901655,3048.85,1
TXN_009830,940.92,limit_exceeded,alternate_payment,0.44283769879736967,416.67484755242106,940.92,1
TXN_009831,652.75,card_expired,customer_followup,0.33360757085150505,217.7623418733199,652.75,1
TXN_009832,800.56,limit_exceeded,alternate_payment,0.5271266545897766,421.9965145983915,0.0,0
TXN_009833,1146.72,authentication_failed,customer_followup,0.6854477444430628,786.016637507749,1146.72,1
TXN_009834,1269.2,card_expired,customer_followup,0.35194603025352655,446.68990159777593,0.0,0
TXN_009835,15764.59,network_error,retry_later,0.4079680707331591,6431.449368199253,15764.59,1
TXN_009836,5190.68,authentication_failed,customer_followup,0.2860047630420561,1484.5592034271397,5190.68,1
TXN_009837,5038.05,insufficient_funds,retry_later,0.5978712312704482,3012.1051567020813,0.0,0
TXN_009838,5817.24,network_error,retry_later,0.6166540370551516,3587.2245305187103,5817.24,1
TXN_009839,665.93,network_error,retry_later,0.629008917449044,418.8759083968418,0.0,0
TXN_009840,532.53,card_expired,customer_followup,0.7115572097437639,378.9255609048466,532.53,1
TXN_009841,597.72,insufficient_funds,retry_later,0.44389767014604675,265.3265153996951,0.0,0
TXN_009842,6867.16,bank_decline,alternate_payment,0.5958879331079856,4092.0577787218344,0.0,0
TXN_009843,1046.08,network_error,retry_later,0.7635486753377076,798.7329982972692,1046.08,1
TXN_009844,517.31,limit_exceeded,alternate_payment,0.8303903689544325,429.56924176381744,517.31,1
TXN_009845,1174.98,authentication_failed,customer_followup,0.5581035078571684,655.7604596620158,1174.98,1
TXN_009846,1424.24,authentication_failed,customer_followup,0.44969947770852325,640.4799841315871,1424.24,1
TXN_009847,2364.72,bank_decline,alternate_payment,0.5718463004501452,1352.2563836004672,0.0,0
TXN_009848,2323.78,limit_exceeded,alternate_payment,0.47251090024723696,1098.0113797765243,2323.78,1
TXN_009849,789.83,network_error,retry_later,0.39123923536369887,309.0124852673103,0.0,0
TXN_009850,3589.1,limit_exceeded,alternate_payment,0.5819195087553684,2088.5673088738927,3589.1,1
TXN_009851,954.14,bank_decline,alternate_payment,0.8685230548770994,828.6925875804355,954.14,1
TXN_009852,1546.46,authentication_failed,customer_followup,0.36619719822695496,566.3093191700568,0.0,0
TXN_009853,3593.11,authentication_failed,customer_followup,0.7980964770442333,2867.6484326324053,3593.11,1
TXN_009854,951.63,insufficient_funds,retry_later,0.7489662813168623,712.7387822895656,951.63,1
TXN_009855,1023.16,network_error,retry_later,0.6424789344199683,657.3587465411347,0.0,0
TXN_009856,3267.13,card_expired,customer_followup,0.5185035137701047,1694.0183849437224,3267.13,1
TXN_009857,766.83,authentication_failed,customer_followup,0.2798714339469737,214.61381169355786,766.83,1
TXN_009858,1230.54,card_expired,customer_followup,0.5301200111434454,652.3338785124553,1230.54,1
TXN_009859,3151.84,insufficient_funds,retry_later,0.7390817500940783,2329.46742321652,3151.84,1
TXN_009860,14102.29,limit_exceeded,alternate_payment,0.36341664989349287,5125.006987626506,14102.29,1
TXN_009861,3312.32,limit_exceeded,alternate_payment,0.32607475754649884,1080.0639409164191,0.0,0
TXN_009862,2900.5,network_error,retry,0.7894224349194034,2289.7197724837297,2900.5,1
TXN_009863,3074.2,bank_decline,alternate_payment,0.6555625853266371,2015.3304998111478,0.0,0
TXN_009864,618.2,network_error,retry,0.7126657402718691,440.56996063606954,618.2,1
TXN_009865,2029.61,authentication_failed,customer_followup,0.40738192744848056,826.8264337687106,0.0,0
TXN_009866,1755.02,card_expired,customer_followup,0.4139535288445978,726.496722192846,1755.02,1
TXN_009867,2493.85,card_expired,customer_followup,0.41977037782434884,1046.8443567372524,2493.85,1
TXN_009868,2031.46,bank_decline,alternate_payment,0.5883309207697873,1195.1707323069922,2031.46,1
TXN_009869,2643.08,card_expired,customer_followup,0.3351390381150687,885.7992888611757,0.0,0
TXN_009870,1324.16,limit_exceeded,alternate_payment,0.3991575926621095,528.548517899459,1324.16,1
TXN_009871,1917.18,network_error,retry,0.679586141338828,1302.8889584519743,1917.18,1
TXN_009872,529.63,network_error,retry_later,0.5435239097519133,287.86656832190585,529.63,1
TXN_009873,1313.03,network_error,retry,0.8001411885895267,1050.6093848537062,1313.03,1
TXN_009874,7265.07,network_error,retry_later,0.5701157001263939,4141.9304695172605,7265.07,1
TXN_009875,2486.94,bank_decline,alternate_payment,0.6533646718663454,1624.8787370512891,2486.94,1
TXN_009876,1770.61,card_expired,customer_followup,0.40494798469565263,717.0049511819694,1770.61,1
TXN_009877,12041.61,limit_exceeded,alternate_payment,0.2911551847885058,3505.9771847011198,12041.61,1
TXN_009878,463.67,bank_decline,alternate_payment,0.3232868554621469,149.89841627213366,463.67,1
TXN_009879,596.18,card_expired,customer_followup,0.26856427089940144,160.11264702480514,0.0,0
TXN_009880,10023.74,authentication_failed,customer_followup,0.3886939675896635,3896.1672706872137,10023.74,1
TXN_009881,1893.08,network_error,retry,0.8983955040884248,1700.7345608797152,1893.08,1
TXN_009882,1418.59,bank_decline,alternate_payment,0.7021065401886195,996.0013168461737,1418.59,1
TXN_009883,545.01,network_error,retry_later,0.513739397760514,279.99310917345775,545.01,1
TXN_009884,2829.05,card_expired,customer_followup,0.5937193449327726,1679.6617127820602,0.0,0
TXN_009885,3116.48,card_expired,customer_followup,0.593228019992972,1848.7832597476975,3116.48,1
TXN_009886,605.17,limit_exceeded,alternate_payment,0.67840471283467,410.55018006615717,605.17,1
TXN_009887,1571.4,network_error,retry_later,0.6786943105475349,1066.5002395943964,0.0,0
TXN_009888,1292.69,authentication_failed,customer_followup,0.3785417664840349,489.3371561162471,0.0,0
TXN_009889,2335.49,bank_decline,alternate_payment,0.5531523984521147,1291.8818950609293,2335.49,1
TXN_009890,590.37,limit_exceeded,alternate_payment,0.3618633748679581,213.63328062079643,590.37,1
TXN_009891,6322.99,authentication_failed,customer_followup,0.3618399860264032,2287.910613245087,6322.99,1
TXN_009892,4518.0,card_expired,customer_followup,0.752619787792544,3400.3362012467137,4518.0,1
TXN_009893,1257.43,authentication_failed,customer_followup,0.4960041687948705,623.6905219677341,0.0,0
TXN_009894,1456.19,bank_decline,alternate_payment,0.6705692034463681,976.4761683665668,1456.19,1
TXN_009895,1577.47,insufficient_funds,retry_later,0.4943360315292612,779.8002596564637,0.0,0
TXN_009896,830.22,insufficient_funds,retry_later,0.3986097063612423,330.93375041523063,830.22,1
TXN_009897,1160.46,insufficient_funds,retry_later,0.4668002740280379,541.703045998577,0.0,0
TXN_009898,1379.85,network_error,retry,0.8938608881404564,1233.3939465006088,1379.85,1
TXN_009899,9071.28,card_expired,customer_followup,0.35489068842209975,3219.312804069625,0.0,0
TXN_009900,4659.29,network_error,retry_later,0.4082258001197793,1902.0423882400867,4659.29,1
TXN_009901,4603.88,insufficient_funds,retry_later,0.8129062815024716,3742.522971283599,4603.88,1
TXN_009902,2617.37,bank_decline,alternate_payment,0.687687852257485,1799.9335538631733,2617.37,1
TXN_009903,591.51,limit_exceeded,alternate_payment,0.7570423824045327,447.7981396161051,591.51,1
TXN_009904,1734.56,limit_exceeded,alternate_payment,0.7186621440572771,1246.5626085959905,1734.56,1
TXN_009905,4771.85,card_expired,customer_followup,0.42990259478631365,2051.430696931071,0.0,0
TXN_009906,513.75,network_error,retry_later,0.5843426163129699,300.20601913078826,513.75,1
TXN_009907,3417.12,authentication_failed,customer_followup,0.5373907842575485,1836.328796702154,0.0,0
TXN_009908,18446.12,limit_exceeded,alternate_payment,0.31505499051496483,5811.542161637903,18446.12,1
TXN_009909,5228.17,limit_exceeded,alternate_payment,0.45430387334851896,2375.1778815245266,5228.17,1
TXN_009910,7435.56,authentication_failed,customer_followup,0.7565468582624577,5625.3495574220005,7435.56,1
TXN_009911,2249.22,bank_decline,alternate_payment,0.3188557318119949,717.1766891061751,2249.22,1
TXN_009912,4759.66,limit_exceeded,alternate_payment,0.2646689683319323,1259.734301810765,0.0,0
TXN_009913,881.96,network_error,retry_later,0.4418757461660378,389.71673308859874,881.96,1
TXN_009914,4007.26,card_expired,customer_followup,0.5471782765989087,2192.685620683743,4007.26,1
TXN_009915,3478.61,insufficient_funds,retry_later,0.5008183761972054,1742.1518116233606,3478.61,1
TXN_009916,2416.1,insufficient_funds,retry_later,0.4552189899576671,1099.8546016367193,0.0,0
TXN_009917,6741.3,card_expired,customer_followup,0.5866059143595255,3954.4864504718694,6741.3,1
TXN_009918,1054.91,limit_exceeded,alternate_payment,0.5122371068836697,540.3640464226521,1054.91,1
TXN_009919,1499.58,bank_decline,alternate_payment,0.5689026836814006,853.1150863949547,1499.58,1
TXN_009920,1989.15,authentication_failed,customer_followup,0.6799340531185842,1352.490821760832,1989.15,1
TXN_009921,645.73,bank_decline,alternate_payment,0.6634226184918045,428.39188743871296,645.73,1
TXN_009922,2268.63,bank_decline,alternate_payment,0.8595058476305859,1949.900751110176,2268.63,1
TXN_009923,324.11,card_expired,customer_followup,0.5427147037959497,175.89926264730525,324.11,1
TXN_009924,5151.04,network_error,retry,0.655232242708773,3375.127491482598,5151.04,1
TXN_009925,1894.36,limit_exceeded,alternate_payment,0.2930810657075777,555.2010476338069,1894.36,1
TXN_009926,1073.96,limit_exceeded,alternate_payment,0.5794773205587619,622.3354631872879,1073.96,1
TXN_009927,784.95,network_error,retry_later,0.5155653360119495,404.6930105025798,784.95,1
TXN_009928,1429.99,insufficient_funds,retry_later,0.378809643819002,541.6940025647347,0.0,0
TXN_009929,3598.45,authentication_failed,customer_followup,0.4929291800161416,1773.7810078290847,0.0,0
TXN_009930,3126.72,authentication_failed,customer_followup,0.36346504666456847,1136.4534307070394,0.0,0
TXN_009931,892.89,insufficient_funds,retry_later,0.668732679834013,597.1047224969918,0.0,0
TXN_009932,775.85,authentication_failed,customer_followup,0.3472075870831741,269.38100643848065,775.85,1
TXN_009933,3487.35,authentication_failed,customer_followup,0.45435133893198876,1584.482141824471,3487.35,1
TXN_009934,878.01,network_error,retry,0.8124972927415601,713.3807480000172,878.01,1
TXN_009935,1919.67,authentication_failed,customer_followup,0.874682195979094,1679.1011711551876,1919.67,1
TXN_009936,2046.23,insufficient_funds,retry_later,0.33365755985950785,682.7401087113208,2046.23,1
TXN_009937,2470.22,card_expired,customer_followup,0.5665592201159468,1399.525916714814,2470.22,1
TXN_009938,4265.31,limit_exceeded,alternate_payment,0.5223320270784075,2227.908018417803,4265.31,1
TXN_009939,511.34,bank_decline,alternate_payment,0.19773513122307346,101.10988199960637,0.0,0
TXN_009940,267.43,bank_decline,alternate_payment,0.48300278693107707,129.16943530897794,0.0,0
TXN_009941,1025.11,insufficient_funds,retry_later,0.6233917100393913,639.0450758784804,0.0,0
TXN_009942,10954.75,card_expired,customer_followup,0.8009383050905472,8774.078897690672,10954.75,1
TXN_009943,13659.28,bank_decline,alternate_payment,0.6692955635613785,9142.095505442667,13659.28,1
TXN_009944,11284.41,insufficient_funds,retry_later,0.6407560375962411,7230.553838211399,11284.41,1
TXN_009945,1490.73,limit_exceeded,alternate_payment,0.3801255217035065,566.6645189690682,1490.73,1
TXN_009946,304.26,limit_exceeded,alternate_payment,0.7728403766748255,235.14441300708242,304.26,1
TXN_009947,173.64,limit_exceeded,alternate_payment,0.3286278554951768,57.0629408281825,173.64,1
TXN_009948,978.44,limit_exceeded,alternate_payment,0.2987024267445778,292.2624024239647,978.44,1
TXN_009949,1483.15,card_expired,customer_followup,0.44889007296011896,665.7713117108004,1483.15,1
TXN_009950,6638.39,bank_decline,alternate_payment,0.6460626413041964,4288.815777407365,6638.39,1
TXN_009951,4306.18,insufficient_funds,retry_later,0.3979726733508244,1713.7419665298532,4306.18,1
TXN_009952,2269.7,insufficient_funds,retry_later,0.6888775089143666,1563.5452819829377,2269.7,1
TXN_009953,742.6,authentication_failed,customer_followup,0.6627894459682948,492.18744257605573,742.6,1
TXN_009954,691.75,bank_decline,alternate_payment,0.5461528319185509,377.8012214796576,691.75,1
TXN_009955,2331.17,network_error,retry_later,0.5851804419360582,1364.1550908280808,2331.17,1
TXN_009956,3630.23,network_error,retry,0.6096515586011946,2213.1753775808147,3630.23,1
TXN_009957,2675.47,insufficient_funds,retry_later,0.3241071799113865,867.1390366375172,0.0,0
TXN_009958,642.52,card_expired,customer_followup,0.8130558571282138,522.40464932202,642.52,1
TXN_009959,3465.69,card_expired,customer_followup,0.280156738269138,970.936406251969,0.0,0
TXN_009960,2768.08,insufficient_funds,retry_later,0.5197542516259904,1438.7213488408715,2768.08,1
TXN_009961,619.76,authentication_failed,customer_followup,0.28159172594579207,174.5192880721641,619.76,1
TXN_009962,825.24,limit_exceeded,alternate_payment,0.444372267027672,366.7137696419161,825.24,1
TXN_009963,3599.3,insufficient_funds,retry_later,0.3148856821002244,1133.3680355833376,3599.3,1
TXN_009964,1430.09,network_error,retry_later,0.4241665471240455,606.5963373766263,0.0,0
TXN_009965,8858.63,authentication_failed,customer_followup,0.30646487679205525,2714.858951496404,8858.63,1
TXN_009966,2984.33,limit_exceeded,alternate_payment,0.5294708121661444,1580.1156288717898,2984.33,1
TXN_009967,1111.39,card_expired,customer_followup,0.5588671931924061,621.1194098421082,0.0,0
TXN_009968,1789.68,network_error,retry_later,0.7171082332857492,1283.3942629468397,1789.68,1
TXN_009969,1926.35,card_expired,customer_followup,0.5326995639656369,1026.1658050452045,0.0,0
TXN_009970,872.72,card_expired,customer_followup,0.31927830756567965,278.64056457871993,872.72,1
TXN_009971,725.9,network_error,retry,0.5607230818743476,407.0288851325889,725.9,1
TXN_009972,3646.01,network_error,retry,0.7582442255320678,2764.566028732175,0.0,0
TXN_009973,4210.23,card_expired,customer_followup,0.3046798722021316,1282.7723383415805,0.0,0
TXN_009974,3306.95,bank_decline,alternate_payment,0.4466105199476521,1476.918658940888,3306.95,1
TXN_009975,8228.16,authentication_failed,customer_followup,0.21886101251985435,1800.8234287753646,8228.16,1
TXN_009976,1051.77,limit_exceeded,alternate_payment,0.2252662067820912,236.92823830720005,1051.77,1
TXN_009977,9645.73,bank_decline,alternate_payment,0.6124568787550515,5907.593689113963,9645.73,1
TXN_009978,734.42,bank_decline,alternate_payment,0.6139398542881437,450.88970778629846,0.0,0
TXN_009979,656.76,limit_exceeded,alternate_payment,0.46442241927169103,305.0140680808758,0.0,0
TXN_009980,311.08,bank_decline,alternate_payment,0.36689876016335965,114.13486631161791,311.08,1
TXN_009981,1157.72,card_expired,customer_followup,0.47896721611778353,554.5099254438803,1157.72,1
TXN_009982,1092.56,bank_decline,alternate_payment,0.517459649318267,565.3557144591658,1092.56,1
TXN_009983,3059.29,card_expired,customer_followup,0.8801069386404187,2692.5023563132463,3059.29,1
TXN_009984,2307.43,authentication_failed,customer_followup,0.3477864354495293,802.4928547493073,0.0,0
TXN_009985,548.41,insufficient_funds,retry_later,0.7598141283599573,416.68966613388415,548.41,1
TXN_009986,1220.81,card_expired,customer_followup,0.586435089287415,715.925821352969,1220.81,1
TXN_009987,1247.05,card_expired,customer_followup,0.5714356934015092,712.608881456352,1247.05,1
TXN_009988,306.13,limit_exceeded,alternate_payment,0.6784597932425783,207.6968965053505,306.13,1
TXN_009989,677.94,limit_exceeded,alternate_payment,0.7795692045120093,528.5011465068716,677.94,1
TXN_009990,836.47,bank_decline,alternate_payment,0.601884265413518,503.45813149044545,836.47,1
TXN_009991,7582.7,bank_decline,alternate_payment,0.6246961154403997,4736.883234549919,7582.7,1
TXN_009992,2189.55,limit_exceeded,alternate_payment,0.30061695260447685,658.2158485751323,2189.55,1
TXN_009993,3505.78,network_error,retry,0.7200694429819849,2524.4050518173835,3505.78,1
TXN_009994,403.98,limit_exceeded,alternate_payment,0.3920387760194118,158.375824736322,0.0,0
TXN_009995,5968.28,limit_exceeded,alternate_payment,0.3226284551304145,1925.5369561857501,5968.28,1
TXN_009996,6641.56,limit_exceeded,alternate_payment,0.3870658020223182,2570.720748079348,0.0,0
TXN_009997,245.1,card_expired,customer_followup,0.36056585369315386,88.37469074019201,0.0,0
TXN_009998,893.09,card_expired,customer_followup,0.37874275084784925,338.2513633547057,0.0,0
TXN_009999,2968.36,card_expired,customer_followup,0.48603696385566986,1442.7326820306162,2968.36,1
TXN_010000,3444.0,limit_exceeded,alternate_payment,0.6586305909384162,2268.3237551919055,3444.0,1
